ISO-10303-21;
HEADER;
/* Generated by software containing ST-Developer
 * from STEP Tools, Inc. (www.steptools.com) 
 */

FILE_DESCRIPTION(
/* description */ (''),
/* implementation_level */ '2;1');

FILE_NAME(
/* name */ 'main body.step',
/* time_stamp */ '2024-08-03T17:33:15-07:00',
/* author */ (''),
/* organization */ (''),
/* preprocessor_version */ 'ST-DEVELOPER v20',
/* originating_system */ 'Autodesk Translation Framework v12.14.0.127',

/* authorisation */ '');

FILE_SCHEMA (('AUTOMOTIVE_DESIGN { 1 0 10303 214 3 1 1 }'));
ENDSEC;

DATA;
#10=MECHANICAL_DESIGN_GEOMETRIC_PRESENTATION_REPRESENTATION('',(#13),#7609);
#11=SHAPE_REPRESENTATION_RELATIONSHIP('SRR','None',#7616,#12);
#12=ADVANCED_BREP_SHAPE_REPRESENTATION('',(#4640),#7608);
#13=STYLED_ITEM('',(#7626),#4640);
#14=B_SPLINE_CURVE_WITH_KNOTS('',3,(#6675,#6676,#6677,#6678,#6679,#6680),
 .UNSPECIFIED.,.F.,.F.,(4,2,4),(5.05210763988935E-9,0.0511934568625134,
0.102385540148578),.UNSPECIFIED.);
#15=B_SPLINE_CURVE_WITH_KNOTS('',3,(#6682,#6683,#6684,#6685,#6686,#6687,
#6688),.UNSPECIFIED.,.F.,.F.,(4,3,4),(-1.69169342550702,-0.889139111195739,
-0.388469174224921),.UNSPECIFIED.);
#16=B_SPLINE_CURVE_WITH_KNOTS('',3,(#6691,#6692,#6693,#6694,#6695,#6696,
#6697),.UNSPECIFIED.,.F.,.F.,(4,3,4),(0.419019718066435,0.955661358829948,
1.8178471797406),.UNSPECIFIED.);
#17=B_SPLINE_CURVE_WITH_KNOTS('',3,(#6710,#6711,#6712,#6713,#6714,#6715,
#6716),.UNSPECIFIED.,.F.,.F.,(4,3,4),(0.0892164424554329,0.951724650371677,
1.4894129403436),.UNSPECIFIED.);
#18=B_SPLINE_CURVE_WITH_KNOTS('',3,(#6735,#6736,#6737,#6738,#6739,#6740),
 .UNSPECIFIED.,.F.,.F.,(4,2,4),(-0.103863729110767,-0.051931640294333,-9.99999985644429E-7),
 .UNSPECIFIED.);
#19=B_SPLINE_CURVE_WITH_KNOTS('',3,(#6765,#6766,#6767,#6768,#6769,#6770,
#6771,#6772,#6773,#6774,#6775,#6776,#6777,#6778,#6779,#6780),
 .UNSPECIFIED.,.F.,.F.,(4,3,3,3,3,4),(0.,0.34839517954291,0.589034998764998,
0.69364349764938,0.772743728697005,1.31095445643126),.UNSPECIFIED.);
#20=B_SPLINE_CURVE_WITH_KNOTS('',3,(#6783,#6784,#6785,#6786,#6787,#6788),
 .UNSPECIFIED.,.F.,.F.,(4,2,4),(-1.30322280142478,-0.651611900712391,-9.99998940181743E-7),
 .UNSPECIFIED.);
#21=B_SPLINE_CURVE_WITH_KNOTS('',3,(#7430,#7431,#7432,#7433,#7434,#7435,
#7436),.UNSPECIFIED.,.F.,.F.,(4,3,4),(0.0745000591031693,0.691479453055235,
1.38678630524594),.UNSPECIFIED.);
#22=B_SPLINE_SURFACE_WITH_KNOTS('',3,3,((#6657,#6658,#6659,#6660),(#6661,
#6662,#6663,#6664),(#6665,#6666,#6667,#6668),(#6669,#6670,#6671,#6672)),
 .UNSPECIFIED.,.F.,.F.,.F.,(4,4),(4,4),(0.63327746080184,0.834584505576462),
(0.0511815376525176,1.00646552308445),.UNSPECIFIED.);
#23=B_SPLINE_SURFACE_WITH_KNOTS('',3,3,((#6798,#6799,#6800,#6801),(#6802,
#6803,#6804,#6805),(#6806,#6807,#6808,#6809),(#6810,#6811,#6812,#6813)),
 .UNSPECIFIED.,.F.,.F.,.F.,(4,4),(4,4),(0.165562260365305,0.369494211554202),
(0.0510737918439985,1.00634300952987),.UNSPECIFIED.);
#24=B_SPLINE_SURFACE_WITH_KNOTS('',3,3,((#7412,#7413,#7414,#7415),(#7416,
#7417,#7418,#7419),(#7420,#7421,#7422,#7423),(#7424,#7425,#7426,#7427)),
 .UNSPECIFIED.,.F.,.F.,.F.,(4,4),(4,4),(0.,0.202712658588852),(0.,1.),
 .UNSPECIFIED.);
#25=B_SPLINE_SURFACE_WITH_KNOTS('',3,3,((#7437,#7438,#7439,#7440),(#7441,
#7442,#7443,#7444),(#7445,#7446,#7447,#7448),(#7449,#7450,#7451,#7452)),
 .UNSPECIFIED.,.F.,.F.,.F.,(4,4),(4,4),(0.799921384372574,1.),(0.,1.),
 .UNSPECIFIED.);
#26=FACE_BOUND('',#410,.T.);
#27=FACE_BOUND('',#411,.T.);
#28=FACE_BOUND('',#412,.T.);
#29=FACE_BOUND('',#413,.T.);
#30=FACE_BOUND('',#414,.T.);
#31=FACE_BOUND('',#415,.T.);
#32=FACE_BOUND('',#440,.T.);
#33=FACE_BOUND('',#441,.T.);
#34=FACE_BOUND('',#442,.T.);
#35=FACE_BOUND('',#448,.T.);
#36=FACE_BOUND('',#451,.T.);
#37=FACE_BOUND('',#452,.T.);
#38=FACE_BOUND('',#453,.T.);
#39=FACE_BOUND('',#565,.T.);
#40=FACE_BOUND('',#579,.T.);
#41=FACE_BOUND('',#580,.T.);
#42=FACE_BOUND('',#581,.T.);
#43=FACE_BOUND('',#587,.T.);
#44=FACE_BOUND('',#588,.T.);
#45=FACE_BOUND('',#596,.T.);
#46=FACE_BOUND('',#597,.T.);
#47=FACE_BOUND('',#599,.T.);
#48=FACE_BOUND('',#600,.T.);
#49=FACE_BOUND('',#601,.T.);
#50=FACE_BOUND('',#602,.T.);
#51=(
BOUNDED_CURVE()
B_SPLINE_CURVE(2,(#6298,#6299,#6300),.UNSPECIFIED.,.F.,.F.)
B_SPLINE_CURVE_WITH_KNOTS((3,3),(0.000226385645973573,1.76771908202101),
 .UNSPECIFIED.)
CURVE()
GEOMETRIC_REPRESENTATION_ITEM()
RATIONAL_B_SPLINE_CURVE((0.999999995422451,0.999982128237618,0.999999993290927))
REPRESENTATION_ITEM('')
);
#52=(
BOUNDED_CURVE()
B_SPLINE_CURVE(2,(#6325,#6326,#6327),.UNSPECIFIED.,.F.,.F.)
B_SPLINE_CURVE_WITH_KNOTS((3,3),(0.00033182128016318,1.76803116937687),
 .UNSPECIFIED.)
CURVE()
GEOMETRIC_REPRESENTATION_ITEM()
RATIONAL_B_SPLINE_CURVE((0.999999993289158,0.999982121432576,0.999999999600824))
REPRESENTATION_ITEM('')
);
#53=(
BOUNDED_CURVE()
B_SPLINE_CURVE(2,(#6378,#6379,#6380),.UNSPECIFIED.,.F.,.F.)
B_SPLINE_CURVE_WITH_KNOTS((3,3),(1.51397244983232E-5,1.76768778040791),
 .UNSPECIFIED.)
CURVE()
GEOMETRIC_REPRESENTATION_ITEM()
RATIONAL_B_SPLINE_CURVE((0.999999999599188,0.999976600912244,0.999999992023638))
REPRESENTATION_ITEM('')
);
#54=(
BOUNDED_CURVE()
B_SPLINE_CURVE(2,(#6403,#6404,#6405),.UNSPECIFIED.,.F.,.F.)
B_SPLINE_CURVE_WITH_KNOTS((3,3),(0.000301336523568671,1.7677841393612),
 .UNSPECIFIED.)
CURVE()
GEOMETRIC_REPRESENTATION_ITEM()
RATIONAL_B_SPLINE_CURVE((0.999999992023429,0.999976602809744,0.999999994573816))
REPRESENTATION_ITEM('')
);
#55=ORIENTED_CLOSED_SHELL('',*,#4635,.F.);
#56=ORIENTED_CLOSED_SHELL('',*,#4636,.F.);
#57=ORIENTED_CLOSED_SHELL('',*,#4637,.F.);
#58=ORIENTED_CLOSED_SHELL('',*,#4638,.F.);
#59=CYLINDRICAL_SURFACE('',#4660,2.5);
#60=CYLINDRICAL_SURFACE('',#4665,2.113);
#61=CYLINDRICAL_SURFACE('',#4673,2.5);
#62=CYLINDRICAL_SURFACE('',#4688,2.5);
#63=CYLINDRICAL_SURFACE('',#4693,0.076000000000005);
#64=CYLINDRICAL_SURFACE('',#4700,2.5);
#65=CYLINDRICAL_SURFACE('',#4711,2.5);
#66=CYLINDRICAL_SURFACE('',#4716,0.0760000000000002);
#67=CYLINDRICAL_SURFACE('',#4721,2.5);
#68=CYLINDRICAL_SURFACE('',#4731,2.5);
#69=CYLINDRICAL_SURFACE('',#4736,2.5);
#70=CYLINDRICAL_SURFACE('',#4744,2.113);
#71=CYLINDRICAL_SURFACE('',#4762,2.5);
#72=CYLINDRICAL_SURFACE('',#4765,2.5);
#73=CYLINDRICAL_SURFACE('',#4806,3.113);
#74=CYLINDRICAL_SURFACE('',#4808,3.113);
#75=CYLINDRICAL_SURFACE('',#4811,1.076);
#76=CYLINDRICAL_SURFACE('',#4813,1.07600000000001);
#77=CYLINDRICAL_SURFACE('',#4821,1.5);
#78=CYLINDRICAL_SURFACE('',#4824,1.5);
#79=CYLINDRICAL_SURFACE('',#4827,1.5);
#80=CYLINDRICAL_SURFACE('',#4830,1.5);
#81=CYLINDRICAL_SURFACE('',#4853,1.5);
#82=CYLINDRICAL_SURFACE('',#4855,1.5);
#83=CYLINDRICAL_SURFACE('',#4876,3.88063729855617);
#84=CYLINDRICAL_SURFACE('',#4931,0.731);
#85=CYLINDRICAL_SURFACE('',#4934,0.731);
#86=CYLINDRICAL_SURFACE('',#4937,0.731);
#87=CYLINDRICAL_SURFACE('',#4939,0.731);
#88=CYLINDRICAL_SURFACE('',#4943,1.5);
#89=CYLINDRICAL_SURFACE('',#4945,1.5);
#90=CYLINDRICAL_SURFACE('',#4947,1.5);
#91=CYLINDRICAL_SURFACE('',#4949,1.5);
#92=ELLIPSE('',#4659,5.02130140018996,2.5);
#93=ELLIPSE('',#4666,2.7718507486264,2.113);
#94=ELLIPSE('',#4674,5.02130140018996,2.5);
#95=ELLIPSE('',#4717,0.0996974239922418,0.0760000000000002);
#96=ELLIPSE('',#4724,2.7718507486264,2.113);
#97=ELLIPSE('',#4726,5.02130140019562,2.5);
#98=ELLIPSE('',#4728,5.02130140019562,2.5);
#99=ELLIPSE('',#4760,1.41150563441647,1.076);
#100=ELLIPSE('',#4761,4.08365895905063,3.113);
#101=ELLIPSE('',#4809,4.08365895905063,3.113);
#102=ELLIPSE('',#4871,5.46496432276601,3.88063729855617);
#103=ELLIPSE('',#4872,5.46496432276601,3.88063729855617);
#104=ELLIPSE('',#4877,5.46496432276601,3.88063729855617);
#105=ELLIPSE('',#4879,5.46496432276601,3.88063729855617);
#106=ELLIPSE('',#4881,5.46496432276601,3.88063729855617);
#107=FACE_OUTER_BOUND('',#343,.T.);
#108=FACE_OUTER_BOUND('',#344,.T.);
#109=FACE_OUTER_BOUND('',#345,.T.);
#110=FACE_OUTER_BOUND('',#346,.T.);
#111=FACE_OUTER_BOUND('',#347,.T.);
#112=FACE_OUTER_BOUND('',#348,.T.);
#113=FACE_OUTER_BOUND('',#349,.T.);
#114=FACE_OUTER_BOUND('',#350,.T.);
#115=FACE_OUTER_BOUND('',#351,.T.);
#116=FACE_OUTER_BOUND('',#352,.T.);
#117=FACE_OUTER_BOUND('',#353,.T.);
#118=FACE_OUTER_BOUND('',#354,.T.);
#119=FACE_OUTER_BOUND('',#355,.T.);
#120=FACE_OUTER_BOUND('',#356,.T.);
#121=FACE_OUTER_BOUND('',#357,.T.);
#122=FACE_OUTER_BOUND('',#358,.T.);
#123=FACE_OUTER_BOUND('',#359,.T.);
#124=FACE_OUTER_BOUND('',#360,.T.);
#125=FACE_OUTER_BOUND('',#361,.T.);
#126=FACE_OUTER_BOUND('',#362,.T.);
#127=FACE_OUTER_BOUND('',#363,.T.);
#128=FACE_OUTER_BOUND('',#364,.T.);
#129=FACE_OUTER_BOUND('',#365,.T.);
#130=FACE_OUTER_BOUND('',#366,.T.);
#131=FACE_OUTER_BOUND('',#367,.T.);
#132=FACE_OUTER_BOUND('',#368,.T.);
#133=FACE_OUTER_BOUND('',#369,.T.);
#134=FACE_OUTER_BOUND('',#370,.T.);
#135=FACE_OUTER_BOUND('',#371,.T.);
#136=FACE_OUTER_BOUND('',#372,.T.);
#137=FACE_OUTER_BOUND('',#373,.T.);
#138=FACE_OUTER_BOUND('',#374,.T.);
#139=FACE_OUTER_BOUND('',#375,.T.);
#140=FACE_OUTER_BOUND('',#376,.T.);
#141=FACE_OUTER_BOUND('',#377,.T.);
#142=FACE_OUTER_BOUND('',#378,.T.);
#143=FACE_OUTER_BOUND('',#379,.T.);
#144=FACE_OUTER_BOUND('',#380,.T.);
#145=FACE_OUTER_BOUND('',#381,.T.);
#146=FACE_OUTER_BOUND('',#382,.T.);
#147=FACE_OUTER_BOUND('',#383,.T.);
#148=FACE_OUTER_BOUND('',#384,.T.);
#149=FACE_OUTER_BOUND('',#385,.T.);
#150=FACE_OUTER_BOUND('',#386,.T.);
#151=FACE_OUTER_BOUND('',#387,.T.);
#152=FACE_OUTER_BOUND('',#388,.T.);
#153=FACE_OUTER_BOUND('',#389,.T.);
#154=FACE_OUTER_BOUND('',#390,.T.);
#155=FACE_OUTER_BOUND('',#391,.T.);
#156=FACE_OUTER_BOUND('',#392,.T.);
#157=FACE_OUTER_BOUND('',#393,.T.);
#158=FACE_OUTER_BOUND('',#394,.T.);
#159=FACE_OUTER_BOUND('',#395,.T.);
#160=FACE_OUTER_BOUND('',#396,.T.);
#161=FACE_OUTER_BOUND('',#397,.T.);
#162=FACE_OUTER_BOUND('',#398,.T.);
#163=FACE_OUTER_BOUND('',#399,.T.);
#164=FACE_OUTER_BOUND('',#400,.T.);
#165=FACE_OUTER_BOUND('',#401,.T.);
#166=FACE_OUTER_BOUND('',#402,.T.);
#167=FACE_OUTER_BOUND('',#403,.T.);
#168=FACE_OUTER_BOUND('',#404,.T.);
#169=FACE_OUTER_BOUND('',#405,.T.);
#170=FACE_OUTER_BOUND('',#406,.T.);
#171=FACE_OUTER_BOUND('',#407,.T.);
#172=FACE_OUTER_BOUND('',#408,.T.);
#173=FACE_OUTER_BOUND('',#409,.T.);
#174=FACE_OUTER_BOUND('',#416,.T.);
#175=FACE_OUTER_BOUND('',#417,.T.);
#176=FACE_OUTER_BOUND('',#418,.T.);
#177=FACE_OUTER_BOUND('',#419,.T.);
#178=FACE_OUTER_BOUND('',#420,.T.);
#179=FACE_OUTER_BOUND('',#421,.T.);
#180=FACE_OUTER_BOUND('',#422,.T.);
#181=FACE_OUTER_BOUND('',#423,.T.);
#182=FACE_OUTER_BOUND('',#424,.T.);
#183=FACE_OUTER_BOUND('',#425,.T.);
#184=FACE_OUTER_BOUND('',#426,.T.);
#185=FACE_OUTER_BOUND('',#427,.T.);
#186=FACE_OUTER_BOUND('',#428,.T.);
#187=FACE_OUTER_BOUND('',#429,.T.);
#188=FACE_OUTER_BOUND('',#430,.T.);
#189=FACE_OUTER_BOUND('',#431,.T.);
#190=FACE_OUTER_BOUND('',#432,.T.);
#191=FACE_OUTER_BOUND('',#433,.T.);
#192=FACE_OUTER_BOUND('',#434,.T.);
#193=FACE_OUTER_BOUND('',#435,.T.);
#194=FACE_OUTER_BOUND('',#436,.T.);
#195=FACE_OUTER_BOUND('',#437,.T.);
#196=FACE_OUTER_BOUND('',#438,.T.);
#197=FACE_OUTER_BOUND('',#439,.T.);
#198=FACE_OUTER_BOUND('',#443,.T.);
#199=FACE_OUTER_BOUND('',#444,.T.);
#200=FACE_OUTER_BOUND('',#445,.T.);
#201=FACE_OUTER_BOUND('',#446,.T.);
#202=FACE_OUTER_BOUND('',#447,.T.);
#203=FACE_OUTER_BOUND('',#449,.T.);
#204=FACE_OUTER_BOUND('',#450,.T.);
#205=FACE_OUTER_BOUND('',#454,.T.);
#206=FACE_OUTER_BOUND('',#455,.T.);
#207=FACE_OUTER_BOUND('',#456,.T.);
#208=FACE_OUTER_BOUND('',#457,.T.);
#209=FACE_OUTER_BOUND('',#458,.T.);
#210=FACE_OUTER_BOUND('',#459,.T.);
#211=FACE_OUTER_BOUND('',#460,.T.);
#212=FACE_OUTER_BOUND('',#461,.T.);
#213=FACE_OUTER_BOUND('',#462,.T.);
#214=FACE_OUTER_BOUND('',#463,.T.);
#215=FACE_OUTER_BOUND('',#464,.T.);
#216=FACE_OUTER_BOUND('',#465,.T.);
#217=FACE_OUTER_BOUND('',#466,.T.);
#218=FACE_OUTER_BOUND('',#467,.T.);
#219=FACE_OUTER_BOUND('',#468,.T.);
#220=FACE_OUTER_BOUND('',#469,.T.);
#221=FACE_OUTER_BOUND('',#470,.T.);
#222=FACE_OUTER_BOUND('',#471,.T.);
#223=FACE_OUTER_BOUND('',#472,.T.);
#224=FACE_OUTER_BOUND('',#473,.T.);
#225=FACE_OUTER_BOUND('',#474,.T.);
#226=FACE_OUTER_BOUND('',#475,.T.);
#227=FACE_OUTER_BOUND('',#476,.T.);
#228=FACE_OUTER_BOUND('',#477,.T.);
#229=FACE_OUTER_BOUND('',#478,.T.);
#230=FACE_OUTER_BOUND('',#479,.T.);
#231=FACE_OUTER_BOUND('',#480,.T.);
#232=FACE_OUTER_BOUND('',#481,.T.);
#233=FACE_OUTER_BOUND('',#482,.T.);
#234=FACE_OUTER_BOUND('',#483,.T.);
#235=FACE_OUTER_BOUND('',#484,.T.);
#236=FACE_OUTER_BOUND('',#485,.T.);
#237=FACE_OUTER_BOUND('',#486,.T.);
#238=FACE_OUTER_BOUND('',#487,.T.);
#239=FACE_OUTER_BOUND('',#488,.T.);
#240=FACE_OUTER_BOUND('',#489,.T.);
#241=FACE_OUTER_BOUND('',#490,.T.);
#242=FACE_OUTER_BOUND('',#491,.T.);
#243=FACE_OUTER_BOUND('',#492,.T.);
#244=FACE_OUTER_BOUND('',#493,.T.);
#245=FACE_OUTER_BOUND('',#494,.T.);
#246=FACE_OUTER_BOUND('',#495,.T.);
#247=FACE_OUTER_BOUND('',#496,.T.);
#248=FACE_OUTER_BOUND('',#497,.T.);
#249=FACE_OUTER_BOUND('',#498,.T.);
#250=FACE_OUTER_BOUND('',#499,.T.);
#251=FACE_OUTER_BOUND('',#500,.T.);
#252=FACE_OUTER_BOUND('',#501,.T.);
#253=FACE_OUTER_BOUND('',#502,.T.);
#254=FACE_OUTER_BOUND('',#503,.T.);
#255=FACE_OUTER_BOUND('',#504,.T.);
#256=FACE_OUTER_BOUND('',#505,.T.);
#257=FACE_OUTER_BOUND('',#506,.T.);
#258=FACE_OUTER_BOUND('',#507,.T.);
#259=FACE_OUTER_BOUND('',#508,.T.);
#260=FACE_OUTER_BOUND('',#509,.T.);
#261=FACE_OUTER_BOUND('',#510,.T.);
#262=FACE_OUTER_BOUND('',#511,.T.);
#263=FACE_OUTER_BOUND('',#512,.T.);
#264=FACE_OUTER_BOUND('',#513,.T.);
#265=FACE_OUTER_BOUND('',#514,.T.);
#266=FACE_OUTER_BOUND('',#515,.T.);
#267=FACE_OUTER_BOUND('',#516,.T.);
#268=FACE_OUTER_BOUND('',#517,.T.);
#269=FACE_OUTER_BOUND('',#518,.T.);
#270=FACE_OUTER_BOUND('',#519,.T.);
#271=FACE_OUTER_BOUND('',#520,.T.);
#272=FACE_OUTER_BOUND('',#521,.T.);
#273=FACE_OUTER_BOUND('',#522,.T.);
#274=FACE_OUTER_BOUND('',#523,.T.);
#275=FACE_OUTER_BOUND('',#524,.T.);
#276=FACE_OUTER_BOUND('',#525,.T.);
#277=FACE_OUTER_BOUND('',#526,.T.);
#278=FACE_OUTER_BOUND('',#527,.T.);
#279=FACE_OUTER_BOUND('',#528,.T.);
#280=FACE_OUTER_BOUND('',#529,.T.);
#281=FACE_OUTER_BOUND('',#530,.T.);
#282=FACE_OUTER_BOUND('',#531,.T.);
#283=FACE_OUTER_BOUND('',#532,.T.);
#284=FACE_OUTER_BOUND('',#533,.T.);
#285=FACE_OUTER_BOUND('',#534,.T.);
#286=FACE_OUTER_BOUND('',#535,.T.);
#287=FACE_OUTER_BOUND('',#536,.T.);
#288=FACE_OUTER_BOUND('',#537,.T.);
#289=FACE_OUTER_BOUND('',#538,.T.);
#290=FACE_OUTER_BOUND('',#539,.T.);
#291=FACE_OUTER_BOUND('',#540,.T.);
#292=FACE_OUTER_BOUND('',#541,.T.);
#293=FACE_OUTER_BOUND('',#542,.T.);
#294=FACE_OUTER_BOUND('',#543,.T.);
#295=FACE_OUTER_BOUND('',#544,.T.);
#296=FACE_OUTER_BOUND('',#545,.T.);
#297=FACE_OUTER_BOUND('',#546,.T.);
#298=FACE_OUTER_BOUND('',#547,.T.);
#299=FACE_OUTER_BOUND('',#548,.T.);
#300=FACE_OUTER_BOUND('',#549,.T.);
#301=FACE_OUTER_BOUND('',#550,.T.);
#302=FACE_OUTER_BOUND('',#551,.T.);
#303=FACE_OUTER_BOUND('',#552,.T.);
#304=FACE_OUTER_BOUND('',#553,.T.);
#305=FACE_OUTER_BOUND('',#554,.T.);
#306=FACE_OUTER_BOUND('',#555,.T.);
#307=FACE_OUTER_BOUND('',#556,.T.);
#308=FACE_OUTER_BOUND('',#557,.T.);
#309=FACE_OUTER_BOUND('',#558,.T.);
#310=FACE_OUTER_BOUND('',#559,.T.);
#311=FACE_OUTER_BOUND('',#560,.T.);
#312=FACE_OUTER_BOUND('',#561,.T.);
#313=FACE_OUTER_BOUND('',#562,.T.);
#314=FACE_OUTER_BOUND('',#563,.T.);
#315=FACE_OUTER_BOUND('',#564,.T.);
#316=FACE_OUTER_BOUND('',#566,.T.);
#317=FACE_OUTER_BOUND('',#567,.T.);
#318=FACE_OUTER_BOUND('',#568,.T.);
#319=FACE_OUTER_BOUND('',#569,.T.);
#320=FACE_OUTER_BOUND('',#570,.T.);
#321=FACE_OUTER_BOUND('',#571,.T.);
#322=FACE_OUTER_BOUND('',#572,.T.);
#323=FACE_OUTER_BOUND('',#573,.T.);
#324=FACE_OUTER_BOUND('',#574,.T.);
#325=FACE_OUTER_BOUND('',#575,.T.);
#326=FACE_OUTER_BOUND('',#576,.T.);
#327=FACE_OUTER_BOUND('',#577,.T.);
#328=FACE_OUTER_BOUND('',#578,.T.);
#329=FACE_OUTER_BOUND('',#582,.T.);
#330=FACE_OUTER_BOUND('',#583,.T.);
#331=FACE_OUTER_BOUND('',#584,.T.);
#332=FACE_OUTER_BOUND('',#585,.T.);
#333=FACE_OUTER_BOUND('',#586,.T.);
#334=FACE_OUTER_BOUND('',#589,.T.);
#335=FACE_OUTER_BOUND('',#590,.T.);
#336=FACE_OUTER_BOUND('',#591,.T.);
#337=FACE_OUTER_BOUND('',#592,.T.);
#338=FACE_OUTER_BOUND('',#593,.T.);
#339=FACE_OUTER_BOUND('',#594,.T.);
#340=FACE_OUTER_BOUND('',#595,.T.);
#341=FACE_OUTER_BOUND('',#598,.T.);
#342=FACE_OUTER_BOUND('',#603,.T.);
#343=EDGE_LOOP('',(#2888,#2889,#2890,#2891));
#344=EDGE_LOOP('',(#2892,#2893,#2894,#2895));
#345=EDGE_LOOP('',(#2896,#2897,#2898,#2899));
#346=EDGE_LOOP('',(#2900,#2901,#2902,#2903,#2904));
#347=EDGE_LOOP('',(#2905,#2906,#2907,#2908,#2909));
#348=EDGE_LOOP('',(#2910,#2911,#2912,#2913,#2914,#2915));
#349=EDGE_LOOP('',(#2916,#2917,#2918,#2919,#2920,#2921));
#350=EDGE_LOOP('',(#2922,#2923,#2924,#2925));
#351=EDGE_LOOP('',(#2926,#2927,#2928,#2929,#2930,#2931,#2932,#2933));
#352=EDGE_LOOP('',(#2934,#2935,#2936,#2937));
#353=EDGE_LOOP('',(#2938,#2939,#2940,#2941,#2942,#2943,#2944));
#354=EDGE_LOOP('',(#2945,#2946,#2947,#2948,#2949,#2950));
#355=EDGE_LOOP('',(#2951,#2952,#2953,#2954,#2955));
#356=EDGE_LOOP('',(#2956,#2957,#2958));
#357=EDGE_LOOP('',(#2959,#2960,#2961,#2962,#2963,#2964,#2965));
#358=EDGE_LOOP('',(#2966,#2967,#2968,#2969,#2970,#2971,#2972));
#359=EDGE_LOOP('',(#2973,#2974,#2975,#2976));
#360=EDGE_LOOP('',(#2977,#2978,#2979,#2980));
#361=EDGE_LOOP('',(#2981,#2982,#2983,#2984));
#362=EDGE_LOOP('',(#2985,#2986,#2987,#2988,#2989,#2990,#2991,#2992,#2993));
#363=EDGE_LOOP('',(#2994,#2995,#2996,#2997));
#364=EDGE_LOOP('',(#2998,#2999,#3000,#3001,#3002,#3003));
#365=EDGE_LOOP('',(#3004,#3005,#3006,#3007,#3008,#3009));
#366=EDGE_LOOP('',(#3010,#3011,#3012,#3013,#3014,#3015));
#367=EDGE_LOOP('',(#3016,#3017,#3018,#3019));
#368=EDGE_LOOP('',(#3020,#3021,#3022,#3023,#3024));
#369=EDGE_LOOP('',(#3025,#3026,#3027,#3028,#3029));
#370=EDGE_LOOP('',(#3030,#3031,#3032,#3033,#3034,#3035,#3036,#3037));
#371=EDGE_LOOP('',(#3038,#3039,#3040));
#372=EDGE_LOOP('',(#3041,#3042,#3043,#3044,#3045,#3046));
#373=EDGE_LOOP('',(#3047,#3048,#3049,#3050,#3051,#3052));
#374=EDGE_LOOP('',(#3053,#3054,#3055,#3056,#3057));
#375=EDGE_LOOP('',(#3058,#3059,#3060,#3061));
#376=EDGE_LOOP('',(#3062,#3063,#3064,#3065,#3066,#3067));
#377=EDGE_LOOP('',(#3068,#3069,#3070,#3071));
#378=EDGE_LOOP('',(#3072,#3073,#3074,#3075,#3076,#3077));
#379=EDGE_LOOP('',(#3078,#3079,#3080,#3081));
#380=EDGE_LOOP('',(#3082,#3083,#3084,#3085,#3086));
#381=EDGE_LOOP('',(#3087,#3088,#3089,#3090,#3091,#3092));
#382=EDGE_LOOP('',(#3093,#3094,#3095,#3096));
#383=EDGE_LOOP('',(#3097,#3098,#3099,#3100,#3101,#3102));
#384=EDGE_LOOP('',(#3103,#3104,#3105,#3106));
#385=EDGE_LOOP('',(#3107,#3108,#3109,#3110,#3111,#3112,#3113,#3114,#3115));
#386=EDGE_LOOP('',(#3116,#3117,#3118,#3119));
#387=EDGE_LOOP('',(#3120,#3121,#3122,#3123,#3124,#3125));
#388=EDGE_LOOP('',(#3126,#3127,#3128,#3129,#3130,#3131,#3132));
#389=EDGE_LOOP('',(#3133,#3134,#3135,#3136));
#390=EDGE_LOOP('',(#3137,#3138,#3139,#3140));
#391=EDGE_LOOP('',(#3141,#3142,#3143,#3144));
#392=EDGE_LOOP('',(#3145,#3146,#3147,#3148,#3149));
#393=EDGE_LOOP('',(#3150,#3151,#3152,#3153,#3154,#3155,#3156));
#394=EDGE_LOOP('',(#3157,#3158,#3159,#3160,#3161));
#395=EDGE_LOOP('',(#3162,#3163,#3164,#3165));
#396=EDGE_LOOP('',(#3166,#3167,#3168,#3169,#3170));
#397=EDGE_LOOP('',(#3171,#3172,#3173,#3174,#3175,#3176));
#398=EDGE_LOOP('',(#3177,#3178,#3179,#3180,#3181,#3182));
#399=EDGE_LOOP('',(#3183,#3184,#3185,#3186,#3187));
#400=EDGE_LOOP('',(#3188,#3189,#3190,#3191,#3192,#3193));
#401=EDGE_LOOP('',(#3194,#3195,#3196,#3197));
#402=EDGE_LOOP('',(#3198,#3199,#3200,#3201,#3202,#3203));
#403=EDGE_LOOP('',(#3204,#3205,#3206,#3207));
#404=EDGE_LOOP('',(#3208,#3209,#3210,#3211));
#405=EDGE_LOOP('',(#3212,#3213,#3214,#3215));
#406=EDGE_LOOP('',(#3216,#3217,#3218,#3219));
#407=EDGE_LOOP('',(#3220,#3221,#3222,#3223));
#408=EDGE_LOOP('',(#3224,#3225,#3226,#3227));
#409=EDGE_LOOP('',(#3228,#3229,#3230,#3231,#3232,#3233,#3234,#3235,#3236,
#3237,#3238,#3239,#3240,#3241,#3242,#3243));
#410=EDGE_LOOP('',(#3244,#3245,#3246,#3247,#3248,#3249));
#411=EDGE_LOOP('',(#3250,#3251,#3252,#3253,#3254,#3255,#3256,#3257));
#412=EDGE_LOOP('',(#3258));
#413=EDGE_LOOP('',(#3259));
#414=EDGE_LOOP('',(#3260));
#415=EDGE_LOOP('',(#3261));
#416=EDGE_LOOP('',(#3262,#3263,#3264,#3265));
#417=EDGE_LOOP('',(#3266,#3267,#3268,#3269));
#418=EDGE_LOOP('',(#3270,#3271,#3272,#3273,#3274,#3275,#3276,#3277,#3278,
#3279,#3280,#3281,#3282,#3283,#3284,#3285,#3286,#3287,#3288,#3289,#3290,
#3291,#3292,#3293,#3294));
#419=EDGE_LOOP('',(#3295,#3296,#3297,#3298));
#420=EDGE_LOOP('',(#3299,#3300,#3301,#3302));
#421=EDGE_LOOP('',(#3303,#3304,#3305,#3306));
#422=EDGE_LOOP('',(#3307,#3308,#3309,#3310,#3311,#3312));
#423=EDGE_LOOP('',(#3313,#3314,#3315,#3316));
#424=EDGE_LOOP('',(#3317,#3318,#3319,#3320,#3321,#3322,#3323,#3324,#3325,
#3326,#3327,#3328));
#425=EDGE_LOOP('',(#3329,#3330,#3331,#3332));
#426=EDGE_LOOP('',(#3333,#3334,#3335,#3336,#3337,#3338));
#427=EDGE_LOOP('',(#3339,#3340,#3341,#3342));
#428=EDGE_LOOP('',(#3343,#3344,#3345,#3346,#3347,#3348));
#429=EDGE_LOOP('',(#3349,#3350,#3351,#3352));
#430=EDGE_LOOP('',(#3353,#3354,#3355,#3356,#3357,#3358,#3359,#3360));
#431=EDGE_LOOP('',(#3361,#3362,#3363,#3364));
#432=EDGE_LOOP('',(#3365,#3366,#3367));
#433=EDGE_LOOP('',(#3368,#3369,#3370,#3371));
#434=EDGE_LOOP('',(#3372,#3373,#3374,#3375));
#435=EDGE_LOOP('',(#3376,#3377,#3378,#3379));
#436=EDGE_LOOP('',(#3380,#3381,#3382,#3383));
#437=EDGE_LOOP('',(#3384,#3385,#3386,#3387));
#438=EDGE_LOOP('',(#3388,#3389,#3390,#3391));
#439=EDGE_LOOP('',(#3392,#3393,#3394,#3395,#3396,#3397,#3398,#3399,#3400,
#3401,#3402,#3403,#3404,#3405,#3406,#3407,#3408,#3409,#3410,#3411,#3412,
#3413,#3414));
#440=EDGE_LOOP('',(#3415));
#441=EDGE_LOOP('',(#3416));
#442=EDGE_LOOP('',(#3417));
#443=EDGE_LOOP('',(#3418,#3419,#3420,#3421));
#444=EDGE_LOOP('',(#3422,#3423,#3424,#3425));
#445=EDGE_LOOP('',(#3426,#3427,#3428,#3429));
#446=EDGE_LOOP('',(#3430,#3431,#3432));
#447=EDGE_LOOP('',(#3433,#3434,#3435,#3436,#3437,#3438,#3439,#3440,#3441,
#3442,#3443));
#448=EDGE_LOOP('',(#3444));
#449=EDGE_LOOP('',(#3445,#3446,#3447));
#450=EDGE_LOOP('',(#3448,#3449,#3450,#3451,#3452,#3453,#3454,#3455,#3456,
#3457,#3458,#3459,#3460,#3461,#3462));
#451=EDGE_LOOP('',(#3463,#3464,#3465,#3466,#3467,#3468,#3469,#3470));
#452=EDGE_LOOP('',(#3471));
#453=EDGE_LOOP('',(#3472));
#454=EDGE_LOOP('',(#3473,#3474,#3475,#3476));
#455=EDGE_LOOP('',(#3477,#3478,#3479,#3480,#3481,#3482));
#456=EDGE_LOOP('',(#3483,#3484,#3485,#3486));
#457=EDGE_LOOP('',(#3487,#3488,#3489,#3490));
#458=EDGE_LOOP('',(#3491,#3492,#3493,#3494));
#459=EDGE_LOOP('',(#3495,#3496,#3497,#3498));
#460=EDGE_LOOP('',(#3499,#3500,#3501,#3502));
#461=EDGE_LOOP('',(#3503,#3504,#3505,#3506));
#462=EDGE_LOOP('',(#3507,#3508,#3509,#3510));
#463=EDGE_LOOP('',(#3511,#3512,#3513,#3514,#3515,#3516,#3517));
#464=EDGE_LOOP('',(#3518,#3519,#3520,#3521));
#465=EDGE_LOOP('',(#3522,#3523,#3524,#3525));
#466=EDGE_LOOP('',(#3526,#3527,#3528,#3529));
#467=EDGE_LOOP('',(#3530,#3531,#3532,#3533));
#468=EDGE_LOOP('',(#3534));
#469=EDGE_LOOP('',(#3535,#3536,#3537,#3538));
#470=EDGE_LOOP('',(#3539));
#471=EDGE_LOOP('',(#3540,#3541,#3542,#3543));
#472=EDGE_LOOP('',(#3544));
#473=EDGE_LOOP('',(#3545,#3546,#3547,#3548));
#474=EDGE_LOOP('',(#3549));
#475=EDGE_LOOP('',(#3550,#3551,#3552,#3553));
#476=EDGE_LOOP('',(#3554,#3555,#3556,#3557));
#477=EDGE_LOOP('',(#3558,#3559,#3560,#3561,#3562));
#478=EDGE_LOOP('',(#3563,#3564,#3565,#3566));
#479=EDGE_LOOP('',(#3567,#3568,#3569,#3570,#3571));
#480=EDGE_LOOP('',(#3572,#3573,#3574));
#481=EDGE_LOOP('',(#3575,#3576,#3577,#3578,#3579,#3580,#3581,#3582,#3583,
#3584,#3585,#3586,#3587,#3588,#3589,#3590,#3591,#3592,#3593,#3594,#3595));
#482=EDGE_LOOP('',(#3596,#3597,#3598,#3599));
#483=EDGE_LOOP('',(#3600,#3601,#3602,#3603));
#484=EDGE_LOOP('',(#3604,#3605,#3606,#3607,#3608));
#485=EDGE_LOOP('',(#3609,#3610,#3611,#3612,#3613,#3614));
#486=EDGE_LOOP('',(#3615,#3616,#3617));
#487=EDGE_LOOP('',(#3618,#3619,#3620,#3621));
#488=EDGE_LOOP('',(#3622,#3623,#3624,#3625,#3626,#3627,#3628));
#489=EDGE_LOOP('',(#3629,#3630,#3631,#3632,#3633));
#490=EDGE_LOOP('',(#3634,#3635,#3636,#3637));
#491=EDGE_LOOP('',(#3638,#3639,#3640,#3641,#3642,#3643,#3644));
#492=EDGE_LOOP('',(#3645,#3646,#3647,#3648));
#493=EDGE_LOOP('',(#3649,#3650,#3651,#3652));
#494=EDGE_LOOP('',(#3653,#3654,#3655,#3656,#3657,#3658,#3659,#3660,#3661,
#3662,#3663,#3664,#3665,#3666,#3667,#3668,#3669,#3670,#3671,#3672));
#495=EDGE_LOOP('',(#3673,#3674,#3675,#3676));
#496=EDGE_LOOP('',(#3677,#3678,#3679,#3680));
#497=EDGE_LOOP('',(#3681,#3682,#3683,#3684,#3685,#3686,#3687,#3688,#3689,
#3690,#3691,#3692,#3693,#3694));
#498=EDGE_LOOP('',(#3695,#3696,#3697,#3698,#3699,#3700,#3701,#3702,#3703,
#3704,#3705,#3706,#3707,#3708));
#499=EDGE_LOOP('',(#3709,#3710,#3711));
#500=EDGE_LOOP('',(#3712,#3713,#3714,#3715));
#501=EDGE_LOOP('',(#3716,#3717,#3718,#3719,#3720,#3721));
#502=EDGE_LOOP('',(#3722,#3723,#3724,#3725));
#503=EDGE_LOOP('',(#3726,#3727,#3728,#3729,#3730,#3731,#3732,#3733));
#504=EDGE_LOOP('',(#3734,#3735,#3736,#3737));
#505=EDGE_LOOP('',(#3738,#3739,#3740,#3741));
#506=EDGE_LOOP('',(#3742,#3743,#3744,#3745));
#507=EDGE_LOOP('',(#3746,#3747,#3748,#3749));
#508=EDGE_LOOP('',(#3750,#3751,#3752,#3753,#3754,#3755));
#509=EDGE_LOOP('',(#3756,#3757,#3758,#3759));
#510=EDGE_LOOP('',(#3760,#3761,#3762,#3763,#3764,#3765,#3766,#3767));
#511=EDGE_LOOP('',(#3768,#3769,#3770,#3771));
#512=EDGE_LOOP('',(#3772,#3773,#3774,#3775));
#513=EDGE_LOOP('',(#3776,#3777,#3778,#3779,#3780,#3781,#3782,#3783,#3784,
#3785));
#514=EDGE_LOOP('',(#3786,#3787,#3788,#3789,#3790,#3791,#3792,#3793));
#515=EDGE_LOOP('',(#3794,#3795,#3796,#3797,#3798,#3799,#3800,#3801,#3802,
#3803,#3804,#3805,#3806,#3807));
#516=EDGE_LOOP('',(#3808,#3809,#3810,#3811,#3812,#3813));
#517=EDGE_LOOP('',(#3814,#3815,#3816,#3817));
#518=EDGE_LOOP('',(#3818,#3819,#3820,#3821));
#519=EDGE_LOOP('',(#3822,#3823,#3824,#3825));
#520=EDGE_LOOP('',(#3826,#3827,#3828,#3829));
#521=EDGE_LOOP('',(#3830,#3831,#3832,#3833));
#522=EDGE_LOOP('',(#3834,#3835,#3836,#3837));
#523=EDGE_LOOP('',(#3838,#3839,#3840,#3841));
#524=EDGE_LOOP('',(#3842,#3843,#3844,#3845));
#525=EDGE_LOOP('',(#3846,#3847,#3848,#3849,#3850,#3851,#3852,#3853));
#526=EDGE_LOOP('',(#3854,#3855,#3856,#3857));
#527=EDGE_LOOP('',(#3858,#3859,#3860,#3861));
#528=EDGE_LOOP('',(#3862,#3863,#3864,#3865));
#529=EDGE_LOOP('',(#3866,#3867,#3868,#3869));
#530=EDGE_LOOP('',(#3870,#3871,#3872,#3873));
#531=EDGE_LOOP('',(#3874,#3875,#3876,#3877));
#532=EDGE_LOOP('',(#3878,#3879,#3880,#3881));
#533=EDGE_LOOP('',(#3882,#3883,#3884,#3885));
#534=EDGE_LOOP('',(#3886,#3887,#3888,#3889,#3890,#3891,#3892,#3893));
#535=EDGE_LOOP('',(#3894,#3895,#3896,#3897));
#536=EDGE_LOOP('',(#3898,#3899,#3900,#3901));
#537=EDGE_LOOP('',(#3902,#3903,#3904,#3905,#3906,#3907,#3908,#3909));
#538=EDGE_LOOP('',(#3910,#3911,#3912,#3913));
#539=EDGE_LOOP('',(#3914,#3915,#3916,#3917));
#540=EDGE_LOOP('',(#3918,#3919,#3920,#3921));
#541=EDGE_LOOP('',(#3922,#3923,#3924,#3925,#3926));
#542=EDGE_LOOP('',(#3927,#3928,#3929,#3930,#3931));
#543=EDGE_LOOP('',(#3932,#3933,#3934,#3935,#3936,#3937));
#544=EDGE_LOOP('',(#3938,#3939,#3940,#3941));
#545=EDGE_LOOP('',(#3942,#3943,#3944,#3945,#3946,#3947,#3948,#3949));
#546=EDGE_LOOP('',(#3950,#3951,#3952,#3953));
#547=EDGE_LOOP('',(#3954,#3955,#3956,#3957,#3958,#3959,#3960,#3961));
#548=EDGE_LOOP('',(#3962,#3963,#3964,#3965,#3966,#3967,#3968,#3969));
#549=EDGE_LOOP('',(#3970,#3971,#3972,#3973,#3974,#3975,#3976,#3977));
#550=EDGE_LOOP('',(#3978,#3979,#3980,#3981));
#551=EDGE_LOOP('',(#3982,#3983,#3984,#3985));
#552=EDGE_LOOP('',(#3986,#3987,#3988,#3989));
#553=EDGE_LOOP('',(#3990,#3991,#3992,#3993));
#554=EDGE_LOOP('',(#3994,#3995,#3996,#3997));
#555=EDGE_LOOP('',(#3998,#3999,#4000,#4001));
#556=EDGE_LOOP('',(#4002,#4003,#4004,#4005));
#557=EDGE_LOOP('',(#4006,#4007,#4008,#4009));
#558=EDGE_LOOP('',(#4010,#4011,#4012,#4013,#4014,#4015,#4016,#4017,#4018));
#559=EDGE_LOOP('',(#4019,#4020,#4021,#4022));
#560=EDGE_LOOP('',(#4023,#4024,#4025,#4026));
#561=EDGE_LOOP('',(#4027,#4028,#4029,#4030));
#562=EDGE_LOOP('',(#4031,#4032,#4033,#4034));
#563=EDGE_LOOP('',(#4035,#4036,#4037,#4038));
#564=EDGE_LOOP('',(#4039,#4040,#4041,#4042));
#565=EDGE_LOOP('',(#4043,#4044,#4045,#4046));
#566=EDGE_LOOP('',(#4047,#4048,#4049,#4050));
#567=EDGE_LOOP('',(#4051,#4052,#4053,#4054));
#568=EDGE_LOOP('',(#4055,#4056,#4057,#4058));
#569=EDGE_LOOP('',(#4059,#4060,#4061,#4062));
#570=EDGE_LOOP('',(#4063,#4064,#4065,#4066));
#571=EDGE_LOOP('',(#4067,#4068,#4069,#4070));
#572=EDGE_LOOP('',(#4071,#4072,#4073,#4074));
#573=EDGE_LOOP('',(#4075,#4076,#4077,#4078));
#574=EDGE_LOOP('',(#4079,#4080,#4081,#4082));
#575=EDGE_LOOP('',(#4083,#4084,#4085,#4086));
#576=EDGE_LOOP('',(#4087,#4088,#4089,#4090));
#577=EDGE_LOOP('',(#4091,#4092,#4093,#4094));
#578=EDGE_LOOP('',(#4095,#4096,#4097,#4098,#4099,#4100));
#579=EDGE_LOOP('',(#4101));
#580=EDGE_LOOP('',(#4102));
#581=EDGE_LOOP('',(#4103,#4104,#4105,#4106,#4107,#4108,#4109,#4110));
#582=EDGE_LOOP('',(#4111,#4112,#4113,#4114));
#583=EDGE_LOOP('',(#4115,#4116,#4117,#4118));
#584=EDGE_LOOP('',(#4119,#4120,#4121,#4122));
#585=EDGE_LOOP('',(#4123,#4124,#4125,#4126));
#586=EDGE_LOOP('',(#4127,#4128,#4129,#4130,#4131,#4132,#4133,#4134,#4135,
#4136));
#587=EDGE_LOOP('',(#4137));
#588=EDGE_LOOP('',(#4138));
#589=EDGE_LOOP('',(#4139,#4140,#4141,#4142,#4143,#4144,#4145));
#590=EDGE_LOOP('',(#4146,#4147,#4148,#4149,#4150,#4151,#4152));
#591=EDGE_LOOP('',(#4153,#4154,#4155,#4156));
#592=EDGE_LOOP('',(#4157,#4158,#4159,#4160));
#593=EDGE_LOOP('',(#4161,#4162,#4163,#4164));
#594=EDGE_LOOP('',(#4165,#4166,#4167,#4168,#4169,#4170,#4171,#4172));
#595=EDGE_LOOP('',(#4173,#4174,#4175,#4176,#4177,#4178,#4179,#4180,#4181,
#4182));
#596=EDGE_LOOP('',(#4183));
#597=EDGE_LOOP('',(#4184));
#598=EDGE_LOOP('',(#4185,#4186,#4187,#4188));
#599=EDGE_LOOP('',(#4189));
#600=EDGE_LOOP('',(#4190));
#601=EDGE_LOOP('',(#4191));
#602=EDGE_LOOP('',(#4192));
#603=EDGE_LOOP('',(#4193,#4194,#4195,#4196,#4197,#4198,#4199));
#604=CIRCLE('',#4655,2.5);
#605=CIRCLE('',#4657,2.5);
#606=CIRCLE('',#4661,2.5);
#607=CIRCLE('',#4667,2.113);
#608=CIRCLE('',#4669,2.5);
#609=CIRCLE('',#4678,2.5);
#610=CIRCLE('',#4679,2.5);
#611=CIRCLE('',#4683,2.5);
#612=CIRCLE('',#4687,2.50000183654662);
#613=CIRCLE('',#4689,2.5);
#614=CIRCLE('',#4691,0.076000000000005);
#615=CIRCLE('',#4692,2.5);
#616=CIRCLE('',#4694,0.0760000558310221);
#617=CIRCLE('',#4699,2.50000183654662);
#618=CIRCLE('',#4704,2.50000183654662);
#619=CIRCLE('',#4708,2.5);
#620=CIRCLE('',#4710,2.50000183654662);
#621=CIRCLE('',#4712,2.5);
#622=CIRCLE('',#4714,0.0760000000000002);
#623=CIRCLE('',#4715,2.5);
#624=CIRCLE('',#4730,2.5);
#625=CIRCLE('',#4732,2.5);
#626=CIRCLE('',#4734,2.113);
#627=CIRCLE('',#4735,2.5);
#628=CIRCLE('',#4737,2.5);
#629=CIRCLE('',#4753,1.5);
#630=CIRCLE('',#4754,1.5);
#631=CIRCLE('',#4755,1.5);
#632=CIRCLE('',#4756,1.5);
#633=CIRCLE('',#4763,2.5);
#634=CIRCLE('',#4764,2.5);
#635=CIRCLE('',#4766,2.5);
#636=CIRCLE('',#4767,2.5);
#637=CIRCLE('',#4785,3.113);
#638=CIRCLE('',#4786,1.07600000000001);
#639=CIRCLE('',#4787,3.113);
#640=CIRCLE('',#4788,1.5);
#641=CIRCLE('',#4789,1.5);
#642=CIRCLE('',#4790,1.5);
#643=CIRCLE('',#4796,1.076);
#644=CIRCLE('',#4797,1.5);
#645=CIRCLE('',#4800,0.731);
#646=CIRCLE('',#4801,0.731);
#647=CIRCLE('',#4802,0.731);
#648=CIRCLE('',#4803,0.731);
#649=CIRCLE('',#4804,1.5);
#650=CIRCLE('',#4805,1.5);
#651=CIRCLE('',#4814,1.07600079044967);
#652=CIRCLE('',#4822,1.5);
#653=CIRCLE('',#4825,1.5);
#654=CIRCLE('',#4828,1.5);
#655=CIRCLE('',#4831,1.5);
#656=CIRCLE('',#4854,1.5);
#657=CIRCLE('',#4856,1.5);
#658=CIRCLE('',#4874,3.88063729855617);
#659=CIRCLE('',#4878,3.88063729855617);
#660=CIRCLE('',#4880,3.88063729855617);
#661=CIRCLE('',#4932,0.731);
#662=CIRCLE('',#4935,0.731);
#663=CIRCLE('',#4938,0.731);
#664=CIRCLE('',#4940,0.731);
#665=CIRCLE('',#4944,1.5);
#666=CIRCLE('',#4946,1.5);
#667=CIRCLE('',#4948,1.5);
#668=CIRCLE('',#4950,1.5);
#669=LINE('',#6160,#1233);
#670=LINE('',#6162,#1234);
#671=LINE('',#6165,#1235);
#672=LINE('',#6169,#1236);
#673=LINE('',#6171,#1237);
#674=LINE('',#6174,#1238);
#675=LINE('',#6178,#1239);
#676=LINE('',#6180,#1240);
#677=LINE('',#6183,#1241);
#678=LINE('',#6186,#1242);
#679=LINE('',#6189,#1243);
#680=LINE('',#6191,#1244);
#681=LINE('',#6192,#1245);
#682=LINE('',#6195,#1246);
#683=LINE('',#6197,#1247);
#684=LINE('',#6198,#1248);
#685=LINE('',#6201,#1249);
#686=LINE('',#6203,#1250);
#687=LINE('',#6204,#1251);
#688=LINE('',#6210,#1252);
#689=LINE('',#6214,#1253);
#690=LINE('',#6217,#1254);
#691=LINE('',#6218,#1255);
#692=LINE('',#6221,#1256);
#693=LINE('',#6222,#1257);
#694=LINE('',#6225,#1258);
#695=LINE('',#6226,#1259);
#696=LINE('',#6228,#1260);
#697=LINE('',#6229,#1261);
#698=LINE('',#6232,#1262);
#699=LINE('',#6235,#1263);
#700=LINE('',#6240,#1264);
#701=LINE('',#6242,#1265);
#702=LINE('',#6246,#1266);
#703=LINE('',#6248,#1267);
#704=LINE('',#6251,#1268);
#705=LINE('',#6255,#1269);
#706=LINE('',#6257,#1270);
#707=LINE('',#6259,#1271);
#708=LINE('',#6260,#1272);
#709=LINE('',#6264,#1273);
#710=LINE('',#6265,#1274);
#711=LINE('',#6266,#1275);
#712=LINE('',#6269,#1276);
#713=LINE('',#6274,#1277);
#714=LINE('',#6276,#1278);
#715=LINE('',#6278,#1279);
#716=LINE('',#6280,#1280);
#717=LINE('',#6281,#1281);
#718=LINE('',#6283,#1282);
#719=LINE('',#6284,#1283);
#720=LINE('',#6287,#1284);
#721=LINE('',#6289,#1285);
#722=LINE('',#6290,#1286);
#723=LINE('',#6294,#1287);
#724=LINE('',#6303,#1288);
#725=LINE('',#6307,#1289);
#726=LINE('',#6312,#1290);
#727=LINE('',#6315,#1291);
#728=LINE('',#6317,#1292);
#729=LINE('',#6318,#1293);
#730=LINE('',#6321,#1294);
#731=LINE('',#6322,#1295);
#732=LINE('',#6324,#1296);
#733=LINE('',#6331,#1297);
#734=LINE('',#6333,#1298);
#735=LINE('',#6338,#1299);
#736=LINE('',#6340,#1300);
#737=LINE('',#6342,#1301);
#738=LINE('',#6347,#1302);
#739=LINE('',#6349,#1303);
#740=LINE('',#6351,#1304);
#741=LINE('',#6353,#1305);
#742=LINE('',#6355,#1306);
#743=LINE('',#6356,#1307);
#744=LINE('',#6359,#1308);
#745=LINE('',#6361,#1309);
#746=LINE('',#6362,#1310);
#747=LINE('',#6367,#1311);
#748=LINE('',#6369,#1312);
#749=LINE('',#6370,#1313);
#750=LINE('',#6374,#1314);
#751=LINE('',#6383,#1315);
#752=LINE('',#6387,#1316);
#753=LINE('',#6392,#1317);
#754=LINE('',#6395,#1318);
#755=LINE('',#6397,#1319);
#756=LINE('',#6398,#1320);
#757=LINE('',#6400,#1321);
#758=LINE('',#6401,#1322);
#759=LINE('',#6407,#1323);
#760=LINE('',#6412,#1324);
#761=LINE('',#6414,#1325);
#762=LINE('',#6416,#1326);
#763=LINE('',#6418,#1327);
#764=LINE('',#6420,#1328);
#765=LINE('',#6422,#1329);
#766=LINE('',#6427,#1330);
#767=LINE('',#6429,#1331);
#768=LINE('',#6432,#1332);
#769=LINE('',#6436,#1333);
#770=LINE('',#6440,#1334);
#771=LINE('',#6441,#1335);
#772=LINE('',#6446,#1336);
#773=LINE('',#6447,#1337);
#774=LINE('',#6450,#1338);
#775=LINE('',#6453,#1339);
#776=LINE('',#6457,#1340);
#777=LINE('',#6460,#1341);
#778=LINE('',#6462,#1342);
#779=LINE('',#6464,#1343);
#780=LINE('',#6469,#1344);
#781=LINE('',#6470,#1345);
#782=LINE('',#6473,#1346);
#783=LINE('',#6474,#1347);
#784=LINE('',#6476,#1348);
#785=LINE('',#6477,#1349);
#786=LINE('',#6479,#1350);
#787=LINE('',#6481,#1351);
#788=LINE('',#6483,#1352);
#789=LINE('',#6485,#1353);
#790=LINE('',#6487,#1354);
#791=LINE('',#6492,#1355);
#792=LINE('',#6494,#1356);
#793=LINE('',#6496,#1357);
#794=LINE('',#6497,#1358);
#795=LINE('',#6500,#1359);
#796=LINE('',#6502,#1360);
#797=LINE('',#6503,#1361);
#798=LINE('',#6506,#1362);
#799=LINE('',#6507,#1363);
#800=LINE('',#6510,#1364);
#801=LINE('',#6511,#1365);
#802=LINE('',#6513,#1366);
#803=LINE('',#6517,#1367);
#804=LINE('',#6519,#1368);
#805=LINE('',#6521,#1369);
#806=LINE('',#6522,#1370);
#807=LINE('',#6525,#1371);
#808=LINE('',#6527,#1372);
#809=LINE('',#6529,#1373);
#810=LINE('',#6531,#1374);
#811=LINE('',#6533,#1375);
#812=LINE('',#6535,#1376);
#813=LINE('',#6537,#1377);
#814=LINE('',#6539,#1378);
#815=LINE('',#6541,#1379);
#816=LINE('',#6543,#1380);
#817=LINE('',#6545,#1381);
#818=LINE('',#6547,#1382);
#819=LINE('',#6549,#1383);
#820=LINE('',#6551,#1384);
#821=LINE('',#6552,#1385);
#822=LINE('',#6555,#1386);
#823=LINE('',#6557,#1387);
#824=LINE('',#6559,#1388);
#825=LINE('',#6561,#1389);
#826=LINE('',#6563,#1390);
#827=LINE('',#6564,#1391);
#828=LINE('',#6567,#1392);
#829=LINE('',#6569,#1393);
#830=LINE('',#6571,#1394);
#831=LINE('',#6573,#1395);
#832=LINE('',#6575,#1396);
#833=LINE('',#6577,#1397);
#834=LINE('',#6579,#1398);
#835=LINE('',#6580,#1399);
#836=LINE('',#6591,#1400);
#837=LINE('',#6592,#1401);
#838=LINE('',#6595,#1402);
#839=LINE('',#6596,#1403);
#840=LINE('',#6600,#1404);
#841=LINE('',#6602,#1405);
#842=LINE('',#6604,#1406);
#843=LINE('',#6605,#1407);
#844=LINE('',#6607,#1408);
#845=LINE('',#6609,#1409);
#846=LINE('',#6613,#1410);
#847=LINE('',#6615,#1411);
#848=LINE('',#6617,#1412);
#849=LINE('',#6619,#1413);
#850=LINE('',#6621,#1414);
#851=LINE('',#6623,#1415);
#852=LINE('',#6625,#1416);
#853=LINE('',#6627,#1417);
#854=LINE('',#6629,#1418);
#855=LINE('',#6631,#1419);
#856=LINE('',#6633,#1420);
#857=LINE('',#6635,#1421);
#858=LINE('',#6639,#1422);
#859=LINE('',#6641,#1423);
#860=LINE('',#6643,#1424);
#861=LINE('',#6644,#1425);
#862=LINE('',#6649,#1426);
#863=LINE('',#6655,#1427);
#864=LINE('',#6690,#1428);
#865=LINE('',#6701,#1429);
#866=LINE('',#6703,#1430);
#867=LINE('',#6705,#1431);
#868=LINE('',#6707,#1432);
#869=LINE('',#6709,#1433);
#870=LINE('',#6720,#1434);
#871=LINE('',#6722,#1435);
#872=LINE('',#6724,#1436);
#873=LINE('',#6725,#1437);
#874=LINE('',#6728,#1438);
#875=LINE('',#6730,#1439);
#876=LINE('',#6732,#1440);
#877=LINE('',#6733,#1441);
#878=LINE('',#6741,#1442);
#879=LINE('',#6743,#1443);
#880=LINE('',#6745,#1444);
#881=LINE('',#6746,#1445);
#882=LINE('',#6750,#1446);
#883=LINE('',#6752,#1447);
#884=LINE('',#6754,#1448);
#885=LINE('',#6755,#1449);
#886=LINE('',#6758,#1450);
#887=LINE('',#6760,#1451);
#888=LINE('',#6762,#1452);
#889=LINE('',#6764,#1453);
#890=LINE('',#6789,#1454);
#891=LINE('',#6792,#1455);
#892=LINE('',#6794,#1456);
#893=LINE('',#6796,#1457);
#894=LINE('',#6797,#1458);
#895=LINE('',#6814,#1459);
#896=LINE('',#6817,#1460);
#897=LINE('',#6819,#1461);
#898=LINE('',#6821,#1462);
#899=LINE('',#6823,#1463);
#900=LINE('',#6825,#1464);
#901=LINE('',#6827,#1465);
#902=LINE('',#6828,#1466);
#903=LINE('',#6832,#1467);
#904=LINE('',#6834,#1468);
#905=LINE('',#6836,#1469);
#906=LINE('',#6837,#1470);
#907=LINE('',#6840,#1471);
#908=LINE('',#6841,#1472);
#909=LINE('',#6845,#1473);
#910=LINE('',#6847,#1474);
#911=LINE('',#6849,#1475);
#912=LINE('',#6850,#1476);
#913=LINE('',#6853,#1477);
#914=LINE('',#6855,#1478);
#915=LINE('',#6856,#1479);
#916=LINE('',#6860,#1480);
#917=LINE('',#6862,#1481);
#918=LINE('',#6864,#1482);
#919=LINE('',#6865,#1483);
#920=LINE('',#6868,#1484);
#921=LINE('',#6870,#1485);
#922=LINE('',#6871,#1486);
#923=LINE('',#6874,#1487);
#924=LINE('',#6876,#1488);
#925=LINE('',#6877,#1489);
#926=LINE('',#6881,#1490);
#927=LINE('',#6883,#1491);
#928=LINE('',#6885,#1492);
#929=LINE('',#6886,#1493);
#930=LINE('',#6892,#1494);
#931=LINE('',#6893,#1495);
#932=LINE('',#6894,#1496);
#933=LINE('',#6895,#1497);
#934=LINE('',#6897,#1498);
#935=LINE('',#6899,#1499);
#936=LINE('',#6901,#1500);
#937=LINE('',#6905,#1501);
#938=LINE('',#6907,#1502);
#939=LINE('',#6909,#1503);
#940=LINE('',#6912,#1504);
#941=LINE('',#6913,#1505);
#942=LINE('',#6923,#1506);
#943=LINE('',#6925,#1507);
#944=LINE('',#6927,#1508);
#945=LINE('',#6928,#1509);
#946=LINE('',#6932,#1510);
#947=LINE('',#6934,#1511);
#948=LINE('',#6936,#1512);
#949=LINE('',#6937,#1513);
#950=LINE('',#6940,#1514);
#951=LINE('',#6942,#1515);
#952=LINE('',#6943,#1516);
#953=LINE('',#6946,#1517);
#954=LINE('',#6947,#1518);
#955=LINE('',#6953,#1519);
#956=LINE('',#6955,#1520);
#957=LINE('',#6956,#1521);
#958=LINE('',#6957,#1522);
#959=LINE('',#6959,#1523);
#960=LINE('',#6960,#1524);
#961=LINE('',#6965,#1525);
#962=LINE('',#6966,#1526);
#963=LINE('',#6969,#1527);
#964=LINE('',#6970,#1528);
#965=LINE('',#6971,#1529);
#966=LINE('',#6972,#1530);
#967=LINE('',#6974,#1531);
#968=LINE('',#6976,#1532);
#969=LINE('',#6977,#1533);
#970=LINE('',#6980,#1534);
#971=LINE('',#6984,#1535);
#972=LINE('',#6988,#1536);
#973=LINE('',#6992,#1537);
#974=LINE('',#6999,#1538);
#975=LINE('',#7000,#1539);
#976=LINE('',#7003,#1540);
#977=LINE('',#7004,#1541);
#978=LINE('',#7007,#1542);
#979=LINE('',#7010,#1543);
#980=LINE('',#7013,#1544);
#981=LINE('',#7014,#1545);
#982=LINE('',#7016,#1546);
#983=LINE('',#7017,#1547);
#984=LINE('',#7021,#1548);
#985=LINE('',#7024,#1549);
#986=LINE('',#7027,#1550);
#987=LINE('',#7029,#1551);
#988=LINE('',#7030,#1552);
#989=LINE('',#7033,#1553);
#990=LINE('',#7035,#1554);
#991=LINE('',#7036,#1555);
#992=LINE('',#7039,#1556);
#993=LINE('',#7040,#1557);
#994=LINE('',#7043,#1558);
#995=LINE('',#7044,#1559);
#996=LINE('',#7047,#1560);
#997=LINE('',#7048,#1561);
#998=LINE('',#7050,#1562);
#999=LINE('',#7053,#1563);
#1000=LINE('',#7058,#1564);
#1001=LINE('',#7063,#1565);
#1002=LINE('',#7068,#1566);
#1003=LINE('',#7072,#1567);
#1004=LINE('',#7076,#1568);
#1005=LINE('',#7077,#1569);
#1006=LINE('',#7078,#1570);
#1007=LINE('',#7081,#1571);
#1008=LINE('',#7083,#1572);
#1009=LINE('',#7084,#1573);
#1010=LINE('',#7086,#1574);
#1011=LINE('',#7089,#1575);
#1012=LINE('',#7091,#1576);
#1013=LINE('',#7093,#1577);
#1014=LINE('',#7094,#1578);
#1015=LINE('',#7096,#1579);
#1016=LINE('',#7099,#1580);
#1017=LINE('',#7101,#1581);
#1018=LINE('',#7103,#1582);
#1019=LINE('',#7105,#1583);
#1020=LINE('',#7107,#1584);
#1021=LINE('',#7109,#1585);
#1022=LINE('',#7111,#1586);
#1023=LINE('',#7113,#1587);
#1024=LINE('',#7114,#1588);
#1025=LINE('',#7115,#1589);
#1026=LINE('',#7117,#1590);
#1027=LINE('',#7119,#1591);
#1028=LINE('',#7121,#1592);
#1029=LINE('',#7122,#1593);
#1030=LINE('',#7126,#1594);
#1031=LINE('',#7128,#1595);
#1032=LINE('',#7130,#1596);
#1033=LINE('',#7131,#1597);
#1034=LINE('',#7134,#1598);
#1035=LINE('',#7136,#1599);
#1036=LINE('',#7137,#1600);
#1037=LINE('',#7140,#1601);
#1038=LINE('',#7142,#1602);
#1039=LINE('',#7144,#1603);
#1040=LINE('',#7145,#1604);
#1041=LINE('',#7147,#1605);
#1042=LINE('',#7148,#1606);
#1043=LINE('',#7151,#1607);
#1044=LINE('',#7152,#1608);
#1045=LINE('',#7154,#1609);
#1046=LINE('',#7157,#1610);
#1047=LINE('',#7159,#1611);
#1048=LINE('',#7161,#1612);
#1049=LINE('',#7162,#1613);
#1050=LINE('',#7165,#1614);
#1051=LINE('',#7167,#1615);
#1052=LINE('',#7168,#1616);
#1053=LINE('',#7172,#1617);
#1054=LINE('',#7174,#1618);
#1055=LINE('',#7176,#1619);
#1056=LINE('',#7178,#1620);
#1057=LINE('',#7180,#1621);
#1058=LINE('',#7181,#1622);
#1059=LINE('',#7184,#1623);
#1060=LINE('',#7186,#1624);
#1061=LINE('',#7187,#1625);
#1062=LINE('',#7191,#1626);
#1063=LINE('',#7192,#1627);
#1064=LINE('',#7193,#1628);
#1065=LINE('',#7195,#1629);
#1066=LINE('',#7197,#1630);
#1067=LINE('',#7199,#1631);
#1068=LINE('',#7200,#1632);
#1069=LINE('',#7204,#1633);
#1070=LINE('',#7208,#1634);
#1071=LINE('',#7211,#1635);
#1072=LINE('',#7213,#1636);
#1073=LINE('',#7215,#1637);
#1074=LINE('',#7216,#1638);
#1075=LINE('',#7217,#1639);
#1076=LINE('',#7219,#1640);
#1077=LINE('',#7220,#1641);
#1078=LINE('',#7224,#1642);
#1079=LINE('',#7226,#1643);
#1080=LINE('',#7227,#1644);
#1081=LINE('',#7230,#1645);
#1082=LINE('',#7232,#1646);
#1083=LINE('',#7234,#1647);
#1084=LINE('',#7235,#1648);
#1085=LINE('',#7239,#1649);
#1086=LINE('',#7240,#1650);
#1087=LINE('',#7241,#1651);
#1088=LINE('',#7244,#1652);
#1089=LINE('',#7246,#1653);
#1090=LINE('',#7247,#1654);
#1091=LINE('',#7249,#1655);
#1092=LINE('',#7250,#1656);
#1093=LINE('',#7252,#1657);
#1094=LINE('',#7256,#1658);
#1095=LINE('',#7257,#1659);
#1096=LINE('',#7260,#1660);
#1097=LINE('',#7261,#1661);
#1098=LINE('',#7263,#1662);
#1099=LINE('',#7270,#1663);
#1100=LINE('',#7274,#1664);
#1101=LINE('',#7276,#1665);
#1102=LINE('',#7278,#1666);
#1103=LINE('',#7280,#1667);
#1104=LINE('',#7281,#1668);
#1105=LINE('',#7286,#1669);
#1106=LINE('',#7287,#1670);
#1107=LINE('',#7290,#1671);
#1108=LINE('',#7292,#1672);
#1109=LINE('',#7293,#1673);
#1110=LINE('',#7305,#1674);
#1111=LINE('',#7307,#1675);
#1112=LINE('',#7309,#1676);
#1113=LINE('',#7311,#1677);
#1114=LINE('',#7312,#1678);
#1115=LINE('',#7315,#1679);
#1116=LINE('',#7317,#1680);
#1117=LINE('',#7319,#1681);
#1118=LINE('',#7320,#1682);
#1119=LINE('',#7322,#1683);
#1120=LINE('',#7324,#1684);
#1121=LINE('',#7325,#1685);
#1122=LINE('',#7328,#1686);
#1123=LINE('',#7330,#1687);
#1124=LINE('',#7331,#1688);
#1125=LINE('',#7334,#1689);
#1126=LINE('',#7336,#1690);
#1127=LINE('',#7337,#1691);
#1128=LINE('',#7340,#1692);
#1129=LINE('',#7341,#1693);
#1130=LINE('',#7344,#1694);
#1131=LINE('',#7345,#1695);
#1132=LINE('',#7348,#1696);
#1133=LINE('',#7349,#1697);
#1134=LINE('',#7352,#1698);
#1135=LINE('',#7353,#1699);
#1136=LINE('',#7356,#1700);
#1137=LINE('',#7357,#1701);
#1138=LINE('',#7360,#1702);
#1139=LINE('',#7361,#1703);
#1140=LINE('',#7363,#1704);
#1141=LINE('',#7367,#1705);
#1142=LINE('',#7369,#1706);
#1143=LINE('',#7370,#1707);
#1144=LINE('',#7373,#1708);
#1145=LINE('',#7374,#1709);
#1146=LINE('',#7377,#1710);
#1147=LINE('',#7378,#1711);
#1148=LINE('',#7381,#1712);
#1149=LINE('',#7382,#1713);
#1150=LINE('',#7385,#1714);
#1151=LINE('',#7386,#1715);
#1152=LINE('',#7389,#1716);
#1153=LINE('',#7390,#1717);
#1154=LINE('',#7393,#1718);
#1155=LINE('',#7394,#1719);
#1156=LINE('',#7396,#1720);
#1157=LINE('',#7399,#1721);
#1158=LINE('',#7400,#1722);
#1159=LINE('',#7402,#1723);
#1160=LINE('',#7403,#1724);
#1161=LINE('',#7405,#1725);
#1162=LINE('',#7406,#1726);
#1163=LINE('',#7410,#1727);
#1164=LINE('',#7411,#1728);
#1165=LINE('',#7429,#1729);
#1166=LINE('',#7453,#1730);
#1167=LINE('',#7456,#1731);
#1168=LINE('',#7458,#1732);
#1169=LINE('',#7460,#1733);
#1170=LINE('',#7461,#1734);
#1171=LINE('',#7463,#1735);
#1172=LINE('',#7466,#1736);
#1173=LINE('',#7467,#1737);
#1174=LINE('',#7469,#1738);
#1175=LINE('',#7470,#1739);
#1176=LINE('',#7473,#1740);
#1177=LINE('',#7474,#1741);
#1178=LINE('',#7477,#1742);
#1179=LINE('',#7478,#1743);
#1180=LINE('',#7480,#1744);
#1181=LINE('',#7481,#1745);
#1182=LINE('',#7484,#1746);
#1183=LINE('',#7486,#1747);
#1184=LINE('',#7487,#1748);
#1185=LINE('',#7489,#1749);
#1186=LINE('',#7491,#1750);
#1187=LINE('',#7496,#1751);
#1188=LINE('',#7498,#1752);
#1189=LINE('',#7499,#1753);
#1190=LINE('',#7501,#1754);
#1191=LINE('',#7504,#1755);
#1192=LINE('',#7505,#1756);
#1193=LINE('',#7507,#1757);
#1194=LINE('',#7509,#1758);
#1195=LINE('',#7512,#1759);
#1196=LINE('',#7514,#1760);
#1197=LINE('',#7516,#1761);
#1198=LINE('',#7521,#1762);
#1199=LINE('',#7524,#1763);
#1200=LINE('',#7527,#1764);
#1201=LINE('',#7528,#1765);
#1202=LINE('',#7533,#1766);
#1203=LINE('',#7534,#1767);
#1204=LINE('',#7537,#1768);
#1205=LINE('',#7538,#1769);
#1206=LINE('',#7542,#1770);
#1207=LINE('',#7546,#1771);
#1208=LINE('',#7548,#1772);
#1209=LINE('',#7550,#1773);
#1210=LINE('',#7554,#1774);
#1211=LINE('',#7558,#1775);
#1212=LINE('',#7562,#1776);
#1213=LINE('',#7565,#1777);
#1214=LINE('',#7569,#1778);
#1215=LINE('',#7570,#1779);
#1216=LINE('',#7572,#1780);
#1217=LINE('',#7574,#1781);
#1218=LINE('',#7576,#1782);
#1219=LINE('',#7578,#1783);
#1220=LINE('',#7580,#1784);
#1221=LINE('',#7581,#1785);
#1222=LINE('',#7586,#1786);
#1223=LINE('',#7588,#1787);
#1224=LINE('',#7589,#1788);
#1225=LINE('',#7592,#1789);
#1226=LINE('',#7593,#1790);
#1227=LINE('',#7596,#1791);
#1228=LINE('',#7597,#1792);
#1229=LINE('',#7599,#1793);
#1230=LINE('',#7600,#1794);
#1231=LINE('',#7602,#1795);
#1232=LINE('',#7604,#1796);
#1233=VECTOR('',#4970,10.);
#1234=VECTOR('',#4971,10.);
#1235=VECTOR('',#4974,10.);
#1236=VECTOR('',#4977,10.);
#1237=VECTOR('',#4978,10.);
#1238=VECTOR('',#4981,10.);
#1239=VECTOR('',#4984,10.);
#1240=VECTOR('',#4987,10.);
#1241=VECTOR('',#4990,10.);
#1242=VECTOR('',#4993,10.);
#1243=VECTOR('',#4996,10.);
#1244=VECTOR('',#4997,10.);
#1245=VECTOR('',#4998,10.);
#1246=VECTOR('',#5001,10.);
#1247=VECTOR('',#5002,10.);
#1248=VECTOR('',#5003,10.);
#1249=VECTOR('',#5006,10.);
#1250=VECTOR('',#5007,10.);
#1251=VECTOR('',#5008,10.);
#1252=VECTOR('',#5015,10.);
#1253=VECTOR('',#5018,10.);
#1254=VECTOR('',#5021,10.);
#1255=VECTOR('',#5022,10.);
#1256=VECTOR('',#5025,10.);
#1257=VECTOR('',#5026,10.);
#1258=VECTOR('',#5029,10.);
#1259=VECTOR('',#5030,10.);
#1260=VECTOR('',#5033,10.);
#1261=VECTOR('',#5034,10.);
#1262=VECTOR('',#5037,10.);
#1263=VECTOR('',#5042,10.);
#1264=VECTOR('',#5047,10.);
#1265=VECTOR('',#5048,10.);
#1266=VECTOR('',#5051,10.);
#1267=VECTOR('',#5052,10.);
#1268=VECTOR('',#5055,10.);
#1269=VECTOR('',#5058,10.);
#1270=VECTOR('',#5059,10.);
#1271=VECTOR('',#5060,10.);
#1272=VECTOR('',#5061,10.);
#1273=VECTOR('',#5064,10.);
#1274=VECTOR('',#5065,10.);
#1275=VECTOR('',#5066,10.);
#1276=VECTOR('',#5069,10.);
#1277=VECTOR('',#5074,10.);
#1278=VECTOR('',#5075,10.);
#1279=VECTOR('',#5076,10.);
#1280=VECTOR('',#5077,10.);
#1281=VECTOR('',#5078,10.);
#1282=VECTOR('',#5079,10.);
#1283=VECTOR('',#5080,10.);
#1284=VECTOR('',#5083,10.);
#1285=VECTOR('',#5084,10.);
#1286=VECTOR('',#5085,10.);
#1287=VECTOR('',#5090,10.);
#1288=VECTOR('',#5097,10.);
#1289=VECTOR('',#5100,10.);
#1290=VECTOR('',#5107,1.076);
#1291=VECTOR('',#5110,10.);
#1292=VECTOR('',#5111,10.);
#1293=VECTOR('',#5112,10.);
#1294=VECTOR('',#5115,10.);
#1295=VECTOR('',#5116,10.);
#1296=VECTOR('',#5119,10.);
#1297=VECTOR('',#5126,10.);
#1298=VECTOR('',#5129,10.);
#1299=VECTOR('',#5134,10.);
#1300=VECTOR('',#5135,10.);
#1301=VECTOR('',#5136,10.);
#1302=VECTOR('',#5141,10.);
#1303=VECTOR('',#5142,10.);
#1304=VECTOR('',#5143,10.);
#1305=VECTOR('',#5144,10.);
#1306=VECTOR('',#5145,10.);
#1307=VECTOR('',#5146,10.);
#1308=VECTOR('',#5149,10.);
#1309=VECTOR('',#5150,10.);
#1310=VECTOR('',#5151,10.);
#1311=VECTOR('',#5156,10.);
#1312=VECTOR('',#5157,10.);
#1313=VECTOR('',#5158,10.);
#1314=VECTOR('',#5163,10.);
#1315=VECTOR('',#5170,10.);
#1316=VECTOR('',#5173,10.);
#1317=VECTOR('',#5180,10.);
#1318=VECTOR('',#5183,10.);
#1319=VECTOR('',#5184,10.);
#1320=VECTOR('',#5185,10.);
#1321=VECTOR('',#5188,10.);
#1322=VECTOR('',#5189,10.);
#1323=VECTOR('',#5194,10.);
#1324=VECTOR('',#5199,10.);
#1325=VECTOR('',#5200,10.);
#1326=VECTOR('',#5201,10.);
#1327=VECTOR('',#5202,10.);
#1328=VECTOR('',#5203,10.);
#1329=VECTOR('',#5204,10.);
#1330=VECTOR('',#5209,10.);
#1331=VECTOR('',#5210,10.);
#1332=VECTOR('',#5213,10.);
#1333=VECTOR('',#5216,10.);
#1334=VECTOR('',#5219,10.);
#1335=VECTOR('',#5220,10.);
#1336=VECTOR('',#5225,10.);
#1337=VECTOR('',#5226,10.);
#1338=VECTOR('',#5229,10.);
#1339=VECTOR('',#5232,10.);
#1340=VECTOR('',#5235,10.);
#1341=VECTOR('',#5238,10.);
#1342=VECTOR('',#5239,10.);
#1343=VECTOR('',#5240,10.);
#1344=VECTOR('',#5247,10.);
#1345=VECTOR('',#5248,10.);
#1346=VECTOR('',#5251,10.);
#1347=VECTOR('',#5252,10.);
#1348=VECTOR('',#5255,10.);
#1349=VECTOR('',#5256,10.);
#1350=VECTOR('',#5259,10.);
#1351=VECTOR('',#5262,10.);
#1352=VECTOR('',#5265,10.);
#1353=VECTOR('',#5268,10.);
#1354=VECTOR('',#5271,10.);
#1355=VECTOR('',#5276,10.);
#1356=VECTOR('',#5277,10.);
#1357=VECTOR('',#5278,10.);
#1358=VECTOR('',#5279,10.);
#1359=VECTOR('',#5282,10.);
#1360=VECTOR('',#5283,10.);
#1361=VECTOR('',#5284,10.);
#1362=VECTOR('',#5287,10.);
#1363=VECTOR('',#5288,10.);
#1364=VECTOR('',#5291,10.);
#1365=VECTOR('',#5292,10.);
#1366=VECTOR('',#5295,10.);
#1367=VECTOR('',#5298,10.);
#1368=VECTOR('',#5299,10.);
#1369=VECTOR('',#5300,10.);
#1370=VECTOR('',#5301,10.);
#1371=VECTOR('',#5304,10.);
#1372=VECTOR('',#5305,10.);
#1373=VECTOR('',#5306,10.);
#1374=VECTOR('',#5307,10.);
#1375=VECTOR('',#5308,10.);
#1376=VECTOR('',#5309,10.);
#1377=VECTOR('',#5310,10.);
#1378=VECTOR('',#5311,10.);
#1379=VECTOR('',#5312,10.);
#1380=VECTOR('',#5313,10.);
#1381=VECTOR('',#5314,10.);
#1382=VECTOR('',#5315,10.);
#1383=VECTOR('',#5316,10.);
#1384=VECTOR('',#5317,10.);
#1385=VECTOR('',#5318,10.);
#1386=VECTOR('',#5319,10.);
#1387=VECTOR('',#5320,10.);
#1388=VECTOR('',#5321,10.);
#1389=VECTOR('',#5322,10.);
#1390=VECTOR('',#5323,10.);
#1391=VECTOR('',#5324,10.);
#1392=VECTOR('',#5325,10.);
#1393=VECTOR('',#5326,10.);
#1394=VECTOR('',#5327,10.);
#1395=VECTOR('',#5328,10.);
#1396=VECTOR('',#5329,10.);
#1397=VECTOR('',#5330,10.);
#1398=VECTOR('',#5331,10.);
#1399=VECTOR('',#5332,10.);
#1400=VECTOR('',#5343,10.);
#1401=VECTOR('',#5344,10.);
#1402=VECTOR('',#5347,10.);
#1403=VECTOR('',#5348,10.);
#1404=VECTOR('',#5351,10.);
#1405=VECTOR('',#5352,10.);
#1406=VECTOR('',#5353,10.);
#1407=VECTOR('',#5354,10.);
#1408=VECTOR('',#5355,10.);
#1409=VECTOR('',#5356,10.);
#1410=VECTOR('',#5359,10.);
#1411=VECTOR('',#5360,10.);
#1412=VECTOR('',#5361,10.);
#1413=VECTOR('',#5362,10.);
#1414=VECTOR('',#5363,10.);
#1415=VECTOR('',#5364,10.);
#1416=VECTOR('',#5365,10.);
#1417=VECTOR('',#5366,10.);
#1418=VECTOR('',#5367,10.);
#1419=VECTOR('',#5368,10.);
#1420=VECTOR('',#5369,10.);
#1421=VECTOR('',#5370,10.);
#1422=VECTOR('',#5373,10.);
#1423=VECTOR('',#5374,10.);
#1424=VECTOR('',#5375,10.);
#1425=VECTOR('',#5376,10.);
#1426=VECTOR('',#5381,2.5);
#1427=VECTOR('',#5388,2.5);
#1428=VECTOR('',#5391,10.);
#1429=VECTOR('',#5394,10.);
#1430=VECTOR('',#5395,10.);
#1431=VECTOR('',#5396,10.);
#1432=VECTOR('',#5397,10.);
#1433=VECTOR('',#5398,10.);
#1434=VECTOR('',#5401,10.);
#1435=VECTOR('',#5402,10.);
#1436=VECTOR('',#5403,10.);
#1437=VECTOR('',#5404,10.);
#1438=VECTOR('',#5407,10.);
#1439=VECTOR('',#5408,10.);
#1440=VECTOR('',#5409,10.);
#1441=VECTOR('',#5410,10.);
#1442=VECTOR('',#5411,10.);
#1443=VECTOR('',#5412,10.);
#1444=VECTOR('',#5413,10.);
#1445=VECTOR('',#5414,10.);
#1446=VECTOR('',#5417,10.);
#1447=VECTOR('',#5418,10.);
#1448=VECTOR('',#5419,10.);
#1449=VECTOR('',#5420,10.);
#1450=VECTOR('',#5423,10.);
#1451=VECTOR('',#5424,10.);
#1452=VECTOR('',#5425,10.);
#1453=VECTOR('',#5426,10.);
#1454=VECTOR('',#5429,10.);
#1455=VECTOR('',#5432,10.);
#1456=VECTOR('',#5433,10.);
#1457=VECTOR('',#5434,10.);
#1458=VECTOR('',#5435,10.);
#1459=VECTOR('',#5436,10.);
#1460=VECTOR('',#5439,10.);
#1461=VECTOR('',#5440,10.);
#1462=VECTOR('',#5441,10.);
#1463=VECTOR('',#5442,10.);
#1464=VECTOR('',#5443,10.);
#1465=VECTOR('',#5444,10.);
#1466=VECTOR('',#5445,10.);
#1467=VECTOR('',#5448,10.);
#1468=VECTOR('',#5449,10.);
#1469=VECTOR('',#5450,10.);
#1470=VECTOR('',#5451,10.);
#1471=VECTOR('',#5454,10.);
#1472=VECTOR('',#5455,10.);
#1473=VECTOR('',#5458,10.);
#1474=VECTOR('',#5459,10.);
#1475=VECTOR('',#5460,10.);
#1476=VECTOR('',#5461,10.);
#1477=VECTOR('',#5464,10.);
#1478=VECTOR('',#5465,10.);
#1479=VECTOR('',#5466,10.);
#1480=VECTOR('',#5469,10.);
#1481=VECTOR('',#5470,10.);
#1482=VECTOR('',#5471,10.);
#1483=VECTOR('',#5472,10.);
#1484=VECTOR('',#5475,10.);
#1485=VECTOR('',#5476,10.);
#1486=VECTOR('',#5477,10.);
#1487=VECTOR('',#5480,10.);
#1488=VECTOR('',#5481,10.);
#1489=VECTOR('',#5482,10.);
#1490=VECTOR('',#5485,10.);
#1491=VECTOR('',#5486,10.);
#1492=VECTOR('',#5487,10.);
#1493=VECTOR('',#5488,10.);
#1494=VECTOR('',#5493,10.);
#1495=VECTOR('',#5494,10.);
#1496=VECTOR('',#5495,10.);
#1497=VECTOR('',#5496,10.);
#1498=VECTOR('',#5497,10.);
#1499=VECTOR('',#5498,10.);
#1500=VECTOR('',#5499,10.);
#1501=VECTOR('',#5502,10.);
#1502=VECTOR('',#5503,10.);
#1503=VECTOR('',#5504,10.);
#1504=VECTOR('',#5507,10.);
#1505=VECTOR('',#5508,10.);
#1506=VECTOR('',#5517,10.);
#1507=VECTOR('',#5518,10.);
#1508=VECTOR('',#5519,10.);
#1509=VECTOR('',#5520,10.);
#1510=VECTOR('',#5523,10.);
#1511=VECTOR('',#5524,10.);
#1512=VECTOR('',#5525,10.);
#1513=VECTOR('',#5526,10.);
#1514=VECTOR('',#5529,10.);
#1515=VECTOR('',#5530,10.);
#1516=VECTOR('',#5531,10.);
#1517=VECTOR('',#5534,10.);
#1518=VECTOR('',#5535,10.);
#1519=VECTOR('',#5540,10.);
#1520=VECTOR('',#5541,10.);
#1521=VECTOR('',#5542,10.);
#1522=VECTOR('',#5543,10.);
#1523=VECTOR('',#5544,10.);
#1524=VECTOR('',#5545,10.);
#1525=VECTOR('',#5550,10.);
#1526=VECTOR('',#5551,10.);
#1527=VECTOR('',#5554,10.);
#1528=VECTOR('',#5555,10.);
#1529=VECTOR('',#5556,10.);
#1530=VECTOR('',#5557,10.);
#1531=VECTOR('',#5558,10.);
#1532=VECTOR('',#5559,10.);
#1533=VECTOR('',#5560,10.);
#1534=VECTOR('',#5561,10.);
#1535=VECTOR('',#5564,10.);
#1536=VECTOR('',#5567,10.);
#1537=VECTOR('',#5570,10.);
#1538=VECTOR('',#5579,10.);
#1539=VECTOR('',#5580,10.);
#1540=VECTOR('',#5583,10.);
#1541=VECTOR('',#5584,10.);
#1542=VECTOR('',#5587,10.);
#1543=VECTOR('',#5590,10.);
#1544=VECTOR('',#5593,10.);
#1545=VECTOR('',#5594,10.);
#1546=VECTOR('',#5597,10.);
#1547=VECTOR('',#5598,10.);
#1548=VECTOR('',#5603,1.076);
#1549=VECTOR('',#5606,10.);
#1550=VECTOR('',#5609,10.);
#1551=VECTOR('',#5610,10.);
#1552=VECTOR('',#5611,10.);
#1553=VECTOR('',#5614,10.);
#1554=VECTOR('',#5615,10.);
#1555=VECTOR('',#5616,10.);
#1556=VECTOR('',#5619,10.);
#1557=VECTOR('',#5620,10.);
#1558=VECTOR('',#5623,10.);
#1559=VECTOR('',#5624,10.);
#1560=VECTOR('',#5627,10.);
#1561=VECTOR('',#5628,10.);
#1562=VECTOR('',#5631,10.);
#1563=VECTOR('',#5634,1.5);
#1564=VECTOR('',#5641,1.5);
#1565=VECTOR('',#5648,1.5);
#1566=VECTOR('',#5655,1.5);
#1567=VECTOR('',#5662,10.);
#1568=VECTOR('',#5665,10.);
#1569=VECTOR('',#5666,10.);
#1570=VECTOR('',#5667,10.);
#1571=VECTOR('',#5670,10.);
#1572=VECTOR('',#5671,10.);
#1573=VECTOR('',#5672,10.);
#1574=VECTOR('',#5675,10.);
#1575=VECTOR('',#5678,10.);
#1576=VECTOR('',#5679,10.);
#1577=VECTOR('',#5680,10.);
#1578=VECTOR('',#5681,10.);
#1579=VECTOR('',#5684,10.);
#1580=VECTOR('',#5687,10.);
#1581=VECTOR('',#5688,10.);
#1582=VECTOR('',#5689,10.);
#1583=VECTOR('',#5690,10.);
#1584=VECTOR('',#5691,10.);
#1585=VECTOR('',#5692,10.);
#1586=VECTOR('',#5693,10.);
#1587=VECTOR('',#5694,10.);
#1588=VECTOR('',#5695,10.);
#1589=VECTOR('',#5696,10.);
#1590=VECTOR('',#5697,10.);
#1591=VECTOR('',#5698,10.);
#1592=VECTOR('',#5699,10.);
#1593=VECTOR('',#5700,10.);
#1594=VECTOR('',#5703,10.);
#1595=VECTOR('',#5704,10.);
#1596=VECTOR('',#5705,10.);
#1597=VECTOR('',#5706,10.);
#1598=VECTOR('',#5709,10.);
#1599=VECTOR('',#5710,10.);
#1600=VECTOR('',#5711,10.);
#1601=VECTOR('',#5714,10.);
#1602=VECTOR('',#5715,10.);
#1603=VECTOR('',#5716,10.);
#1604=VECTOR('',#5717,10.);
#1605=VECTOR('',#5720,10.);
#1606=VECTOR('',#5721,10.);
#1607=VECTOR('',#5724,10.);
#1608=VECTOR('',#5725,10.);
#1609=VECTOR('',#5728,10.);
#1610=VECTOR('',#5731,10.);
#1611=VECTOR('',#5732,10.);
#1612=VECTOR('',#5733,10.);
#1613=VECTOR('',#5734,10.);
#1614=VECTOR('',#5737,10.);
#1615=VECTOR('',#5738,10.);
#1616=VECTOR('',#5739,10.);
#1617=VECTOR('',#5744,10.);
#1618=VECTOR('',#5745,10.);
#1619=VECTOR('',#5746,10.);
#1620=VECTOR('',#5747,10.);
#1621=VECTOR('',#5748,10.);
#1622=VECTOR('',#5749,10.);
#1623=VECTOR('',#5752,10.);
#1624=VECTOR('',#5753,10.);
#1625=VECTOR('',#5754,10.);
#1626=VECTOR('',#5757,10.);
#1627=VECTOR('',#5758,10.);
#1628=VECTOR('',#5759,10.);
#1629=VECTOR('',#5762,10.);
#1630=VECTOR('',#5763,10.);
#1631=VECTOR('',#5764,10.);
#1632=VECTOR('',#5765,10.);
#1633=VECTOR('',#5770,1.5);
#1634=VECTOR('',#5775,1.5);
#1635=VECTOR('',#5778,10.);
#1636=VECTOR('',#5779,10.);
#1637=VECTOR('',#5780,10.);
#1638=VECTOR('',#5781,10.);
#1639=VECTOR('',#5782,10.);
#1640=VECTOR('',#5785,10.);
#1641=VECTOR('',#5786,10.);
#1642=VECTOR('',#5791,10.);
#1643=VECTOR('',#5792,10.);
#1644=VECTOR('',#5793,10.);
#1645=VECTOR('',#5796,10.);
#1646=VECTOR('',#5797,10.);
#1647=VECTOR('',#5798,10.);
#1648=VECTOR('',#5799,10.);
#1649=VECTOR('',#5802,10.);
#1650=VECTOR('',#5803,10.);
#1651=VECTOR('',#5804,10.);
#1652=VECTOR('',#5807,10.);
#1653=VECTOR('',#5808,10.);
#1654=VECTOR('',#5809,10.);
#1655=VECTOR('',#5810,10.);
#1656=VECTOR('',#5811,10.);
#1657=VECTOR('',#5814,10.);
#1658=VECTOR('',#5819,10.);
#1659=VECTOR('',#5820,10.);
#1660=VECTOR('',#5823,10.);
#1661=VECTOR('',#5824,10.);
#1662=VECTOR('',#5827,10.);
#1663=VECTOR('',#5834,10.);
#1664=VECTOR('',#5837,10.);
#1665=VECTOR('',#5838,10.);
#1666=VECTOR('',#5839,10.);
#1667=VECTOR('',#5840,10.);
#1668=VECTOR('',#5841,10.);
#1669=VECTOR('',#5846,10.);
#1670=VECTOR('',#5847,10.);
#1671=VECTOR('',#5850,10.);
#1672=VECTOR('',#5851,10.);
#1673=VECTOR('',#5852,10.);
#1674=VECTOR('',#5867,10.);
#1675=VECTOR('',#5868,10.);
#1676=VECTOR('',#5869,10.);
#1677=VECTOR('',#5870,10.);
#1678=VECTOR('',#5871,10.);
#1679=VECTOR('',#5874,10.);
#1680=VECTOR('',#5875,10.);
#1681=VECTOR('',#5876,10.);
#1682=VECTOR('',#5877,10.);
#1683=VECTOR('',#5878,10.);
#1684=VECTOR('',#5879,10.);
#1685=VECTOR('',#5880,10.);
#1686=VECTOR('',#5883,10.);
#1687=VECTOR('',#5884,10.);
#1688=VECTOR('',#5885,10.);
#1689=VECTOR('',#5888,10.);
#1690=VECTOR('',#5889,10.);
#1691=VECTOR('',#5890,10.);
#1692=VECTOR('',#5893,10.);
#1693=VECTOR('',#5894,10.);
#1694=VECTOR('',#5897,10.);
#1695=VECTOR('',#5898,10.);
#1696=VECTOR('',#5901,10.);
#1697=VECTOR('',#5902,10.);
#1698=VECTOR('',#5905,10.);
#1699=VECTOR('',#5906,10.);
#1700=VECTOR('',#5909,10.);
#1701=VECTOR('',#5910,10.);
#1702=VECTOR('',#5913,10.);
#1703=VECTOR('',#5914,10.);
#1704=VECTOR('',#5917,10.);
#1705=VECTOR('',#5922,10.);
#1706=VECTOR('',#5923,10.);
#1707=VECTOR('',#5924,10.);
#1708=VECTOR('',#5927,10.);
#1709=VECTOR('',#5928,10.);
#1710=VECTOR('',#5931,10.);
#1711=VECTOR('',#5932,10.);
#1712=VECTOR('',#5935,10.);
#1713=VECTOR('',#5936,10.);
#1714=VECTOR('',#5939,10.);
#1715=VECTOR('',#5940,10.);
#1716=VECTOR('',#5943,10.);
#1717=VECTOR('',#5944,10.);
#1718=VECTOR('',#5947,10.);
#1719=VECTOR('',#5948,10.);
#1720=VECTOR('',#5951,10.);
#1721=VECTOR('',#5956,10.);
#1722=VECTOR('',#5957,10.);
#1723=VECTOR('',#5960,10.);
#1724=VECTOR('',#5961,10.);
#1725=VECTOR('',#5964,10.);
#1726=VECTOR('',#5965,10.);
#1727=VECTOR('',#5972,12.9040197194458);
#1728=VECTOR('',#5973,12.9039924153534);
#1729=VECTOR('',#5974,10.);
#1730=VECTOR('',#5975,10.);
#1731=VECTOR('',#5978,10.);
#1732=VECTOR('',#5979,10.);
#1733=VECTOR('',#5980,10.);
#1734=VECTOR('',#5981,10.);
#1735=VECTOR('',#5984,10.);
#1736=VECTOR('',#5987,10.);
#1737=VECTOR('',#5988,10.);
#1738=VECTOR('',#5991,10.);
#1739=VECTOR('',#5992,10.);
#1740=VECTOR('',#5995,10.);
#1741=VECTOR('',#5996,10.);
#1742=VECTOR('',#5999,10.);
#1743=VECTOR('',#6000,10.);
#1744=VECTOR('',#6001,10.);
#1745=VECTOR('',#6002,10.);
#1746=VECTOR('',#6005,10.);
#1747=VECTOR('',#6006,10.);
#1748=VECTOR('',#6007,10.);
#1749=VECTOR('',#6010,10.);
#1750=VECTOR('',#6013,10.);
#1751=VECTOR('',#6020,10.);
#1752=VECTOR('',#6021,10.);
#1753=VECTOR('',#6022,10.);
#1754=VECTOR('',#6025,10.);
#1755=VECTOR('',#6028,10.);
#1756=VECTOR('',#6029,10.);
#1757=VECTOR('',#6032,10.);
#1758=VECTOR('',#6035,10.);
#1759=VECTOR('',#6040,10.);
#1760=VECTOR('',#6043,10.);
#1761=VECTOR('',#6046,10.);
#1762=VECTOR('',#6053,10.);
#1763=VECTOR('',#6056,10.);
#1764=VECTOR('',#6059,10.);
#1765=VECTOR('',#6060,10.);
#1766=VECTOR('',#6065,10.);
#1767=VECTOR('',#6066,10.);
#1768=VECTOR('',#6069,10.);
#1769=VECTOR('',#6070,10.);
#1770=VECTOR('',#6075,10.);
#1771=VECTOR('',#6080,10.);
#1772=VECTOR('',#6083,10.);
#1773=VECTOR('',#6086,10.);
#1774=VECTOR('',#6091,1.5);
#1775=VECTOR('',#6096,1.5);
#1776=VECTOR('',#6101,1.5);
#1777=VECTOR('',#6104,1.5);
#1778=VECTOR('',#6109,10.);
#1779=VECTOR('',#6110,10.);
#1780=VECTOR('',#6113,10.);
#1781=VECTOR('',#6116,10.);
#1782=VECTOR('',#6119,10.);
#1783=VECTOR('',#6122,10.);
#1784=VECTOR('',#6125,10.);
#1785=VECTOR('',#6126,10.);
#1786=VECTOR('',#6133,10.);
#1787=VECTOR('',#6134,10.);
#1788=VECTOR('',#6135,10.);
#1789=VECTOR('',#6138,10.);
#1790=VECTOR('',#6139,10.);
#1791=VECTOR('',#6142,10.);
#1792=VECTOR('',#6143,10.);
#1793=VECTOR('',#6146,10.);
#1794=VECTOR('',#6147,10.);
#1795=VECTOR('',#6150,10.);
#1796=VECTOR('',#6153,10.);
#1797=VERTEX_POINT('',#6158);
#1798=VERTEX_POINT('',#6159);
#1799=VERTEX_POINT('',#6161);
#1800=VERTEX_POINT('',#6163);
#1801=VERTEX_POINT('',#6167);
#1802=VERTEX_POINT('',#6168);
#1803=VERTEX_POINT('',#6170);
#1804=VERTEX_POINT('',#6172);
#1805=VERTEX_POINT('',#6176);
#1806=VERTEX_POINT('',#6177);
#1807=VERTEX_POINT('',#6182);
#1808=VERTEX_POINT('',#6184);
#1809=VERTEX_POINT('',#6188);
#1810=VERTEX_POINT('',#6190);
#1811=VERTEX_POINT('',#6194);
#1812=VERTEX_POINT('',#6196);
#1813=VERTEX_POINT('',#6200);
#1814=VERTEX_POINT('',#6202);
#1815=VERTEX_POINT('',#6206);
#1816=VERTEX_POINT('',#6208);
#1817=VERTEX_POINT('',#6212);
#1818=VERTEX_POINT('',#6213);
#1819=VERTEX_POINT('',#6215);
#1820=VERTEX_POINT('',#6220);
#1821=VERTEX_POINT('',#6224);
#1822=VERTEX_POINT('',#6231);
#1823=VERTEX_POINT('',#6238);
#1824=VERTEX_POINT('',#6239);
#1825=VERTEX_POINT('',#6241);
#1826=VERTEX_POINT('',#6243);
#1827=VERTEX_POINT('',#6245);
#1828=VERTEX_POINT('',#6247);
#1829=VERTEX_POINT('',#6249);
#1830=VERTEX_POINT('',#6253);
#1831=VERTEX_POINT('',#6254);
#1832=VERTEX_POINT('',#6256);
#1833=VERTEX_POINT('',#6258);
#1834=VERTEX_POINT('',#6262);
#1835=VERTEX_POINT('',#6263);
#1836=VERTEX_POINT('',#6268);
#1837=VERTEX_POINT('',#6272);
#1838=VERTEX_POINT('',#6273);
#1839=VERTEX_POINT('',#6275);
#1840=VERTEX_POINT('',#6277);
#1841=VERTEX_POINT('',#6279);
#1842=VERTEX_POINT('',#6282);
#1843=VERTEX_POINT('',#6286);
#1844=VERTEX_POINT('',#6288);
#1845=VERTEX_POINT('',#6292);
#1846=VERTEX_POINT('',#6296);
#1847=VERTEX_POINT('',#6302);
#1848=VERTEX_POINT('',#6304);
#1849=VERTEX_POINT('',#6306);
#1850=VERTEX_POINT('',#6310);
#1851=VERTEX_POINT('',#6314);
#1852=VERTEX_POINT('',#6316);
#1853=VERTEX_POINT('',#6320);
#1854=VERTEX_POINT('',#6336);
#1855=VERTEX_POINT('',#6337);
#1856=VERTEX_POINT('',#6339);
#1857=VERTEX_POINT('',#6341);
#1858=VERTEX_POINT('',#6345);
#1859=VERTEX_POINT('',#6346);
#1860=VERTEX_POINT('',#6348);
#1861=VERTEX_POINT('',#6350);
#1862=VERTEX_POINT('',#6352);
#1863=VERTEX_POINT('',#6354);
#1864=VERTEX_POINT('',#6358);
#1865=VERTEX_POINT('',#6360);
#1866=VERTEX_POINT('',#6364);
#1867=VERTEX_POINT('',#6366);
#1868=VERTEX_POINT('',#6368);
#1869=VERTEX_POINT('',#6372);
#1870=VERTEX_POINT('',#6376);
#1871=VERTEX_POINT('',#6382);
#1872=VERTEX_POINT('',#6384);
#1873=VERTEX_POINT('',#6386);
#1874=VERTEX_POINT('',#6390);
#1875=VERTEX_POINT('',#6394);
#1876=VERTEX_POINT('',#6396);
#1877=VERTEX_POINT('',#6410);
#1878=VERTEX_POINT('',#6411);
#1879=VERTEX_POINT('',#6413);
#1880=VERTEX_POINT('',#6415);
#1881=VERTEX_POINT('',#6417);
#1882=VERTEX_POINT('',#6419);
#1883=VERTEX_POINT('',#6421);
#1884=VERTEX_POINT('',#6425);
#1885=VERTEX_POINT('',#6426);
#1886=VERTEX_POINT('',#6428);
#1887=VERTEX_POINT('',#6430);
#1888=VERTEX_POINT('',#6434);
#1889=VERTEX_POINT('',#6435);
#1890=VERTEX_POINT('',#6437);
#1891=VERTEX_POINT('',#6439);
#1892=VERTEX_POINT('',#6443);
#1893=VERTEX_POINT('',#6445);
#1894=VERTEX_POINT('',#6449);
#1895=VERTEX_POINT('',#6451);
#1896=VERTEX_POINT('',#6455);
#1897=VERTEX_POINT('',#6456);
#1898=VERTEX_POINT('',#6458);
#1899=VERTEX_POINT('',#6461);
#1900=VERTEX_POINT('',#6463);
#1901=VERTEX_POINT('',#6467);
#1902=VERTEX_POINT('',#6472);
#1903=VERTEX_POINT('',#6490);
#1904=VERTEX_POINT('',#6491);
#1905=VERTEX_POINT('',#6493);
#1906=VERTEX_POINT('',#6495);
#1907=VERTEX_POINT('',#6499);
#1908=VERTEX_POINT('',#6501);
#1909=VERTEX_POINT('',#6505);
#1910=VERTEX_POINT('',#6509);
#1911=VERTEX_POINT('',#6515);
#1912=VERTEX_POINT('',#6516);
#1913=VERTEX_POINT('',#6518);
#1914=VERTEX_POINT('',#6520);
#1915=VERTEX_POINT('',#6524);
#1916=VERTEX_POINT('',#6526);
#1917=VERTEX_POINT('',#6528);
#1918=VERTEX_POINT('',#6530);
#1919=VERTEX_POINT('',#6532);
#1920=VERTEX_POINT('',#6534);
#1921=VERTEX_POINT('',#6536);
#1922=VERTEX_POINT('',#6538);
#1923=VERTEX_POINT('',#6540);
#1924=VERTEX_POINT('',#6542);
#1925=VERTEX_POINT('',#6544);
#1926=VERTEX_POINT('',#6546);
#1927=VERTEX_POINT('',#6548);
#1928=VERTEX_POINT('',#6550);
#1929=VERTEX_POINT('',#6553);
#1930=VERTEX_POINT('',#6554);
#1931=VERTEX_POINT('',#6556);
#1932=VERTEX_POINT('',#6558);
#1933=VERTEX_POINT('',#6560);
#1934=VERTEX_POINT('',#6562);
#1935=VERTEX_POINT('',#6565);
#1936=VERTEX_POINT('',#6566);
#1937=VERTEX_POINT('',#6568);
#1938=VERTEX_POINT('',#6570);
#1939=VERTEX_POINT('',#6572);
#1940=VERTEX_POINT('',#6574);
#1941=VERTEX_POINT('',#6576);
#1942=VERTEX_POINT('',#6578);
#1943=VERTEX_POINT('',#6581);
#1944=VERTEX_POINT('',#6583);
#1945=VERTEX_POINT('',#6585);
#1946=VERTEX_POINT('',#6587);
#1947=VERTEX_POINT('',#6590);
#1948=VERTEX_POINT('',#6594);
#1949=VERTEX_POINT('',#6598);
#1950=VERTEX_POINT('',#6599);
#1951=VERTEX_POINT('',#6601);
#1952=VERTEX_POINT('',#6603);
#1953=VERTEX_POINT('',#6606);
#1954=VERTEX_POINT('',#6608);
#1955=VERTEX_POINT('',#6610);
#1956=VERTEX_POINT('',#6612);
#1957=VERTEX_POINT('',#6614);
#1958=VERTEX_POINT('',#6616);
#1959=VERTEX_POINT('',#6618);
#1960=VERTEX_POINT('',#6620);
#1961=VERTEX_POINT('',#6622);
#1962=VERTEX_POINT('',#6624);
#1963=VERTEX_POINT('',#6626);
#1964=VERTEX_POINT('',#6628);
#1965=VERTEX_POINT('',#6630);
#1966=VERTEX_POINT('',#6632);
#1967=VERTEX_POINT('',#6634);
#1968=VERTEX_POINT('',#6636);
#1969=VERTEX_POINT('',#6638);
#1970=VERTEX_POINT('',#6640);
#1971=VERTEX_POINT('',#6642);
#1972=VERTEX_POINT('',#6646);
#1973=VERTEX_POINT('',#6648);
#1974=VERTEX_POINT('',#6652);
#1975=VERTEX_POINT('',#6654);
#1976=VERTEX_POINT('',#6673);
#1977=VERTEX_POINT('',#6674);
#1978=VERTEX_POINT('',#6681);
#1979=VERTEX_POINT('',#6689);
#1980=VERTEX_POINT('',#6699);
#1981=VERTEX_POINT('',#6700);
#1982=VERTEX_POINT('',#6702);
#1983=VERTEX_POINT('',#6704);
#1984=VERTEX_POINT('',#6706);
#1985=VERTEX_POINT('',#6708);
#1986=VERTEX_POINT('',#6718);
#1987=VERTEX_POINT('',#6719);
#1988=VERTEX_POINT('',#6721);
#1989=VERTEX_POINT('',#6723);
#1990=VERTEX_POINT('',#6727);
#1991=VERTEX_POINT('',#6729);
#1992=VERTEX_POINT('',#6731);
#1993=VERTEX_POINT('',#6734);
#1994=VERTEX_POINT('',#6742);
#1995=VERTEX_POINT('',#6744);
#1996=VERTEX_POINT('',#6748);
#1997=VERTEX_POINT('',#6749);
#1998=VERTEX_POINT('',#6751);
#1999=VERTEX_POINT('',#6753);
#2000=VERTEX_POINT('',#6757);
#2001=VERTEX_POINT('',#6759);
#2002=VERTEX_POINT('',#6761);
#2003=VERTEX_POINT('',#6763);
#2004=VERTEX_POINT('',#6782);
#2005=VERTEX_POINT('',#6791);
#2006=VERTEX_POINT('',#6793);
#2007=VERTEX_POINT('',#6795);
#2008=VERTEX_POINT('',#6816);
#2009=VERTEX_POINT('',#6818);
#2010=VERTEX_POINT('',#6820);
#2011=VERTEX_POINT('',#6822);
#2012=VERTEX_POINT('',#6824);
#2013=VERTEX_POINT('',#6826);
#2014=VERTEX_POINT('',#6830);
#2015=VERTEX_POINT('',#6831);
#2016=VERTEX_POINT('',#6833);
#2017=VERTEX_POINT('',#6835);
#2018=VERTEX_POINT('',#6839);
#2019=VERTEX_POINT('',#6843);
#2020=VERTEX_POINT('',#6844);
#2021=VERTEX_POINT('',#6846);
#2022=VERTEX_POINT('',#6848);
#2023=VERTEX_POINT('',#6852);
#2024=VERTEX_POINT('',#6854);
#2025=VERTEX_POINT('',#6858);
#2026=VERTEX_POINT('',#6859);
#2027=VERTEX_POINT('',#6861);
#2028=VERTEX_POINT('',#6863);
#2029=VERTEX_POINT('',#6867);
#2030=VERTEX_POINT('',#6869);
#2031=VERTEX_POINT('',#6873);
#2032=VERTEX_POINT('',#6875);
#2033=VERTEX_POINT('',#6879);
#2034=VERTEX_POINT('',#6880);
#2035=VERTEX_POINT('',#6882);
#2036=VERTEX_POINT('',#6884);
#2037=VERTEX_POINT('',#6888);
#2038=VERTEX_POINT('',#6889);
#2039=VERTEX_POINT('',#6891);
#2040=VERTEX_POINT('',#6896);
#2041=VERTEX_POINT('',#6898);
#2042=VERTEX_POINT('',#6900);
#2043=VERTEX_POINT('',#6902);
#2044=VERTEX_POINT('',#6904);
#2045=VERTEX_POINT('',#6906);
#2046=VERTEX_POINT('',#6908);
#2047=VERTEX_POINT('',#6910);
#2048=VERTEX_POINT('',#6914);
#2049=VERTEX_POINT('',#6916);
#2050=VERTEX_POINT('',#6918);
#2051=VERTEX_POINT('',#6921);
#2052=VERTEX_POINT('',#6922);
#2053=VERTEX_POINT('',#6924);
#2054=VERTEX_POINT('',#6926);
#2055=VERTEX_POINT('',#6930);
#2056=VERTEX_POINT('',#6931);
#2057=VERTEX_POINT('',#6933);
#2058=VERTEX_POINT('',#6935);
#2059=VERTEX_POINT('',#6939);
#2060=VERTEX_POINT('',#6941);
#2061=VERTEX_POINT('',#6945);
#2062=VERTEX_POINT('',#6949);
#2063=VERTEX_POINT('',#6950);
#2064=VERTEX_POINT('',#6952);
#2065=VERTEX_POINT('',#6954);
#2066=VERTEX_POINT('',#6958);
#2067=VERTEX_POINT('',#6961);
#2068=VERTEX_POINT('',#6964);
#2069=VERTEX_POINT('',#6968);
#2070=VERTEX_POINT('',#6973);
#2071=VERTEX_POINT('',#6975);
#2072=VERTEX_POINT('',#6978);
#2073=VERTEX_POINT('',#6979);
#2074=VERTEX_POINT('',#6981);
#2075=VERTEX_POINT('',#6983);
#2076=VERTEX_POINT('',#6985);
#2077=VERTEX_POINT('',#6987);
#2078=VERTEX_POINT('',#6989);
#2079=VERTEX_POINT('',#6991);
#2080=VERTEX_POINT('',#6994);
#2081=VERTEX_POINT('',#6996);
#2082=VERTEX_POINT('',#7002);
#2083=VERTEX_POINT('',#7006);
#2084=VERTEX_POINT('',#7008);
#2085=VERTEX_POINT('',#7012);
#2086=VERTEX_POINT('',#7020);
#2087=VERTEX_POINT('',#7022);
#2088=VERTEX_POINT('',#7026);
#2089=VERTEX_POINT('',#7028);
#2090=VERTEX_POINT('',#7032);
#2091=VERTEX_POINT('',#7034);
#2092=VERTEX_POINT('',#7038);
#2093=VERTEX_POINT('',#7042);
#2094=VERTEX_POINT('',#7046);
#2095=VERTEX_POINT('',#7052);
#2096=VERTEX_POINT('',#7057);
#2097=VERTEX_POINT('',#7062);
#2098=VERTEX_POINT('',#7067);
#2099=VERTEX_POINT('',#7074);
#2100=VERTEX_POINT('',#7075);
#2101=VERTEX_POINT('',#7080);
#2102=VERTEX_POINT('',#7082);
#2103=VERTEX_POINT('',#7088);
#2104=VERTEX_POINT('',#7090);
#2105=VERTEX_POINT('',#7092);
#2106=VERTEX_POINT('',#7098);
#2107=VERTEX_POINT('',#7100);
#2108=VERTEX_POINT('',#7102);
#2109=VERTEX_POINT('',#7104);
#2110=VERTEX_POINT('',#7106);
#2111=VERTEX_POINT('',#7108);
#2112=VERTEX_POINT('',#7110);
#2113=VERTEX_POINT('',#7112);
#2114=VERTEX_POINT('',#7116);
#2115=VERTEX_POINT('',#7118);
#2116=VERTEX_POINT('',#7120);
#2117=VERTEX_POINT('',#7124);
#2118=VERTEX_POINT('',#7125);
#2119=VERTEX_POINT('',#7127);
#2120=VERTEX_POINT('',#7129);
#2121=VERTEX_POINT('',#7133);
#2122=VERTEX_POINT('',#7135);
#2123=VERTEX_POINT('',#7139);
#2124=VERTEX_POINT('',#7141);
#2125=VERTEX_POINT('',#7143);
#2126=VERTEX_POINT('',#7150);
#2127=VERTEX_POINT('',#7156);
#2128=VERTEX_POINT('',#7158);
#2129=VERTEX_POINT('',#7160);
#2130=VERTEX_POINT('',#7164);
#2131=VERTEX_POINT('',#7166);
#2132=VERTEX_POINT('',#7171);
#2133=VERTEX_POINT('',#7173);
#2134=VERTEX_POINT('',#7175);
#2135=VERTEX_POINT('',#7177);
#2136=VERTEX_POINT('',#7179);
#2137=VERTEX_POINT('',#7183);
#2138=VERTEX_POINT('',#7185);
#2139=VERTEX_POINT('',#7189);
#2140=VERTEX_POINT('',#7190);
#2141=VERTEX_POINT('',#7196);
#2142=VERTEX_POINT('',#7198);
#2143=VERTEX_POINT('',#7202);
#2144=VERTEX_POINT('',#7206);
#2145=VERTEX_POINT('',#7210);
#2146=VERTEX_POINT('',#7212);
#2147=VERTEX_POINT('',#7214);
#2148=VERTEX_POINT('',#7223);
#2149=VERTEX_POINT('',#7225);
#2150=VERTEX_POINT('',#7229);
#2151=VERTEX_POINT('',#7231);
#2152=VERTEX_POINT('',#7233);
#2153=VERTEX_POINT('',#7237);
#2154=VERTEX_POINT('',#7238);
#2155=VERTEX_POINT('',#7243);
#2156=VERTEX_POINT('',#7245);
#2157=VERTEX_POINT('',#7248);
#2158=VERTEX_POINT('',#7255);
#2159=VERTEX_POINT('',#7259);
#2160=VERTEX_POINT('',#7266);
#2161=VERTEX_POINT('',#7267);
#2162=VERTEX_POINT('',#7269);
#2163=VERTEX_POINT('',#7271);
#2164=VERTEX_POINT('',#7273);
#2165=VERTEX_POINT('',#7275);
#2166=VERTEX_POINT('',#7277);
#2167=VERTEX_POINT('',#7279);
#2168=VERTEX_POINT('',#7283);
#2169=VERTEX_POINT('',#7285);
#2170=VERTEX_POINT('',#7289);
#2171=VERTEX_POINT('',#7291);
#2172=VERTEX_POINT('',#7295);
#2173=VERTEX_POINT('',#7298);
#2174=VERTEX_POINT('',#7300);
#2175=VERTEX_POINT('',#7304);
#2176=VERTEX_POINT('',#7306);
#2177=VERTEX_POINT('',#7308);
#2178=VERTEX_POINT('',#7310);
#2179=VERTEX_POINT('',#7314);
#2180=VERTEX_POINT('',#7316);
#2181=VERTEX_POINT('',#7318);
#2182=VERTEX_POINT('',#7321);
#2183=VERTEX_POINT('',#7323);
#2184=VERTEX_POINT('',#7327);
#2185=VERTEX_POINT('',#7329);
#2186=VERTEX_POINT('',#7333);
#2187=VERTEX_POINT('',#7335);
#2188=VERTEX_POINT('',#7339);
#2189=VERTEX_POINT('',#7343);
#2190=VERTEX_POINT('',#7347);
#2191=VERTEX_POINT('',#7351);
#2192=VERTEX_POINT('',#7355);
#2193=VERTEX_POINT('',#7359);
#2194=VERTEX_POINT('',#7366);
#2195=VERTEX_POINT('',#7368);
#2196=VERTEX_POINT('',#7372);
#2197=VERTEX_POINT('',#7376);
#2198=VERTEX_POINT('',#7380);
#2199=VERTEX_POINT('',#7384);
#2200=VERTEX_POINT('',#7388);
#2201=VERTEX_POINT('',#7392);
#2202=VERTEX_POINT('',#7428);
#2203=VERTEX_POINT('',#7455);
#2204=VERTEX_POINT('',#7457);
#2205=VERTEX_POINT('',#7459);
#2206=VERTEX_POINT('',#7465);
#2207=VERTEX_POINT('',#7472);
#2208=VERTEX_POINT('',#7476);
#2209=VERTEX_POINT('',#7479);
#2210=VERTEX_POINT('',#7483);
#2211=VERTEX_POINT('',#7485);
#2212=VERTEX_POINT('',#7495);
#2213=VERTEX_POINT('',#7497);
#2214=VERTEX_POINT('',#7503);
#2215=VERTEX_POINT('',#7520);
#2216=VERTEX_POINT('',#7522);
#2217=VERTEX_POINT('',#7526);
#2218=VERTEX_POINT('',#7530);
#2219=VERTEX_POINT('',#7531);
#2220=VERTEX_POINT('',#7536);
#2221=VERTEX_POINT('',#7540);
#2222=VERTEX_POINT('',#7544);
#2223=VERTEX_POINT('',#7552);
#2224=VERTEX_POINT('',#7556);
#2225=VERTEX_POINT('',#7560);
#2226=VERTEX_POINT('',#7564);
#2227=VERTEX_POINT('',#7568);
#2228=VERTEX_POINT('',#7585);
#2229=VERTEX_POINT('',#7587);
#2230=VERTEX_POINT('',#7591);
#2231=VERTEX_POINT('',#7595);
#2232=EDGE_CURVE('',#1797,#1798,#669,.T.);
#2233=EDGE_CURVE('',#1799,#1798,#670,.T.);
#2234=EDGE_CURVE('',#1800,#1799,#604,.F.);
#2235=EDGE_CURVE('',#1797,#1800,#671,.T.);
#2236=EDGE_CURVE('',#1801,#1802,#672,.T.);
#2237=EDGE_CURVE('',#1803,#1802,#673,.T.);
#2238=EDGE_CURVE('',#1804,#1803,#605,.F.);
#2239=EDGE_CURVE('',#1801,#1804,#674,.T.);
#2240=EDGE_CURVE('',#1805,#1806,#675,.T.);
#2241=EDGE_CURVE('',#1806,#1803,#92,.T.);
#2242=EDGE_CURVE('',#1802,#1805,#676,.T.);
#2243=EDGE_CURVE('',#1807,#1806,#677,.T.);
#2244=EDGE_CURVE('',#1808,#1807,#606,.F.);
#2245=EDGE_CURVE('',#1808,#1804,#678,.T.);
#2246=EDGE_CURVE('',#1801,#1809,#679,.T.);
#2247=EDGE_CURVE('',#1810,#1809,#680,.T.);
#2248=EDGE_CURVE('',#1805,#1810,#681,.T.);
#2249=EDGE_CURVE('',#1809,#1811,#682,.T.);
#2250=EDGE_CURVE('',#1812,#1808,#683,.T.);
#2251=EDGE_CURVE('',#1812,#1811,#684,.T.);
#2252=EDGE_CURVE('',#1813,#1810,#685,.T.);
#2253=EDGE_CURVE('',#1814,#1813,#686,.T.);
#2254=EDGE_CURVE('',#1814,#1807,#687,.T.);
#2255=EDGE_CURVE('',#1811,#1815,#93,.T.);
#2256=EDGE_CURVE('',#1816,#1812,#607,.T.);
#2257=EDGE_CURVE('',#1815,#1816,#688,.T.);
#2258=EDGE_CURVE('',#1817,#1818,#689,.T.);
#2259=EDGE_CURVE('',#1817,#1819,#608,.F.);
#2260=EDGE_CURVE('',#1816,#1819,#690,.T.);
#2261=EDGE_CURVE('',#1818,#1814,#691,.T.);
#2262=EDGE_CURVE('',#1818,#1820,#692,.T.);
#2263=EDGE_CURVE('',#1820,#1813,#693,.T.);
#2264=EDGE_CURVE('',#1815,#1821,#694,.T.);
#2265=EDGE_CURVE('',#1820,#1821,#695,.T.);
#2266=EDGE_CURVE('',#1821,#1798,#696,.T.);
#2267=EDGE_CURVE('',#1819,#1799,#697,.T.);
#2268=EDGE_CURVE('',#1822,#1817,#698,.T.);
#2269=EDGE_CURVE('',#1800,#1822,#94,.T.);
#2270=EDGE_CURVE('',#1797,#1822,#699,.T.);
#2271=EDGE_CURVE('',#1823,#1824,#700,.T.);
#2272=EDGE_CURVE('',#1824,#1825,#701,.T.);
#2273=EDGE_CURVE('',#1826,#1825,#609,.F.);
#2274=EDGE_CURVE('',#1826,#1827,#702,.T.);
#2275=EDGE_CURVE('',#1828,#1827,#703,.F.);
#2276=EDGE_CURVE('',#1829,#1828,#610,.F.);
#2277=EDGE_CURVE('',#1823,#1829,#704,.T.);
#2278=EDGE_CURVE('',#1830,#1831,#705,.T.);
#2279=EDGE_CURVE('',#1830,#1832,#706,.F.);
#2280=EDGE_CURVE('',#1833,#1832,#707,.T.);
#2281=EDGE_CURVE('',#1833,#1831,#708,.T.);
#2282=EDGE_CURVE('',#1834,#1835,#709,.T.);
#2283=EDGE_CURVE('',#1833,#1834,#710,.F.);
#2284=EDGE_CURVE('',#1832,#1835,#711,.F.);
#2285=EDGE_CURVE('',#1836,#1830,#712,.T.);
#2286=EDGE_CURVE('',#1835,#1836,#611,.F.);
#2287=EDGE_CURVE('',#1837,#1838,#713,.T.);
#2288=EDGE_CURVE('',#1839,#1837,#714,.T.);
#2289=EDGE_CURVE('',#1840,#1839,#715,.F.);
#2290=EDGE_CURVE('',#1841,#1840,#716,.T.);
#2291=EDGE_CURVE('',#1836,#1841,#717,.T.);
#2292=EDGE_CURVE('',#1842,#1831,#718,.T.);
#2293=EDGE_CURVE('',#1838,#1842,#719,.T.);
#2294=EDGE_CURVE('',#1842,#1843,#720,.F.);
#2295=EDGE_CURVE('',#1843,#1844,#721,.F.);
#2296=EDGE_CURVE('',#1844,#1838,#722,.F.);
#2297=EDGE_CURVE('',#1834,#1845,#612,.T.);
#2298=EDGE_CURVE('',#1845,#1843,#723,.T.);
#2299=EDGE_CURVE('',#1846,#1841,#613,.F.);
#2300=EDGE_CURVE('',#1845,#1846,#51,.T.);
#2301=EDGE_CURVE('',#1846,#1847,#724,.T.);
#2302=EDGE_CURVE('',#1840,#1848,#614,.T.);
#2303=EDGE_CURVE('',#1848,#1849,#725,.T.);
#2304=EDGE_CURVE('',#1849,#1847,#615,.F.);
#2305=EDGE_CURVE('',#1850,#1839,#616,.T.);
#2306=EDGE_CURVE('',#1848,#1850,#726,.T.);
#2307=EDGE_CURVE('',#1851,#1837,#727,.T.);
#2308=EDGE_CURVE('',#1852,#1851,#728,.T.);
#2309=EDGE_CURVE('',#1852,#1850,#729,.T.);
#2310=EDGE_CURVE('',#1844,#1853,#730,.T.);
#2311=EDGE_CURVE('',#1853,#1851,#731,.T.);
#2312=EDGE_CURVE('',#1853,#1824,#732,.T.);
#2313=EDGE_CURVE('',#1847,#1825,#52,.T.);
#2314=EDGE_CURVE('',#1826,#1828,#617,.T.);
#2315=EDGE_CURVE('',#1849,#1829,#733,.T.);
#2316=EDGE_CURVE('',#1823,#1852,#734,.T.);
#2317=EDGE_CURVE('',#1854,#1855,#735,.T.);
#2318=EDGE_CURVE('',#1855,#1856,#736,.T.);
#2319=EDGE_CURVE('',#1856,#1857,#737,.T.);
#2320=EDGE_CURVE('',#1857,#1854,#618,.T.);
#2321=EDGE_CURVE('',#1858,#1859,#738,.T.);
#2322=EDGE_CURVE('',#1860,#1858,#739,.T.);
#2323=EDGE_CURVE('',#1860,#1861,#740,.T.);
#2324=EDGE_CURVE('',#1862,#1861,#741,.T.);
#2325=EDGE_CURVE('',#1863,#1862,#742,.T.);
#2326=EDGE_CURVE('',#1863,#1859,#743,.T.);
#2327=EDGE_CURVE('',#1859,#1864,#744,.T.);
#2328=EDGE_CURVE('',#1864,#1865,#745,.T.);
#2329=EDGE_CURVE('',#1858,#1865,#746,.F.);
#2330=EDGE_CURVE('',#1866,#1863,#619,.F.);
#2331=EDGE_CURVE('',#1867,#1866,#747,.F.);
#2332=EDGE_CURVE('',#1867,#1868,#748,.T.);
#2333=EDGE_CURVE('',#1864,#1868,#749,.T.);
#2334=EDGE_CURVE('',#1866,#1869,#620,.T.);
#2335=EDGE_CURVE('',#1869,#1868,#750,.T.);
#2336=EDGE_CURVE('',#1870,#1862,#621,.F.);
#2337=EDGE_CURVE('',#1869,#1870,#53,.T.);
#2338=EDGE_CURVE('',#1870,#1871,#751,.T.);
#2339=EDGE_CURVE('',#1861,#1872,#622,.T.);
#2340=EDGE_CURVE('',#1873,#1872,#752,.T.);
#2341=EDGE_CURVE('',#1873,#1871,#623,.F.);
#2342=EDGE_CURVE('',#1874,#1860,#95,.T.);
#2343=EDGE_CURVE('',#1872,#1874,#753,.T.);
#2344=EDGE_CURVE('',#1875,#1874,#754,.T.);
#2345=EDGE_CURVE('',#1865,#1876,#755,.F.);
#2346=EDGE_CURVE('',#1875,#1876,#756,.T.);
#2347=EDGE_CURVE('',#1855,#1875,#757,.T.);
#2348=EDGE_CURVE('',#1876,#1856,#758,.T.);
#2349=EDGE_CURVE('',#1871,#1857,#54,.T.);
#2350=EDGE_CURVE('',#1854,#1873,#759,.T.);
#2351=EDGE_CURVE('',#1877,#1878,#760,.T.);
#2352=EDGE_CURVE('',#1878,#1879,#761,.T.);
#2353=EDGE_CURVE('',#1879,#1880,#762,.T.);
#2354=EDGE_CURVE('',#1880,#1881,#763,.T.);
#2355=EDGE_CURVE('',#1882,#1881,#764,.F.);
#2356=EDGE_CURVE('',#1882,#1883,#765,.T.);
#2357=EDGE_CURVE('',#1883,#1877,#96,.T.);
#2358=EDGE_CURVE('',#1884,#1885,#766,.T.);
#2359=EDGE_CURVE('',#1886,#1885,#767,.F.);
#2360=EDGE_CURVE('',#1886,#1887,#97,.T.);
#2361=EDGE_CURVE('',#1887,#1884,#768,.T.);
#2362=EDGE_CURVE('',#1888,#1889,#769,.T.);
#2363=EDGE_CURVE('',#1889,#1890,#98,.T.);
#2364=EDGE_CURVE('',#1891,#1890,#770,.F.);
#2365=EDGE_CURVE('',#1888,#1891,#771,.F.);
#2366=EDGE_CURVE('',#1892,#1890,#624,.F.);
#2367=EDGE_CURVE('',#1893,#1892,#772,.T.);
#2368=EDGE_CURVE('',#1891,#1893,#773,.T.);
#2369=EDGE_CURVE('',#1894,#1889,#774,.T.);
#2370=EDGE_CURVE('',#1895,#1894,#625,.F.);
#2371=EDGE_CURVE('',#1895,#1892,#775,.T.);
#2372=EDGE_CURVE('',#1896,#1897,#776,.T.);
#2373=EDGE_CURVE('',#1896,#1898,#626,.T.);
#2374=EDGE_CURVE('',#1898,#1895,#777,.T.);
#2375=EDGE_CURVE('',#1899,#1894,#778,.T.);
#2376=EDGE_CURVE('',#1900,#1899,#779,.T.);
#2377=EDGE_CURVE('',#1900,#1897,#627,.F.);
#2378=EDGE_CURVE('',#1886,#1901,#628,.F.);
#2379=EDGE_CURVE('',#1897,#1901,#780,.T.);
#2380=EDGE_CURVE('',#1887,#1900,#781,.T.);
#2381=EDGE_CURVE('',#1902,#1885,#782,.T.);
#2382=EDGE_CURVE('',#1901,#1902,#783,.T.);
#2383=EDGE_CURVE('',#1902,#1878,#784,.T.);
#2384=EDGE_CURVE('',#1884,#1879,#785,.T.);
#2385=EDGE_CURVE('',#1899,#1880,#786,.F.);
#2386=EDGE_CURVE('',#1881,#1888,#787,.T.);
#2387=EDGE_CURVE('',#1893,#1882,#788,.T.);
#2388=EDGE_CURVE('',#1898,#1883,#789,.T.);
#2389=EDGE_CURVE('',#1877,#1896,#790,.T.);
#2390=EDGE_CURVE('',#1903,#1904,#791,.T.);
#2391=EDGE_CURVE('',#1904,#1905,#792,.T.);
#2392=EDGE_CURVE('',#1905,#1906,#793,.T.);
#2393=EDGE_CURVE('',#1906,#1903,#794,.T.);
#2394=EDGE_CURVE('',#1907,#1903,#795,.F.);
#2395=EDGE_CURVE('',#1908,#1907,#796,.T.);
#2396=EDGE_CURVE('',#1904,#1908,#797,.T.);
#2397=EDGE_CURVE('',#1906,#1909,#798,.F.);
#2398=EDGE_CURVE('',#1907,#1909,#799,.T.);
#2399=EDGE_CURVE('',#1910,#1905,#800,.T.);
#2400=EDGE_CURVE('',#1909,#1910,#801,.T.);
#2401=EDGE_CURVE('',#1910,#1908,#802,.T.);
#2402=EDGE_CURVE('',#1911,#1912,#803,.T.);
#2403=EDGE_CURVE('',#1913,#1911,#804,.T.);
#2404=EDGE_CURVE('',#1914,#1913,#805,.T.);
#2405=EDGE_CURVE('',#1912,#1914,#806,.T.);
#2406=EDGE_CURVE('',#1912,#1915,#807,.T.);
#2407=EDGE_CURVE('',#1915,#1916,#808,.T.);
#2408=EDGE_CURVE('',#1916,#1917,#809,.F.);
#2409=EDGE_CURVE('',#1917,#1918,#810,.T.);
#2410=EDGE_CURVE('',#1918,#1919,#811,.T.);
#2411=EDGE_CURVE('',#1919,#1920,#812,.T.);
#2412=EDGE_CURVE('',#1920,#1921,#813,.T.);
#2413=EDGE_CURVE('',#1921,#1922,#814,.T.);
#2414=EDGE_CURVE('',#1922,#1923,#815,.T.);
#2415=EDGE_CURVE('',#1923,#1924,#816,.T.);
#2416=EDGE_CURVE('',#1924,#1925,#817,.T.);
#2417=EDGE_CURVE('',#1925,#1926,#818,.T.);
#2418=EDGE_CURVE('',#1926,#1927,#819,.T.);
#2419=EDGE_CURVE('',#1927,#1928,#820,.T.);
#2420=EDGE_CURVE('',#1928,#1911,#821,.T.);
#2421=EDGE_CURVE('',#1929,#1930,#822,.T.);
#2422=EDGE_CURVE('',#1930,#1931,#823,.T.);
#2423=EDGE_CURVE('',#1931,#1932,#824,.T.);
#2424=EDGE_CURVE('',#1932,#1933,#825,.T.);
#2425=EDGE_CURVE('',#1933,#1934,#826,.T.);
#2426=EDGE_CURVE('',#1934,#1929,#827,.T.);
#2427=EDGE_CURVE('',#1935,#1936,#828,.T.);
#2428=EDGE_CURVE('',#1936,#1937,#829,.T.);
#2429=EDGE_CURVE('',#1937,#1938,#830,.T.);
#2430=EDGE_CURVE('',#1938,#1939,#831,.T.);
#2431=EDGE_CURVE('',#1939,#1940,#832,.T.);
#2432=EDGE_CURVE('',#1940,#1941,#833,.T.);
#2433=EDGE_CURVE('',#1941,#1942,#834,.T.);
#2434=EDGE_CURVE('',#1942,#1935,#835,.T.);
#2435=EDGE_CURVE('',#1943,#1943,#629,.T.);
#2436=EDGE_CURVE('',#1944,#1944,#630,.T.);
#2437=EDGE_CURVE('',#1945,#1945,#631,.T.);
#2438=EDGE_CURVE('',#1946,#1946,#632,.T.);
#2439=EDGE_CURVE('',#1947,#1914,#836,.T.);
#2440=EDGE_CURVE('',#1915,#1947,#837,.T.);
#2441=EDGE_CURVE('',#1948,#1928,#838,.T.);
#2442=EDGE_CURVE('',#1913,#1948,#839,.T.);
#2443=EDGE_CURVE('',#1949,#1950,#840,.T.);
#2444=EDGE_CURVE('',#1949,#1951,#841,.T.);
#2445=EDGE_CURVE('',#1951,#1952,#842,.T.);
#2446=EDGE_CURVE('',#1917,#1952,#843,.F.);
#2447=EDGE_CURVE('',#1916,#1953,#844,.T.);
#2448=EDGE_CURVE('',#1953,#1954,#845,.T.);
#2449=EDGE_CURVE('',#1955,#1954,#99,.F.);
#2450=EDGE_CURVE('',#1955,#1956,#846,.T.);
#2451=EDGE_CURVE('',#1957,#1956,#847,.T.);
#2452=EDGE_CURVE('',#1957,#1958,#848,.T.);
#2453=EDGE_CURVE('',#1958,#1959,#849,.T.);
#2454=EDGE_CURVE('',#1959,#1960,#850,.T.);
#2455=EDGE_CURVE('',#1960,#1961,#851,.T.);
#2456=EDGE_CURVE('',#1961,#1962,#852,.T.);
#2457=EDGE_CURVE('',#1962,#1963,#853,.T.);
#2458=EDGE_CURVE('',#1963,#1964,#854,.T.);
#2459=EDGE_CURVE('',#1964,#1965,#855,.T.);
#2460=EDGE_CURVE('',#1966,#1965,#856,.T.);
#2461=EDGE_CURVE('',#1966,#1967,#857,.T.);
#2462=EDGE_CURVE('',#1968,#1967,#100,.F.);
#2463=EDGE_CURVE('',#1968,#1969,#858,.T.);
#2464=EDGE_CURVE('',#1969,#1970,#859,.T.);
#2465=EDGE_CURVE('',#1970,#1971,#860,.T.);
#2466=EDGE_CURVE('',#1971,#1950,#861,.T.);
#2467=EDGE_CURVE('',#1972,#1972,#633,.T.);
#2468=EDGE_CURVE('',#1972,#1973,#862,.T.);
#2469=EDGE_CURVE('',#1973,#1973,#634,.T.);
#2470=EDGE_CURVE('',#1974,#1974,#635,.T.);
#2471=EDGE_CURVE('',#1974,#1975,#863,.T.);
#2472=EDGE_CURVE('',#1975,#1975,#636,.T.);
#2473=EDGE_CURVE('',#1976,#1977,#14,.T.);
#2474=EDGE_CURVE('',#1977,#1978,#15,.T.);
#2475=EDGE_CURVE('',#1979,#1978,#864,.T.);
#2476=EDGE_CURVE('',#1979,#1976,#16,.T.);
#2477=EDGE_CURVE('',#1980,#1981,#865,.T.);
#2478=EDGE_CURVE('',#1981,#1982,#866,.T.);
#2479=EDGE_CURVE('',#1983,#1982,#867,.T.);
#2480=EDGE_CURVE('',#1984,#1983,#868,.T.);
#2481=EDGE_CURVE('',#1985,#1984,#869,.T.);
#2482=EDGE_CURVE('',#1980,#1985,#17,.T.);
#2483=EDGE_CURVE('',#1986,#1987,#870,.T.);
#2484=EDGE_CURVE('',#1986,#1988,#871,.T.);
#2485=EDGE_CURVE('',#1989,#1988,#872,.T.);
#2486=EDGE_CURVE('',#1989,#1987,#873,.T.);
#2487=EDGE_CURVE('',#1987,#1990,#874,.T.);
#2488=EDGE_CURVE('',#1991,#1989,#875,.T.);
#2489=EDGE_CURVE('',#1992,#1991,#876,.T.);
#2490=EDGE_CURVE('',#1981,#1992,#877,.T.);
#2491=EDGE_CURVE('',#1993,#1980,#18,.F.);
#2492=EDGE_CURVE('',#1977,#1993,#878,.T.);
#2493=EDGE_CURVE('',#1994,#1976,#879,.T.);
#2494=EDGE_CURVE('',#1995,#1994,#880,.T.);
#2495=EDGE_CURVE('',#1990,#1995,#881,.T.);
#2496=EDGE_CURVE('',#1996,#1997,#882,.T.);
#2497=EDGE_CURVE('',#1998,#1996,#883,.T.);
#2498=EDGE_CURVE('',#1999,#1998,#884,.T.);
#2499=EDGE_CURVE('',#1997,#1999,#885,.T.);
#2500=EDGE_CURVE('',#2000,#1995,#886,.T.);
#2501=EDGE_CURVE('',#2000,#2001,#887,.T.);
#2502=EDGE_CURVE('',#2001,#2002,#888,.T.);
#2503=EDGE_CURVE('',#2003,#2002,#889,.T.);
#2504=EDGE_CURVE('',#2003,#1990,#19,.T.);
#2505=EDGE_CURVE('',#1993,#2004,#20,.F.);
#2506=EDGE_CURVE('',#1978,#2004,#890,.T.);
#2507=EDGE_CURVE('',#2005,#1979,#891,.T.);
#2508=EDGE_CURVE('',#2006,#2005,#892,.T.);
#2509=EDGE_CURVE('',#2007,#2006,#893,.T.);
#2510=EDGE_CURVE('',#2007,#1994,#894,.T.);
#2511=EDGE_CURVE('',#2004,#1985,#895,.T.);
#2512=EDGE_CURVE('',#2008,#1996,#896,.T.);
#2513=EDGE_CURVE('',#1997,#2009,#897,.T.);
#2514=EDGE_CURVE('',#2009,#2010,#898,.F.);
#2515=EDGE_CURVE('',#2010,#2011,#899,.F.);
#2516=EDGE_CURVE('',#2011,#2012,#900,.T.);
#2517=EDGE_CURVE('',#2013,#2012,#901,.T.);
#2518=EDGE_CURVE('',#2013,#2008,#902,.F.);
#2519=EDGE_CURVE('',#2014,#2015,#903,.T.);
#2520=EDGE_CURVE('',#2014,#2016,#904,.T.);
#2521=EDGE_CURVE('',#2017,#2016,#905,.T.);
#2522=EDGE_CURVE('',#2015,#2017,#906,.T.);
#2523=EDGE_CURVE('',#2014,#2018,#907,.T.);
#2524=EDGE_CURVE('',#2016,#2018,#908,.T.);
#2525=EDGE_CURVE('',#2019,#2020,#909,.T.);
#2526=EDGE_CURVE('',#2020,#2021,#910,.T.);
#2527=EDGE_CURVE('',#2022,#2021,#911,.T.);
#2528=EDGE_CURVE('',#2019,#2022,#912,.T.);
#2529=EDGE_CURVE('',#2023,#2015,#913,.T.);
#2530=EDGE_CURVE('',#2024,#2017,#914,.T.);
#2531=EDGE_CURVE('',#2023,#2024,#915,.T.);
#2532=EDGE_CURVE('',#2025,#2026,#916,.T.);
#2533=EDGE_CURVE('',#2025,#2027,#917,.T.);
#2534=EDGE_CURVE('',#2028,#2027,#918,.T.);
#2535=EDGE_CURVE('',#2026,#2028,#919,.T.);
#2536=EDGE_CURVE('',#2026,#2029,#920,.T.);
#2537=EDGE_CURVE('',#2030,#2028,#921,.T.);
#2538=EDGE_CURVE('',#2029,#2030,#922,.T.);
#2539=EDGE_CURVE('',#2029,#2031,#923,.T.);
#2540=EDGE_CURVE('',#2032,#2030,#924,.T.);
#2541=EDGE_CURVE('',#2031,#2032,#925,.T.);
#2542=EDGE_CURVE('',#2033,#2034,#926,.T.);
#2543=EDGE_CURVE('',#2034,#2035,#927,.T.);
#2544=EDGE_CURVE('',#2036,#2035,#928,.T.);
#2545=EDGE_CURVE('',#2033,#2036,#929,.T.);
#2546=EDGE_CURVE('',#2037,#2038,#637,.T.);
#2547=EDGE_CURVE('',#2038,#2039,#930,.T.);
#2548=EDGE_CURVE('',#2039,#2036,#931,.T.);
#2549=EDGE_CURVE('',#2035,#2032,#932,.T.);
#2550=EDGE_CURVE('',#2027,#2024,#933,.T.);
#2551=EDGE_CURVE('',#2040,#2018,#934,.T.);
#2552=EDGE_CURVE('',#2041,#2040,#935,.T.);
#2553=EDGE_CURVE('',#2041,#2042,#936,.T.);
#2554=EDGE_CURVE('',#2042,#2043,#638,.T.);
#2555=EDGE_CURVE('',#2043,#2044,#937,.T.);
#2556=EDGE_CURVE('',#2044,#2045,#938,.T.);
#2557=EDGE_CURVE('',#2045,#2046,#939,.T.);
#2558=EDGE_CURVE('',#2046,#2047,#639,.T.);
#2559=EDGE_CURVE('',#2047,#2022,#940,.T.);
#2560=EDGE_CURVE('',#2021,#2037,#941,.T.);
#2561=EDGE_CURVE('',#2048,#2048,#640,.T.);
#2562=EDGE_CURVE('',#2049,#2049,#641,.T.);
#2563=EDGE_CURVE('',#2050,#2050,#642,.T.);
#2564=EDGE_CURVE('',#2051,#2052,#942,.T.);
#2565=EDGE_CURVE('',#2051,#2053,#943,.T.);
#2566=EDGE_CURVE('',#2054,#2053,#944,.T.);
#2567=EDGE_CURVE('',#2052,#2054,#945,.T.);
#2568=EDGE_CURVE('',#2055,#2056,#946,.T.);
#2569=EDGE_CURVE('',#2055,#2057,#947,.T.);
#2570=EDGE_CURVE('',#2058,#2057,#948,.T.);
#2571=EDGE_CURVE('',#2056,#2058,#949,.T.);
#2572=EDGE_CURVE('',#2051,#2059,#950,.T.);
#2573=EDGE_CURVE('',#2059,#2060,#951,.T.);
#2574=EDGE_CURVE('',#2053,#2060,#952,.T.);
#2575=EDGE_CURVE('',#2061,#2052,#953,.T.);
#2576=EDGE_CURVE('',#2061,#2054,#954,.T.);
#2577=EDGE_CURVE('',#2062,#2063,#643,.T.);
#2578=EDGE_CURVE('',#2063,#2064,#955,.T.);
#2579=EDGE_CURVE('',#2065,#2064,#956,.T.);
#2580=EDGE_CURVE('',#2061,#2065,#957,.T.);
#2581=EDGE_CURVE('',#2060,#2058,#958,.T.);
#2582=EDGE_CURVE('',#2057,#2066,#959,.T.);
#2583=EDGE_CURVE('',#2066,#2062,#960,.T.);
#2584=EDGE_CURVE('',#2067,#2067,#644,.T.);
#2585=EDGE_CURVE('',#2065,#2068,#961,.T.);
#2586=EDGE_CURVE('',#2068,#2061,#962,.T.);
#2587=EDGE_CURVE('',#2069,#2040,#963,.T.);
#2588=EDGE_CURVE('',#2068,#2069,#964,.T.);
#2589=EDGE_CURVE('',#2064,#1953,#965,.T.);
#2590=EDGE_CURVE('',#1947,#1948,#966,.T.);
#2591=EDGE_CURVE('',#2070,#1927,#967,.T.);
#2592=EDGE_CURVE('',#2070,#2071,#968,.T.);
#2593=EDGE_CURVE('',#2071,#2041,#969,.T.);
#2594=EDGE_CURVE('',#2072,#2073,#970,.T.);
#2595=EDGE_CURVE('',#2074,#2073,#645,.T.);
#2596=EDGE_CURVE('',#2074,#2075,#971,.T.);
#2597=EDGE_CURVE('',#2076,#2075,#646,.T.);
#2598=EDGE_CURVE('',#2076,#2077,#972,.T.);
#2599=EDGE_CURVE('',#2078,#2077,#647,.T.);
#2600=EDGE_CURVE('',#2078,#2079,#973,.T.);
#2601=EDGE_CURVE('',#2072,#2079,#648,.T.);
#2602=EDGE_CURVE('',#2080,#2080,#649,.T.);
#2603=EDGE_CURVE('',#2081,#2081,#650,.T.);
#2604=EDGE_CURVE('',#2037,#1968,#974,.T.);
#2605=EDGE_CURVE('',#1967,#2038,#975,.T.);
#2606=EDGE_CURVE('',#2082,#2020,#976,.T.);
#2607=EDGE_CURVE('',#2082,#1969,#977,.T.);
#2608=EDGE_CURVE('',#2046,#2083,#978,.T.);
#2609=EDGE_CURVE('',#2083,#2084,#101,.F.);
#2610=EDGE_CURVE('',#2084,#2047,#979,.T.);
#2611=EDGE_CURVE('',#2085,#2045,#980,.T.);
#2612=EDGE_CURVE('',#2083,#2085,#981,.T.);
#2613=EDGE_CURVE('',#2062,#1955,#982,.T.);
#2614=EDGE_CURVE('',#1954,#2063,#983,.T.);
#2615=EDGE_CURVE('',#2042,#2086,#984,.T.);
#2616=EDGE_CURVE('',#2086,#2087,#651,.F.);
#2617=EDGE_CURVE('',#2043,#2087,#985,.T.);
#2618=EDGE_CURVE('',#2088,#2086,#986,.T.);
#2619=EDGE_CURVE('',#2089,#2088,#987,.T.);
#2620=EDGE_CURVE('',#2087,#2089,#988,.T.);
#2621=EDGE_CURVE('',#2088,#2090,#989,.T.);
#2622=EDGE_CURVE('',#2090,#2091,#990,.T.);
#2623=EDGE_CURVE('',#2089,#2091,#991,.T.);
#2624=EDGE_CURVE('',#2071,#2092,#992,.T.);
#2625=EDGE_CURVE('',#2092,#2090,#993,.T.);
#2626=EDGE_CURVE('',#2093,#2087,#994,.T.);
#2627=EDGE_CURVE('',#2044,#2093,#995,.T.);
#2628=EDGE_CURVE('',#2094,#2092,#996,.F.);
#2629=EDGE_CURVE('',#2091,#2094,#997,.T.);
#2630=EDGE_CURVE('',#2094,#2070,#998,.T.);
#2631=EDGE_CURVE('',#2067,#2095,#999,.T.);
#2632=EDGE_CURVE('',#2095,#2095,#652,.T.);
#2633=EDGE_CURVE('',#2050,#2096,#1000,.T.);
#2634=EDGE_CURVE('',#2096,#2096,#653,.T.);
#2635=EDGE_CURVE('',#2049,#2097,#1001,.T.);
#2636=EDGE_CURVE('',#2097,#2097,#654,.T.);
#2637=EDGE_CURVE('',#2048,#2098,#1002,.T.);
#2638=EDGE_CURVE('',#2098,#2098,#655,.T.);
#2639=EDGE_CURVE('',#2039,#1966,#1003,.T.);
#2640=EDGE_CURVE('',#2099,#2100,#1004,.T.);
#2641=EDGE_CURVE('',#1950,#2099,#1005,.T.);
#2642=EDGE_CURVE('',#2100,#1971,#1006,.T.);
#2643=EDGE_CURVE('',#2101,#2082,#1007,.T.);
#2644=EDGE_CURVE('',#2102,#2101,#1008,.T.);
#2645=EDGE_CURVE('',#2102,#1970,#1009,.T.);
#2646=EDGE_CURVE('',#2100,#2102,#1010,.T.);
#2647=EDGE_CURVE('',#2031,#2103,#1011,.T.);
#2648=EDGE_CURVE('',#2103,#2104,#1012,.T.);
#2649=EDGE_CURVE('',#2104,#2105,#1013,.F.);
#2650=EDGE_CURVE('',#2105,#2029,#1014,.T.);
#2651=EDGE_CURVE('',#2099,#1949,#1015,.T.);
#2652=EDGE_CURVE('',#1965,#2106,#1016,.T.);
#2653=EDGE_CURVE('',#2106,#2107,#1017,.T.);
#2654=EDGE_CURVE('',#2107,#2108,#1018,.T.);
#2655=EDGE_CURVE('',#2108,#2109,#1019,.T.);
#2656=EDGE_CURVE('',#2109,#2110,#1020,.T.);
#2657=EDGE_CURVE('',#2110,#2111,#1021,.T.);
#2658=EDGE_CURVE('',#2111,#2112,#1022,.T.);
#2659=EDGE_CURVE('',#2112,#2113,#1023,.T.);
#2660=EDGE_CURVE('',#2113,#1957,#1024,.T.);
#2661=EDGE_CURVE('',#1956,#2066,#1025,.T.);
#2662=EDGE_CURVE('',#2055,#2114,#1026,.T.);
#2663=EDGE_CURVE('',#2114,#2115,#1027,.T.);
#2664=EDGE_CURVE('',#2115,#2116,#1028,.T.);
#2665=EDGE_CURVE('',#2116,#2033,#1029,.T.);
#2666=EDGE_CURVE('',#2117,#2118,#1030,.T.);
#2667=EDGE_CURVE('',#2119,#2117,#1031,.T.);
#2668=EDGE_CURVE('',#2120,#2119,#1032,.T.);
#2669=EDGE_CURVE('',#2120,#2118,#1033,.T.);
#2670=EDGE_CURVE('',#2118,#2121,#1034,.T.);
#2671=EDGE_CURVE('',#2122,#2120,#1035,.T.);
#2672=EDGE_CURVE('',#2122,#2121,#1036,.T.);
#2673=EDGE_CURVE('',#2121,#2123,#1037,.T.);
#2674=EDGE_CURVE('',#2124,#2122,#1038,.T.);
#2675=EDGE_CURVE('',#2125,#2124,#1039,.T.);
#2676=EDGE_CURVE('',#2125,#2123,#1040,.T.);
#2677=EDGE_CURVE('',#2123,#2084,#1041,.T.);
#2678=EDGE_CURVE('',#2019,#2125,#1042,.T.);
#2679=EDGE_CURVE('',#2117,#2126,#1043,.T.);
#2680=EDGE_CURVE('',#2126,#2119,#1044,.T.);
#2681=EDGE_CURVE('',#2093,#2085,#1045,.T.);
#2682=EDGE_CURVE('',#2127,#2025,#1046,.T.);
#2683=EDGE_CURVE('',#2128,#2127,#1047,.T.);
#2684=EDGE_CURVE('',#2129,#2128,#1048,.T.);
#2685=EDGE_CURVE('',#2023,#2129,#1049,.T.);
#2686=EDGE_CURVE('',#2026,#2130,#1050,.T.);
#2687=EDGE_CURVE('',#2131,#2130,#1051,.T.);
#2688=EDGE_CURVE('',#2131,#2127,#1052,.T.);
#2689=EDGE_CURVE('',#2103,#2132,#1053,.T.);
#2690=EDGE_CURVE('',#2133,#2132,#1054,.T.);
#2691=EDGE_CURVE('',#2134,#2133,#1055,.T.);
#2692=EDGE_CURVE('',#2134,#2135,#1056,.T.);
#2693=EDGE_CURVE('',#2135,#2136,#1057,.T.);
#2694=EDGE_CURVE('',#2104,#2136,#1058,.T.);
#2695=EDGE_CURVE('',#2132,#2137,#1059,.T.);
#2696=EDGE_CURVE('',#2137,#2138,#1060,.T.);
#2697=EDGE_CURVE('',#2138,#2133,#1061,.T.);
#2698=EDGE_CURVE('',#2139,#2140,#1062,.T.);
#2699=EDGE_CURVE('',#2140,#2129,#1063,.T.);
#2700=EDGE_CURVE('',#2128,#2139,#1064,.T.);
#2701=EDGE_CURVE('',#1919,#1926,#1065,.T.);
#2702=EDGE_CURVE('',#2141,#1918,#1066,.F.);
#2703=EDGE_CURVE('',#2141,#2142,#1067,.T.);
#2704=EDGE_CURVE('',#2142,#2126,#1068,.T.);
#2705=EDGE_CURVE('',#2143,#2143,#656,.T.);
#2706=EDGE_CURVE('',#2143,#2081,#1069,.T.);
#2707=EDGE_CURVE('',#2144,#2144,#657,.T.);
#2708=EDGE_CURVE('',#2144,#2080,#1070,.T.);
#2709=EDGE_CURVE('',#2034,#2145,#1071,.T.);
#2710=EDGE_CURVE('',#2145,#2146,#1072,.T.);
#2711=EDGE_CURVE('',#2146,#2147,#1073,.T.);
#2712=EDGE_CURVE('',#2147,#2056,#1074,.T.);
#2713=EDGE_CURVE('',#2059,#2137,#1075,.T.);
#2714=EDGE_CURVE('',#2138,#2140,#1076,.T.);
#2715=EDGE_CURVE('',#2018,#2069,#1077,.T.);
#2716=EDGE_CURVE('',#2148,#1931,#1078,.T.);
#2717=EDGE_CURVE('',#2149,#2148,#1079,.T.);
#2718=EDGE_CURVE('',#1932,#2149,#1080,.T.);
#2719=EDGE_CURVE('',#2150,#2149,#1081,.T.);
#2720=EDGE_CURVE('',#2151,#2150,#1082,.T.);
#2721=EDGE_CURVE('',#2151,#2152,#1083,.T.);
#2722=EDGE_CURVE('',#2152,#1933,#1084,.T.);
#2723=EDGE_CURVE('',#2153,#2154,#1085,.T.);
#2724=EDGE_CURVE('',#2153,#2152,#1086,.T.);
#2725=EDGE_CURVE('',#2151,#2154,#1087,.T.);
#2726=EDGE_CURVE('',#1929,#2155,#1088,.T.);
#2727=EDGE_CURVE('',#2156,#2155,#1089,.T.);
#2728=EDGE_CURVE('',#2154,#2156,#1090,.T.);
#2729=EDGE_CURVE('',#2157,#2150,#1091,.T.);
#2730=EDGE_CURVE('',#1930,#2157,#1092,.T.);
#2731=EDGE_CURVE('',#2148,#2157,#1093,.T.);
#2732=EDGE_CURVE('',#1934,#2158,#1094,.T.);
#2733=EDGE_CURVE('',#2155,#2158,#1095,.T.);
#2734=EDGE_CURVE('',#2159,#2156,#1096,.T.);
#2735=EDGE_CURVE('',#2153,#2159,#1097,.T.);
#2736=EDGE_CURVE('',#2158,#2159,#1098,.T.);
#2737=EDGE_CURVE('',#2160,#2161,#102,.T.);
#2738=EDGE_CURVE('',#2162,#2160,#1099,.T.);
#2739=EDGE_CURVE('',#2163,#2162,#103,.T.);
#2740=EDGE_CURVE('',#2163,#2164,#1100,.F.);
#2741=EDGE_CURVE('',#2164,#2165,#1101,.T.);
#2742=EDGE_CURVE('',#2165,#2166,#1102,.F.);
#2743=EDGE_CURVE('',#2166,#2167,#1103,.T.);
#2744=EDGE_CURVE('',#2167,#2161,#1104,.F.);
#2745=EDGE_CURVE('',#2168,#2161,#658,.T.);
#2746=EDGE_CURVE('',#2167,#2169,#1105,.F.);
#2747=EDGE_CURVE('',#2169,#2168,#1106,.T.);
#2748=EDGE_CURVE('',#2160,#2170,#1107,.F.);
#2749=EDGE_CURVE('',#2170,#2171,#1108,.F.);
#2750=EDGE_CURVE('',#2171,#2162,#1109,.F.);
#2751=EDGE_CURVE('',#2172,#2168,#104,.T.);
#2752=EDGE_CURVE('',#2163,#2172,#659,.T.);
#2753=EDGE_CURVE('',#2173,#2171,#105,.T.);
#2754=EDGE_CURVE('',#2174,#2173,#660,.T.);
#2755=EDGE_CURVE('',#2170,#2174,#106,.T.);
#2756=EDGE_CURVE('',#2175,#2174,#1110,.T.);
#2757=EDGE_CURVE('',#2176,#2175,#1111,.T.);
#2758=EDGE_CURVE('',#2177,#2176,#1112,.T.);
#2759=EDGE_CURVE('',#2178,#2177,#1113,.T.);
#2760=EDGE_CURVE('',#2173,#2178,#1114,.T.);
#2761=EDGE_CURVE('',#2124,#2179,#1115,.F.);
#2762=EDGE_CURVE('',#2179,#2180,#1116,.F.);
#2763=EDGE_CURVE('',#2180,#2181,#1117,.T.);
#2764=EDGE_CURVE('',#2172,#2181,#1118,.T.);
#2765=EDGE_CURVE('',#2169,#2182,#1119,.T.);
#2766=EDGE_CURVE('',#2183,#2182,#1120,.T.);
#2767=EDGE_CURVE('',#2183,#2101,#1121,.F.);
#2768=EDGE_CURVE('',#2184,#2178,#1122,.F.);
#2769=EDGE_CURVE('',#2185,#2184,#1123,.T.);
#2770=EDGE_CURVE('',#2175,#2185,#1124,.F.);
#2771=EDGE_CURVE('',#1935,#2186,#1125,.T.);
#2772=EDGE_CURVE('',#2187,#2186,#1126,.T.);
#2773=EDGE_CURVE('',#1936,#2187,#1127,.T.);
#2774=EDGE_CURVE('',#2188,#2187,#1128,.T.);
#2775=EDGE_CURVE('',#1937,#2188,#1129,.T.);
#2776=EDGE_CURVE('',#2189,#2188,#1130,.T.);
#2777=EDGE_CURVE('',#1938,#2189,#1131,.T.);
#2778=EDGE_CURVE('',#2190,#2189,#1132,.T.);
#2779=EDGE_CURVE('',#1939,#2190,#1133,.T.);
#2780=EDGE_CURVE('',#2191,#2190,#1134,.T.);
#2781=EDGE_CURVE('',#1940,#2191,#1135,.T.);
#2782=EDGE_CURVE('',#2192,#2191,#1136,.T.);
#2783=EDGE_CURVE('',#1941,#2192,#1137,.T.);
#2784=EDGE_CURVE('',#2193,#2192,#1138,.T.);
#2785=EDGE_CURVE('',#1942,#2193,#1139,.T.);
#2786=EDGE_CURVE('',#2186,#2193,#1140,.T.);
#2787=EDGE_CURVE('',#1924,#2194,#1141,.T.);
#2788=EDGE_CURVE('',#2195,#2194,#1142,.T.);
#2789=EDGE_CURVE('',#1925,#2195,#1143,.T.);
#2790=EDGE_CURVE('',#2196,#2195,#1144,.T.);
#2791=EDGE_CURVE('',#1926,#2196,#1145,.T.);
#2792=EDGE_CURVE('',#2197,#2196,#1146,.T.);
#2793=EDGE_CURVE('',#1919,#2197,#1147,.T.);
#2794=EDGE_CURVE('',#2198,#2197,#1148,.T.);
#2795=EDGE_CURVE('',#1920,#2198,#1149,.T.);
#2796=EDGE_CURVE('',#2199,#2198,#1150,.T.);
#2797=EDGE_CURVE('',#1921,#2199,#1151,.T.);
#2798=EDGE_CURVE('',#2200,#2199,#1152,.T.);
#2799=EDGE_CURVE('',#1922,#2200,#1153,.T.);
#2800=EDGE_CURVE('',#2201,#2200,#1154,.T.);
#2801=EDGE_CURVE('',#1923,#2201,#1155,.T.);
#2802=EDGE_CURVE('',#2194,#2201,#1156,.T.);
#2803=EDGE_CURVE('',#2008,#1982,#1157,.T.);
#2804=EDGE_CURVE('',#2013,#1983,#1158,.T.);
#2805=EDGE_CURVE('',#2007,#2009,#1159,.T.);
#2806=EDGE_CURVE('',#2006,#2010,#1160,.T.);
#2807=EDGE_CURVE('',#2005,#2011,#1161,.T.);
#2808=EDGE_CURVE('',#2012,#1984,#1162,.T.);
#2809=EDGE_CURVE('',#1986,#2110,#1163,.T.);
#2810=EDGE_CURVE('',#1988,#2109,#1164,.T.);
#2811=EDGE_CURVE('',#2202,#2109,#1165,.T.);
#2812=EDGE_CURVE('',#1991,#2202,#21,.T.);
#2813=EDGE_CURVE('',#2110,#2003,#1166,.T.);
#2814=EDGE_CURVE('',#2203,#2202,#1167,.T.);
#2815=EDGE_CURVE('',#2204,#2203,#1168,.T.);
#2816=EDGE_CURVE('',#2205,#2204,#1169,.T.);
#2817=EDGE_CURVE('',#2205,#1992,#1170,.T.);
#2818=EDGE_CURVE('',#2002,#2111,#1171,.T.);
#2819=EDGE_CURVE('',#2206,#1999,#1172,.T.);
#2820=EDGE_CURVE('',#2206,#2000,#1173,.T.);
#2821=EDGE_CURVE('',#2108,#2203,#1174,.T.);
#2822=EDGE_CURVE('',#2204,#2107,#1175,.T.);
#2823=EDGE_CURVE('',#2207,#2205,#1176,.T.);
#2824=EDGE_CURVE('',#2207,#1998,#1177,.T.);
#2825=EDGE_CURVE('',#2207,#2208,#1178,.T.);
#2826=EDGE_CURVE('',#2208,#1962,#1179,.T.);
#2827=EDGE_CURVE('',#2209,#1961,#1180,.T.);
#2828=EDGE_CURVE('',#2206,#2209,#1181,.T.);
#2829=EDGE_CURVE('',#2210,#2106,#1182,.T.);
#2830=EDGE_CURVE('',#2211,#2210,#1183,.T.);
#2831=EDGE_CURVE('',#2208,#2211,#1184,.T.);
#2832=EDGE_CURVE('',#2211,#1963,#1185,.T.);
#2833=EDGE_CURVE('',#2210,#1964,#1186,.T.);
#2834=EDGE_CURVE('',#2212,#1959,#1187,.T.);
#2835=EDGE_CURVE('',#2213,#2212,#1188,.T.);
#2836=EDGE_CURVE('',#2213,#1960,#1189,.T.);
#2837=EDGE_CURVE('',#2209,#2213,#1190,.T.);
#2838=EDGE_CURVE('',#2214,#1958,#1191,.T.);
#2839=EDGE_CURVE('',#2212,#2214,#1192,.T.);
#2840=EDGE_CURVE('',#2214,#2113,#1193,.T.);
#2841=EDGE_CURVE('',#2001,#2112,#1194,.T.);
#2842=EDGE_CURVE('',#2145,#2116,#1195,.T.);
#2843=EDGE_CURVE('',#2146,#2115,#1196,.T.);
#2844=EDGE_CURVE('',#2147,#2114,#1197,.T.);
#2845=EDGE_CURVE('',#2075,#2215,#1198,.T.);
#2846=EDGE_CURVE('',#2215,#2216,#661,.T.);
#2847=EDGE_CURVE('',#2216,#2076,#1199,.T.);
#2848=EDGE_CURVE('',#2217,#2074,#1200,.T.);
#2849=EDGE_CURVE('',#2215,#2217,#1201,.T.);
#2850=EDGE_CURVE('',#2218,#2219,#662,.T.);
#2851=EDGE_CURVE('',#2219,#2078,#1202,.T.);
#2852=EDGE_CURVE('',#2077,#2218,#1203,.T.);
#2853=EDGE_CURVE('',#2220,#2219,#1204,.T.);
#2854=EDGE_CURVE('',#2079,#2220,#1205,.T.);
#2855=EDGE_CURVE('',#2220,#2221,#663,.T.);
#2856=EDGE_CURVE('',#2221,#2072,#1206,.T.);
#2857=EDGE_CURVE('',#2222,#2217,#664,.T.);
#2858=EDGE_CURVE('',#2073,#2222,#1207,.T.);
#2859=EDGE_CURVE('',#2218,#2216,#1208,.T.);
#2860=EDGE_CURVE('',#2222,#2221,#1209,.T.);
#2861=EDGE_CURVE('',#2223,#2223,#665,.T.);
#2862=EDGE_CURVE('',#2223,#1943,#1210,.T.);
#2863=EDGE_CURVE('',#2224,#2224,#666,.T.);
#2864=EDGE_CURVE('',#2224,#1944,#1211,.T.);
#2865=EDGE_CURVE('',#2225,#2225,#667,.T.);
#2866=EDGE_CURVE('',#2225,#1945,#1212,.T.);
#2867=EDGE_CURVE('',#1946,#2226,#1213,.T.);
#2868=EDGE_CURVE('',#2226,#2226,#668,.T.);
#2869=EDGE_CURVE('',#2139,#2227,#1214,.T.);
#2870=EDGE_CURVE('',#2227,#2134,#1215,.T.);
#2871=EDGE_CURVE('',#1952,#2141,#1216,.F.);
#2872=EDGE_CURVE('',#2181,#2164,#1217,.F.);
#2873=EDGE_CURVE('',#2182,#2166,#1218,.T.);
#2874=EDGE_CURVE('',#2165,#2180,#1219,.T.);
#2875=EDGE_CURVE('',#2142,#2179,#1220,.T.);
#2876=EDGE_CURVE('',#1951,#2183,#1221,.F.);
#2877=EDGE_CURVE('',#2136,#2228,#1222,.T.);
#2878=EDGE_CURVE('',#2135,#2229,#1223,.T.);
#2879=EDGE_CURVE('',#2228,#2229,#1224,.T.);
#2880=EDGE_CURVE('',#2230,#2176,#1225,.F.);
#2881=EDGE_CURVE('',#2185,#2230,#1226,.T.);
#2882=EDGE_CURVE('',#2177,#2231,#1227,.F.);
#2883=EDGE_CURVE('',#2231,#2184,#1228,.T.);
#2884=EDGE_CURVE('',#2130,#2231,#1229,.T.);
#2885=EDGE_CURVE('',#2105,#2230,#1230,.F.);
#2886=EDGE_CURVE('',#2228,#2131,#1231,.T.);
#2887=EDGE_CURVE('',#2229,#2227,#1232,.T.);
#2888=ORIENTED_EDGE('',*,*,#2232,.T.);
#2889=ORIENTED_EDGE('',*,*,#2233,.F.);
#2890=ORIENTED_EDGE('',*,*,#2234,.F.);
#2891=ORIENTED_EDGE('',*,*,#2235,.F.);
#2892=ORIENTED_EDGE('',*,*,#2236,.T.);
#2893=ORIENTED_EDGE('',*,*,#2237,.F.);
#2894=ORIENTED_EDGE('',*,*,#2238,.F.);
#2895=ORIENTED_EDGE('',*,*,#2239,.F.);
#2896=ORIENTED_EDGE('',*,*,#2240,.T.);
#2897=ORIENTED_EDGE('',*,*,#2241,.T.);
#2898=ORIENTED_EDGE('',*,*,#2237,.T.);
#2899=ORIENTED_EDGE('',*,*,#2242,.T.);
#2900=ORIENTED_EDGE('',*,*,#2241,.F.);
#2901=ORIENTED_EDGE('',*,*,#2243,.F.);
#2902=ORIENTED_EDGE('',*,*,#2244,.F.);
#2903=ORIENTED_EDGE('',*,*,#2245,.T.);
#2904=ORIENTED_EDGE('',*,*,#2238,.T.);
#2905=ORIENTED_EDGE('',*,*,#2236,.F.);
#2906=ORIENTED_EDGE('',*,*,#2246,.T.);
#2907=ORIENTED_EDGE('',*,*,#2247,.F.);
#2908=ORIENTED_EDGE('',*,*,#2248,.F.);
#2909=ORIENTED_EDGE('',*,*,#2242,.F.);
#2910=ORIENTED_EDGE('',*,*,#2249,.F.);
#2911=ORIENTED_EDGE('',*,*,#2246,.F.);
#2912=ORIENTED_EDGE('',*,*,#2239,.T.);
#2913=ORIENTED_EDGE('',*,*,#2245,.F.);
#2914=ORIENTED_EDGE('',*,*,#2250,.F.);
#2915=ORIENTED_EDGE('',*,*,#2251,.T.);
#2916=ORIENTED_EDGE('',*,*,#2252,.F.);
#2917=ORIENTED_EDGE('',*,*,#2253,.F.);
#2918=ORIENTED_EDGE('',*,*,#2254,.T.);
#2919=ORIENTED_EDGE('',*,*,#2243,.T.);
#2920=ORIENTED_EDGE('',*,*,#2240,.F.);
#2921=ORIENTED_EDGE('',*,*,#2248,.T.);
#2922=ORIENTED_EDGE('',*,*,#2255,.F.);
#2923=ORIENTED_EDGE('',*,*,#2251,.F.);
#2924=ORIENTED_EDGE('',*,*,#2256,.F.);
#2925=ORIENTED_EDGE('',*,*,#2257,.F.);
#2926=ORIENTED_EDGE('',*,*,#2258,.F.);
#2927=ORIENTED_EDGE('',*,*,#2259,.T.);
#2928=ORIENTED_EDGE('',*,*,#2260,.F.);
#2929=ORIENTED_EDGE('',*,*,#2256,.T.);
#2930=ORIENTED_EDGE('',*,*,#2250,.T.);
#2931=ORIENTED_EDGE('',*,*,#2244,.T.);
#2932=ORIENTED_EDGE('',*,*,#2254,.F.);
#2933=ORIENTED_EDGE('',*,*,#2261,.F.);
#2934=ORIENTED_EDGE('',*,*,#2262,.F.);
#2935=ORIENTED_EDGE('',*,*,#2261,.T.);
#2936=ORIENTED_EDGE('',*,*,#2253,.T.);
#2937=ORIENTED_EDGE('',*,*,#2263,.F.);
#2938=ORIENTED_EDGE('',*,*,#2252,.T.);
#2939=ORIENTED_EDGE('',*,*,#2247,.T.);
#2940=ORIENTED_EDGE('',*,*,#2249,.T.);
#2941=ORIENTED_EDGE('',*,*,#2255,.T.);
#2942=ORIENTED_EDGE('',*,*,#2264,.T.);
#2943=ORIENTED_EDGE('',*,*,#2265,.F.);
#2944=ORIENTED_EDGE('',*,*,#2263,.T.);
#2945=ORIENTED_EDGE('',*,*,#2266,.F.);
#2946=ORIENTED_EDGE('',*,*,#2264,.F.);
#2947=ORIENTED_EDGE('',*,*,#2257,.T.);
#2948=ORIENTED_EDGE('',*,*,#2260,.T.);
#2949=ORIENTED_EDGE('',*,*,#2267,.T.);
#2950=ORIENTED_EDGE('',*,*,#2233,.T.);
#2951=ORIENTED_EDGE('',*,*,#2268,.F.);
#2952=ORIENTED_EDGE('',*,*,#2269,.F.);
#2953=ORIENTED_EDGE('',*,*,#2234,.T.);
#2954=ORIENTED_EDGE('',*,*,#2267,.F.);
#2955=ORIENTED_EDGE('',*,*,#2259,.F.);
#2956=ORIENTED_EDGE('',*,*,#2269,.T.);
#2957=ORIENTED_EDGE('',*,*,#2270,.F.);
#2958=ORIENTED_EDGE('',*,*,#2235,.T.);
#2959=ORIENTED_EDGE('',*,*,#2232,.F.);
#2960=ORIENTED_EDGE('',*,*,#2270,.T.);
#2961=ORIENTED_EDGE('',*,*,#2268,.T.);
#2962=ORIENTED_EDGE('',*,*,#2258,.T.);
#2963=ORIENTED_EDGE('',*,*,#2262,.T.);
#2964=ORIENTED_EDGE('',*,*,#2265,.T.);
#2965=ORIENTED_EDGE('',*,*,#2266,.T.);
#2966=ORIENTED_EDGE('',*,*,#2271,.T.);
#2967=ORIENTED_EDGE('',*,*,#2272,.T.);
#2968=ORIENTED_EDGE('',*,*,#2273,.F.);
#2969=ORIENTED_EDGE('',*,*,#2274,.T.);
#2970=ORIENTED_EDGE('',*,*,#2275,.F.);
#2971=ORIENTED_EDGE('',*,*,#2276,.F.);
#2972=ORIENTED_EDGE('',*,*,#2277,.F.);
#2973=ORIENTED_EDGE('',*,*,#2278,.F.);
#2974=ORIENTED_EDGE('',*,*,#2279,.T.);
#2975=ORIENTED_EDGE('',*,*,#2280,.F.);
#2976=ORIENTED_EDGE('',*,*,#2281,.T.);
#2977=ORIENTED_EDGE('',*,*,#2282,.F.);
#2978=ORIENTED_EDGE('',*,*,#2283,.F.);
#2979=ORIENTED_EDGE('',*,*,#2280,.T.);
#2980=ORIENTED_EDGE('',*,*,#2284,.T.);
#2981=ORIENTED_EDGE('',*,*,#2284,.F.);
#2982=ORIENTED_EDGE('',*,*,#2279,.F.);
#2983=ORIENTED_EDGE('',*,*,#2285,.F.);
#2984=ORIENTED_EDGE('',*,*,#2286,.F.);
#2985=ORIENTED_EDGE('',*,*,#2287,.F.);
#2986=ORIENTED_EDGE('',*,*,#2288,.F.);
#2987=ORIENTED_EDGE('',*,*,#2289,.F.);
#2988=ORIENTED_EDGE('',*,*,#2290,.F.);
#2989=ORIENTED_EDGE('',*,*,#2291,.F.);
#2990=ORIENTED_EDGE('',*,*,#2285,.T.);
#2991=ORIENTED_EDGE('',*,*,#2278,.T.);
#2992=ORIENTED_EDGE('',*,*,#2292,.F.);
#2993=ORIENTED_EDGE('',*,*,#2293,.F.);
#2994=ORIENTED_EDGE('',*,*,#2293,.T.);
#2995=ORIENTED_EDGE('',*,*,#2294,.T.);
#2996=ORIENTED_EDGE('',*,*,#2295,.T.);
#2997=ORIENTED_EDGE('',*,*,#2296,.T.);
#2998=ORIENTED_EDGE('',*,*,#2297,.T.);
#2999=ORIENTED_EDGE('',*,*,#2298,.T.);
#3000=ORIENTED_EDGE('',*,*,#2294,.F.);
#3001=ORIENTED_EDGE('',*,*,#2292,.T.);
#3002=ORIENTED_EDGE('',*,*,#2281,.F.);
#3003=ORIENTED_EDGE('',*,*,#2283,.T.);
#3004=ORIENTED_EDGE('',*,*,#2297,.F.);
#3005=ORIENTED_EDGE('',*,*,#2282,.T.);
#3006=ORIENTED_EDGE('',*,*,#2286,.T.);
#3007=ORIENTED_EDGE('',*,*,#2291,.T.);
#3008=ORIENTED_EDGE('',*,*,#2299,.F.);
#3009=ORIENTED_EDGE('',*,*,#2300,.F.);
#3010=ORIENTED_EDGE('',*,*,#2301,.F.);
#3011=ORIENTED_EDGE('',*,*,#2299,.T.);
#3012=ORIENTED_EDGE('',*,*,#2290,.T.);
#3013=ORIENTED_EDGE('',*,*,#2302,.T.);
#3014=ORIENTED_EDGE('',*,*,#2303,.T.);
#3015=ORIENTED_EDGE('',*,*,#2304,.T.);
#3016=ORIENTED_EDGE('',*,*,#2302,.F.);
#3017=ORIENTED_EDGE('',*,*,#2289,.T.);
#3018=ORIENTED_EDGE('',*,*,#2305,.F.);
#3019=ORIENTED_EDGE('',*,*,#2306,.F.);
#3020=ORIENTED_EDGE('',*,*,#2307,.F.);
#3021=ORIENTED_EDGE('',*,*,#2308,.F.);
#3022=ORIENTED_EDGE('',*,*,#2309,.T.);
#3023=ORIENTED_EDGE('',*,*,#2305,.T.);
#3024=ORIENTED_EDGE('',*,*,#2288,.T.);
#3025=ORIENTED_EDGE('',*,*,#2307,.T.);
#3026=ORIENTED_EDGE('',*,*,#2287,.T.);
#3027=ORIENTED_EDGE('',*,*,#2296,.F.);
#3028=ORIENTED_EDGE('',*,*,#2310,.T.);
#3029=ORIENTED_EDGE('',*,*,#2311,.T.);
#3030=ORIENTED_EDGE('',*,*,#2272,.F.);
#3031=ORIENTED_EDGE('',*,*,#2312,.F.);
#3032=ORIENTED_EDGE('',*,*,#2310,.F.);
#3033=ORIENTED_EDGE('',*,*,#2295,.F.);
#3034=ORIENTED_EDGE('',*,*,#2298,.F.);
#3035=ORIENTED_EDGE('',*,*,#2300,.T.);
#3036=ORIENTED_EDGE('',*,*,#2301,.T.);
#3037=ORIENTED_EDGE('',*,*,#2313,.T.);
#3038=ORIENTED_EDGE('',*,*,#2314,.T.);
#3039=ORIENTED_EDGE('',*,*,#2275,.T.);
#3040=ORIENTED_EDGE('',*,*,#2274,.F.);
#3041=ORIENTED_EDGE('',*,*,#2314,.F.);
#3042=ORIENTED_EDGE('',*,*,#2273,.T.);
#3043=ORIENTED_EDGE('',*,*,#2313,.F.);
#3044=ORIENTED_EDGE('',*,*,#2304,.F.);
#3045=ORIENTED_EDGE('',*,*,#2315,.T.);
#3046=ORIENTED_EDGE('',*,*,#2276,.T.);
#3047=ORIENTED_EDGE('',*,*,#2316,.F.);
#3048=ORIENTED_EDGE('',*,*,#2277,.T.);
#3049=ORIENTED_EDGE('',*,*,#2315,.F.);
#3050=ORIENTED_EDGE('',*,*,#2303,.F.);
#3051=ORIENTED_EDGE('',*,*,#2306,.T.);
#3052=ORIENTED_EDGE('',*,*,#2309,.F.);
#3053=ORIENTED_EDGE('',*,*,#2271,.F.);
#3054=ORIENTED_EDGE('',*,*,#2316,.T.);
#3055=ORIENTED_EDGE('',*,*,#2308,.T.);
#3056=ORIENTED_EDGE('',*,*,#2311,.F.);
#3057=ORIENTED_EDGE('',*,*,#2312,.T.);
#3058=ORIENTED_EDGE('',*,*,#2317,.T.);
#3059=ORIENTED_EDGE('',*,*,#2318,.T.);
#3060=ORIENTED_EDGE('',*,*,#2319,.T.);
#3061=ORIENTED_EDGE('',*,*,#2320,.T.);
#3062=ORIENTED_EDGE('',*,*,#2321,.F.);
#3063=ORIENTED_EDGE('',*,*,#2322,.F.);
#3064=ORIENTED_EDGE('',*,*,#2323,.T.);
#3065=ORIENTED_EDGE('',*,*,#2324,.F.);
#3066=ORIENTED_EDGE('',*,*,#2325,.F.);
#3067=ORIENTED_EDGE('',*,*,#2326,.T.);
#3068=ORIENTED_EDGE('',*,*,#2321,.T.);
#3069=ORIENTED_EDGE('',*,*,#2327,.T.);
#3070=ORIENTED_EDGE('',*,*,#2328,.T.);
#3071=ORIENTED_EDGE('',*,*,#2329,.F.);
#3072=ORIENTED_EDGE('',*,*,#2327,.F.);
#3073=ORIENTED_EDGE('',*,*,#2326,.F.);
#3074=ORIENTED_EDGE('',*,*,#2330,.F.);
#3075=ORIENTED_EDGE('',*,*,#2331,.F.);
#3076=ORIENTED_EDGE('',*,*,#2332,.T.);
#3077=ORIENTED_EDGE('',*,*,#2333,.F.);
#3078=ORIENTED_EDGE('',*,*,#2334,.T.);
#3079=ORIENTED_EDGE('',*,*,#2335,.T.);
#3080=ORIENTED_EDGE('',*,*,#2332,.F.);
#3081=ORIENTED_EDGE('',*,*,#2331,.T.);
#3082=ORIENTED_EDGE('',*,*,#2330,.T.);
#3083=ORIENTED_EDGE('',*,*,#2325,.T.);
#3084=ORIENTED_EDGE('',*,*,#2336,.F.);
#3085=ORIENTED_EDGE('',*,*,#2337,.F.);
#3086=ORIENTED_EDGE('',*,*,#2334,.F.);
#3087=ORIENTED_EDGE('',*,*,#2338,.F.);
#3088=ORIENTED_EDGE('',*,*,#2336,.T.);
#3089=ORIENTED_EDGE('',*,*,#2324,.T.);
#3090=ORIENTED_EDGE('',*,*,#2339,.T.);
#3091=ORIENTED_EDGE('',*,*,#2340,.F.);
#3092=ORIENTED_EDGE('',*,*,#2341,.T.);
#3093=ORIENTED_EDGE('',*,*,#2342,.F.);
#3094=ORIENTED_EDGE('',*,*,#2343,.F.);
#3095=ORIENTED_EDGE('',*,*,#2339,.F.);
#3096=ORIENTED_EDGE('',*,*,#2323,.F.);
#3097=ORIENTED_EDGE('',*,*,#2344,.T.);
#3098=ORIENTED_EDGE('',*,*,#2342,.T.);
#3099=ORIENTED_EDGE('',*,*,#2322,.T.);
#3100=ORIENTED_EDGE('',*,*,#2329,.T.);
#3101=ORIENTED_EDGE('',*,*,#2345,.T.);
#3102=ORIENTED_EDGE('',*,*,#2346,.F.);
#3103=ORIENTED_EDGE('',*,*,#2347,.T.);
#3104=ORIENTED_EDGE('',*,*,#2346,.T.);
#3105=ORIENTED_EDGE('',*,*,#2348,.T.);
#3106=ORIENTED_EDGE('',*,*,#2318,.F.);
#3107=ORIENTED_EDGE('',*,*,#2338,.T.);
#3108=ORIENTED_EDGE('',*,*,#2349,.T.);
#3109=ORIENTED_EDGE('',*,*,#2319,.F.);
#3110=ORIENTED_EDGE('',*,*,#2348,.F.);
#3111=ORIENTED_EDGE('',*,*,#2345,.F.);
#3112=ORIENTED_EDGE('',*,*,#2328,.F.);
#3113=ORIENTED_EDGE('',*,*,#2333,.T.);
#3114=ORIENTED_EDGE('',*,*,#2335,.F.);
#3115=ORIENTED_EDGE('',*,*,#2337,.T.);
#3116=ORIENTED_EDGE('',*,*,#2320,.F.);
#3117=ORIENTED_EDGE('',*,*,#2349,.F.);
#3118=ORIENTED_EDGE('',*,*,#2341,.F.);
#3119=ORIENTED_EDGE('',*,*,#2350,.F.);
#3120=ORIENTED_EDGE('',*,*,#2317,.F.);
#3121=ORIENTED_EDGE('',*,*,#2350,.T.);
#3122=ORIENTED_EDGE('',*,*,#2340,.T.);
#3123=ORIENTED_EDGE('',*,*,#2343,.T.);
#3124=ORIENTED_EDGE('',*,*,#2344,.F.);
#3125=ORIENTED_EDGE('',*,*,#2347,.F.);
#3126=ORIENTED_EDGE('',*,*,#2351,.T.);
#3127=ORIENTED_EDGE('',*,*,#2352,.T.);
#3128=ORIENTED_EDGE('',*,*,#2353,.T.);
#3129=ORIENTED_EDGE('',*,*,#2354,.T.);
#3130=ORIENTED_EDGE('',*,*,#2355,.F.);
#3131=ORIENTED_EDGE('',*,*,#2356,.T.);
#3132=ORIENTED_EDGE('',*,*,#2357,.T.);
#3133=ORIENTED_EDGE('',*,*,#2358,.T.);
#3134=ORIENTED_EDGE('',*,*,#2359,.F.);
#3135=ORIENTED_EDGE('',*,*,#2360,.T.);
#3136=ORIENTED_EDGE('',*,*,#2361,.T.);
#3137=ORIENTED_EDGE('',*,*,#2362,.T.);
#3138=ORIENTED_EDGE('',*,*,#2363,.T.);
#3139=ORIENTED_EDGE('',*,*,#2364,.F.);
#3140=ORIENTED_EDGE('',*,*,#2365,.F.);
#3141=ORIENTED_EDGE('',*,*,#2366,.F.);
#3142=ORIENTED_EDGE('',*,*,#2367,.F.);
#3143=ORIENTED_EDGE('',*,*,#2368,.F.);
#3144=ORIENTED_EDGE('',*,*,#2364,.T.);
#3145=ORIENTED_EDGE('',*,*,#2363,.F.);
#3146=ORIENTED_EDGE('',*,*,#2369,.F.);
#3147=ORIENTED_EDGE('',*,*,#2370,.F.);
#3148=ORIENTED_EDGE('',*,*,#2371,.T.);
#3149=ORIENTED_EDGE('',*,*,#2366,.T.);
#3150=ORIENTED_EDGE('',*,*,#2372,.F.);
#3151=ORIENTED_EDGE('',*,*,#2373,.T.);
#3152=ORIENTED_EDGE('',*,*,#2374,.T.);
#3153=ORIENTED_EDGE('',*,*,#2370,.T.);
#3154=ORIENTED_EDGE('',*,*,#2375,.F.);
#3155=ORIENTED_EDGE('',*,*,#2376,.F.);
#3156=ORIENTED_EDGE('',*,*,#2377,.T.);
#3157=ORIENTED_EDGE('',*,*,#2360,.F.);
#3158=ORIENTED_EDGE('',*,*,#2378,.T.);
#3159=ORIENTED_EDGE('',*,*,#2379,.F.);
#3160=ORIENTED_EDGE('',*,*,#2377,.F.);
#3161=ORIENTED_EDGE('',*,*,#2380,.F.);
#3162=ORIENTED_EDGE('',*,*,#2381,.F.);
#3163=ORIENTED_EDGE('',*,*,#2382,.F.);
#3164=ORIENTED_EDGE('',*,*,#2378,.F.);
#3165=ORIENTED_EDGE('',*,*,#2359,.T.);
#3166=ORIENTED_EDGE('',*,*,#2352,.F.);
#3167=ORIENTED_EDGE('',*,*,#2383,.F.);
#3168=ORIENTED_EDGE('',*,*,#2381,.T.);
#3169=ORIENTED_EDGE('',*,*,#2358,.F.);
#3170=ORIENTED_EDGE('',*,*,#2384,.T.);
#3171=ORIENTED_EDGE('',*,*,#2353,.F.);
#3172=ORIENTED_EDGE('',*,*,#2384,.F.);
#3173=ORIENTED_EDGE('',*,*,#2361,.F.);
#3174=ORIENTED_EDGE('',*,*,#2380,.T.);
#3175=ORIENTED_EDGE('',*,*,#2376,.T.);
#3176=ORIENTED_EDGE('',*,*,#2385,.T.);
#3177=ORIENTED_EDGE('',*,*,#2354,.F.);
#3178=ORIENTED_EDGE('',*,*,#2385,.F.);
#3179=ORIENTED_EDGE('',*,*,#2375,.T.);
#3180=ORIENTED_EDGE('',*,*,#2369,.T.);
#3181=ORIENTED_EDGE('',*,*,#2362,.F.);
#3182=ORIENTED_EDGE('',*,*,#2386,.F.);
#3183=ORIENTED_EDGE('',*,*,#2386,.T.);
#3184=ORIENTED_EDGE('',*,*,#2365,.T.);
#3185=ORIENTED_EDGE('',*,*,#2368,.T.);
#3186=ORIENTED_EDGE('',*,*,#2387,.T.);
#3187=ORIENTED_EDGE('',*,*,#2355,.T.);
#3188=ORIENTED_EDGE('',*,*,#2356,.F.);
#3189=ORIENTED_EDGE('',*,*,#2387,.F.);
#3190=ORIENTED_EDGE('',*,*,#2367,.T.);
#3191=ORIENTED_EDGE('',*,*,#2371,.F.);
#3192=ORIENTED_EDGE('',*,*,#2374,.F.);
#3193=ORIENTED_EDGE('',*,*,#2388,.T.);
#3194=ORIENTED_EDGE('',*,*,#2357,.F.);
#3195=ORIENTED_EDGE('',*,*,#2388,.F.);
#3196=ORIENTED_EDGE('',*,*,#2373,.F.);
#3197=ORIENTED_EDGE('',*,*,#2389,.F.);
#3198=ORIENTED_EDGE('',*,*,#2351,.F.);
#3199=ORIENTED_EDGE('',*,*,#2389,.T.);
#3200=ORIENTED_EDGE('',*,*,#2372,.T.);
#3201=ORIENTED_EDGE('',*,*,#2379,.T.);
#3202=ORIENTED_EDGE('',*,*,#2382,.T.);
#3203=ORIENTED_EDGE('',*,*,#2383,.T.);
#3204=ORIENTED_EDGE('',*,*,#2390,.T.);
#3205=ORIENTED_EDGE('',*,*,#2391,.T.);
#3206=ORIENTED_EDGE('',*,*,#2392,.T.);
#3207=ORIENTED_EDGE('',*,*,#2393,.T.);
#3208=ORIENTED_EDGE('',*,*,#2390,.F.);
#3209=ORIENTED_EDGE('',*,*,#2394,.F.);
#3210=ORIENTED_EDGE('',*,*,#2395,.F.);
#3211=ORIENTED_EDGE('',*,*,#2396,.F.);
#3212=ORIENTED_EDGE('',*,*,#2393,.F.);
#3213=ORIENTED_EDGE('',*,*,#2397,.T.);
#3214=ORIENTED_EDGE('',*,*,#2398,.F.);
#3215=ORIENTED_EDGE('',*,*,#2394,.T.);
#3216=ORIENTED_EDGE('',*,*,#2392,.F.);
#3217=ORIENTED_EDGE('',*,*,#2399,.F.);
#3218=ORIENTED_EDGE('',*,*,#2400,.F.);
#3219=ORIENTED_EDGE('',*,*,#2397,.F.);
#3220=ORIENTED_EDGE('',*,*,#2401,.F.);
#3221=ORIENTED_EDGE('',*,*,#2399,.T.);
#3222=ORIENTED_EDGE('',*,*,#2391,.F.);
#3223=ORIENTED_EDGE('',*,*,#2396,.T.);
#3224=ORIENTED_EDGE('',*,*,#2402,.F.);
#3225=ORIENTED_EDGE('',*,*,#2403,.F.);
#3226=ORIENTED_EDGE('',*,*,#2404,.F.);
#3227=ORIENTED_EDGE('',*,*,#2405,.F.);
#3228=ORIENTED_EDGE('',*,*,#2402,.T.);
#3229=ORIENTED_EDGE('',*,*,#2406,.T.);
#3230=ORIENTED_EDGE('',*,*,#2407,.T.);
#3231=ORIENTED_EDGE('',*,*,#2408,.T.);
#3232=ORIENTED_EDGE('',*,*,#2409,.T.);
#3233=ORIENTED_EDGE('',*,*,#2410,.T.);
#3234=ORIENTED_EDGE('',*,*,#2411,.T.);
#3235=ORIENTED_EDGE('',*,*,#2412,.T.);
#3236=ORIENTED_EDGE('',*,*,#2413,.T.);
#3237=ORIENTED_EDGE('',*,*,#2414,.T.);
#3238=ORIENTED_EDGE('',*,*,#2415,.T.);
#3239=ORIENTED_EDGE('',*,*,#2416,.T.);
#3240=ORIENTED_EDGE('',*,*,#2417,.T.);
#3241=ORIENTED_EDGE('',*,*,#2418,.T.);
#3242=ORIENTED_EDGE('',*,*,#2419,.T.);
#3243=ORIENTED_EDGE('',*,*,#2420,.T.);
#3244=ORIENTED_EDGE('',*,*,#2421,.T.);
#3245=ORIENTED_EDGE('',*,*,#2422,.T.);
#3246=ORIENTED_EDGE('',*,*,#2423,.T.);
#3247=ORIENTED_EDGE('',*,*,#2424,.T.);
#3248=ORIENTED_EDGE('',*,*,#2425,.T.);
#3249=ORIENTED_EDGE('',*,*,#2426,.T.);
#3250=ORIENTED_EDGE('',*,*,#2427,.T.);
#3251=ORIENTED_EDGE('',*,*,#2428,.T.);
#3252=ORIENTED_EDGE('',*,*,#2429,.T.);
#3253=ORIENTED_EDGE('',*,*,#2430,.T.);
#3254=ORIENTED_EDGE('',*,*,#2431,.T.);
#3255=ORIENTED_EDGE('',*,*,#2432,.T.);
#3256=ORIENTED_EDGE('',*,*,#2433,.T.);
#3257=ORIENTED_EDGE('',*,*,#2434,.T.);
#3258=ORIENTED_EDGE('',*,*,#2435,.T.);
#3259=ORIENTED_EDGE('',*,*,#2436,.T.);
#3260=ORIENTED_EDGE('',*,*,#2437,.T.);
#3261=ORIENTED_EDGE('',*,*,#2438,.T.);
#3262=ORIENTED_EDGE('',*,*,#2405,.T.);
#3263=ORIENTED_EDGE('',*,*,#2439,.F.);
#3264=ORIENTED_EDGE('',*,*,#2440,.F.);
#3265=ORIENTED_EDGE('',*,*,#2406,.F.);
#3266=ORIENTED_EDGE('',*,*,#2403,.T.);
#3267=ORIENTED_EDGE('',*,*,#2420,.F.);
#3268=ORIENTED_EDGE('',*,*,#2441,.F.);
#3269=ORIENTED_EDGE('',*,*,#2442,.F.);
#3270=ORIENTED_EDGE('',*,*,#2443,.F.);
#3271=ORIENTED_EDGE('',*,*,#2444,.T.);
#3272=ORIENTED_EDGE('',*,*,#2445,.T.);
#3273=ORIENTED_EDGE('',*,*,#2446,.F.);
#3274=ORIENTED_EDGE('',*,*,#2408,.F.);
#3275=ORIENTED_EDGE('',*,*,#2447,.T.);
#3276=ORIENTED_EDGE('',*,*,#2448,.T.);
#3277=ORIENTED_EDGE('',*,*,#2449,.F.);
#3278=ORIENTED_EDGE('',*,*,#2450,.T.);
#3279=ORIENTED_EDGE('',*,*,#2451,.F.);
#3280=ORIENTED_EDGE('',*,*,#2452,.T.);
#3281=ORIENTED_EDGE('',*,*,#2453,.T.);
#3282=ORIENTED_EDGE('',*,*,#2454,.T.);
#3283=ORIENTED_EDGE('',*,*,#2455,.T.);
#3284=ORIENTED_EDGE('',*,*,#2456,.T.);
#3285=ORIENTED_EDGE('',*,*,#2457,.T.);
#3286=ORIENTED_EDGE('',*,*,#2458,.T.);
#3287=ORIENTED_EDGE('',*,*,#2459,.T.);
#3288=ORIENTED_EDGE('',*,*,#2460,.F.);
#3289=ORIENTED_EDGE('',*,*,#2461,.T.);
#3290=ORIENTED_EDGE('',*,*,#2462,.F.);
#3291=ORIENTED_EDGE('',*,*,#2463,.T.);
#3292=ORIENTED_EDGE('',*,*,#2464,.T.);
#3293=ORIENTED_EDGE('',*,*,#2465,.T.);
#3294=ORIENTED_EDGE('',*,*,#2466,.T.);
#3295=ORIENTED_EDGE('',*,*,#2467,.F.);
#3296=ORIENTED_EDGE('',*,*,#2468,.T.);
#3297=ORIENTED_EDGE('',*,*,#2469,.F.);
#3298=ORIENTED_EDGE('',*,*,#2468,.F.);
#3299=ORIENTED_EDGE('',*,*,#2470,.F.);
#3300=ORIENTED_EDGE('',*,*,#2471,.T.);
#3301=ORIENTED_EDGE('',*,*,#2472,.F.);
#3302=ORIENTED_EDGE('',*,*,#2471,.F.);
#3303=ORIENTED_EDGE('',*,*,#2473,.T.);
#3304=ORIENTED_EDGE('',*,*,#2474,.T.);
#3305=ORIENTED_EDGE('',*,*,#2475,.F.);
#3306=ORIENTED_EDGE('',*,*,#2476,.T.);
#3307=ORIENTED_EDGE('',*,*,#2477,.T.);
#3308=ORIENTED_EDGE('',*,*,#2478,.T.);
#3309=ORIENTED_EDGE('',*,*,#2479,.F.);
#3310=ORIENTED_EDGE('',*,*,#2480,.F.);
#3311=ORIENTED_EDGE('',*,*,#2481,.F.);
#3312=ORIENTED_EDGE('',*,*,#2482,.F.);
#3313=ORIENTED_EDGE('',*,*,#2483,.F.);
#3314=ORIENTED_EDGE('',*,*,#2484,.T.);
#3315=ORIENTED_EDGE('',*,*,#2485,.F.);
#3316=ORIENTED_EDGE('',*,*,#2486,.T.);
#3317=ORIENTED_EDGE('',*,*,#2487,.F.);
#3318=ORIENTED_EDGE('',*,*,#2486,.F.);
#3319=ORIENTED_EDGE('',*,*,#2488,.F.);
#3320=ORIENTED_EDGE('',*,*,#2489,.F.);
#3321=ORIENTED_EDGE('',*,*,#2490,.F.);
#3322=ORIENTED_EDGE('',*,*,#2477,.F.);
#3323=ORIENTED_EDGE('',*,*,#2491,.F.);
#3324=ORIENTED_EDGE('',*,*,#2492,.F.);
#3325=ORIENTED_EDGE('',*,*,#2473,.F.);
#3326=ORIENTED_EDGE('',*,*,#2493,.F.);
#3327=ORIENTED_EDGE('',*,*,#2494,.F.);
#3328=ORIENTED_EDGE('',*,*,#2495,.F.);
#3329=ORIENTED_EDGE('',*,*,#2496,.F.);
#3330=ORIENTED_EDGE('',*,*,#2497,.F.);
#3331=ORIENTED_EDGE('',*,*,#2498,.F.);
#3332=ORIENTED_EDGE('',*,*,#2499,.F.);
#3333=ORIENTED_EDGE('',*,*,#2495,.T.);
#3334=ORIENTED_EDGE('',*,*,#2500,.F.);
#3335=ORIENTED_EDGE('',*,*,#2501,.T.);
#3336=ORIENTED_EDGE('',*,*,#2502,.T.);
#3337=ORIENTED_EDGE('',*,*,#2503,.F.);
#3338=ORIENTED_EDGE('',*,*,#2504,.T.);
#3339=ORIENTED_EDGE('',*,*,#2492,.T.);
#3340=ORIENTED_EDGE('',*,*,#2505,.T.);
#3341=ORIENTED_EDGE('',*,*,#2506,.F.);
#3342=ORIENTED_EDGE('',*,*,#2474,.F.);
#3343=ORIENTED_EDGE('',*,*,#2493,.T.);
#3344=ORIENTED_EDGE('',*,*,#2476,.F.);
#3345=ORIENTED_EDGE('',*,*,#2507,.F.);
#3346=ORIENTED_EDGE('',*,*,#2508,.F.);
#3347=ORIENTED_EDGE('',*,*,#2509,.F.);
#3348=ORIENTED_EDGE('',*,*,#2510,.T.);
#3349=ORIENTED_EDGE('',*,*,#2491,.T.);
#3350=ORIENTED_EDGE('',*,*,#2482,.T.);
#3351=ORIENTED_EDGE('',*,*,#2511,.F.);
#3352=ORIENTED_EDGE('',*,*,#2505,.F.);
#3353=ORIENTED_EDGE('',*,*,#2512,.T.);
#3354=ORIENTED_EDGE('',*,*,#2496,.T.);
#3355=ORIENTED_EDGE('',*,*,#2513,.T.);
#3356=ORIENTED_EDGE('',*,*,#2514,.T.);
#3357=ORIENTED_EDGE('',*,*,#2515,.T.);
#3358=ORIENTED_EDGE('',*,*,#2516,.T.);
#3359=ORIENTED_EDGE('',*,*,#2517,.F.);
#3360=ORIENTED_EDGE('',*,*,#2518,.T.);
#3361=ORIENTED_EDGE('',*,*,#2519,.F.);
#3362=ORIENTED_EDGE('',*,*,#2520,.T.);
#3363=ORIENTED_EDGE('',*,*,#2521,.F.);
#3364=ORIENTED_EDGE('',*,*,#2522,.F.);
#3365=ORIENTED_EDGE('',*,*,#2523,.T.);
#3366=ORIENTED_EDGE('',*,*,#2524,.F.);
#3367=ORIENTED_EDGE('',*,*,#2520,.F.);
#3368=ORIENTED_EDGE('',*,*,#2525,.T.);
#3369=ORIENTED_EDGE('',*,*,#2526,.T.);
#3370=ORIENTED_EDGE('',*,*,#2527,.F.);
#3371=ORIENTED_EDGE('',*,*,#2528,.F.);
#3372=ORIENTED_EDGE('',*,*,#2529,.T.);
#3373=ORIENTED_EDGE('',*,*,#2522,.T.);
#3374=ORIENTED_EDGE('',*,*,#2530,.F.);
#3375=ORIENTED_EDGE('',*,*,#2531,.F.);
#3376=ORIENTED_EDGE('',*,*,#2532,.F.);
#3377=ORIENTED_EDGE('',*,*,#2533,.T.);
#3378=ORIENTED_EDGE('',*,*,#2534,.F.);
#3379=ORIENTED_EDGE('',*,*,#2535,.F.);
#3380=ORIENTED_EDGE('',*,*,#2536,.F.);
#3381=ORIENTED_EDGE('',*,*,#2535,.T.);
#3382=ORIENTED_EDGE('',*,*,#2537,.F.);
#3383=ORIENTED_EDGE('',*,*,#2538,.F.);
#3384=ORIENTED_EDGE('',*,*,#2539,.F.);
#3385=ORIENTED_EDGE('',*,*,#2538,.T.);
#3386=ORIENTED_EDGE('',*,*,#2540,.F.);
#3387=ORIENTED_EDGE('',*,*,#2541,.F.);
#3388=ORIENTED_EDGE('',*,*,#2542,.T.);
#3389=ORIENTED_EDGE('',*,*,#2543,.T.);
#3390=ORIENTED_EDGE('',*,*,#2544,.F.);
#3391=ORIENTED_EDGE('',*,*,#2545,.F.);
#3392=ORIENTED_EDGE('',*,*,#2546,.T.);
#3393=ORIENTED_EDGE('',*,*,#2547,.T.);
#3394=ORIENTED_EDGE('',*,*,#2548,.T.);
#3395=ORIENTED_EDGE('',*,*,#2544,.T.);
#3396=ORIENTED_EDGE('',*,*,#2549,.T.);
#3397=ORIENTED_EDGE('',*,*,#2540,.T.);
#3398=ORIENTED_EDGE('',*,*,#2537,.T.);
#3399=ORIENTED_EDGE('',*,*,#2534,.T.);
#3400=ORIENTED_EDGE('',*,*,#2550,.T.);
#3401=ORIENTED_EDGE('',*,*,#2530,.T.);
#3402=ORIENTED_EDGE('',*,*,#2521,.T.);
#3403=ORIENTED_EDGE('',*,*,#2524,.T.);
#3404=ORIENTED_EDGE('',*,*,#2551,.F.);
#3405=ORIENTED_EDGE('',*,*,#2552,.F.);
#3406=ORIENTED_EDGE('',*,*,#2553,.T.);
#3407=ORIENTED_EDGE('',*,*,#2554,.T.);
#3408=ORIENTED_EDGE('',*,*,#2555,.T.);
#3409=ORIENTED_EDGE('',*,*,#2556,.T.);
#3410=ORIENTED_EDGE('',*,*,#2557,.T.);
#3411=ORIENTED_EDGE('',*,*,#2558,.T.);
#3412=ORIENTED_EDGE('',*,*,#2559,.T.);
#3413=ORIENTED_EDGE('',*,*,#2527,.T.);
#3414=ORIENTED_EDGE('',*,*,#2560,.T.);
#3415=ORIENTED_EDGE('',*,*,#2561,.T.);
#3416=ORIENTED_EDGE('',*,*,#2562,.T.);
#3417=ORIENTED_EDGE('',*,*,#2563,.T.);
#3418=ORIENTED_EDGE('',*,*,#2564,.F.);
#3419=ORIENTED_EDGE('',*,*,#2565,.T.);
#3420=ORIENTED_EDGE('',*,*,#2566,.F.);
#3421=ORIENTED_EDGE('',*,*,#2567,.F.);
#3422=ORIENTED_EDGE('',*,*,#2568,.F.);
#3423=ORIENTED_EDGE('',*,*,#2569,.T.);
#3424=ORIENTED_EDGE('',*,*,#2570,.F.);
#3425=ORIENTED_EDGE('',*,*,#2571,.F.);
#3426=ORIENTED_EDGE('',*,*,#2572,.T.);
#3427=ORIENTED_EDGE('',*,*,#2573,.T.);
#3428=ORIENTED_EDGE('',*,*,#2574,.F.);
#3429=ORIENTED_EDGE('',*,*,#2565,.F.);
#3430=ORIENTED_EDGE('',*,*,#2575,.T.);
#3431=ORIENTED_EDGE('',*,*,#2567,.T.);
#3432=ORIENTED_EDGE('',*,*,#2576,.F.);
#3433=ORIENTED_EDGE('',*,*,#2577,.T.);
#3434=ORIENTED_EDGE('',*,*,#2578,.T.);
#3435=ORIENTED_EDGE('',*,*,#2579,.F.);
#3436=ORIENTED_EDGE('',*,*,#2580,.F.);
#3437=ORIENTED_EDGE('',*,*,#2576,.T.);
#3438=ORIENTED_EDGE('',*,*,#2566,.T.);
#3439=ORIENTED_EDGE('',*,*,#2574,.T.);
#3440=ORIENTED_EDGE('',*,*,#2581,.T.);
#3441=ORIENTED_EDGE('',*,*,#2570,.T.);
#3442=ORIENTED_EDGE('',*,*,#2582,.T.);
#3443=ORIENTED_EDGE('',*,*,#2583,.T.);
#3444=ORIENTED_EDGE('',*,*,#2584,.T.);
#3445=ORIENTED_EDGE('',*,*,#2580,.T.);
#3446=ORIENTED_EDGE('',*,*,#2585,.T.);
#3447=ORIENTED_EDGE('',*,*,#2586,.T.);
#3448=ORIENTED_EDGE('',*,*,#2552,.T.);
#3449=ORIENTED_EDGE('',*,*,#2587,.F.);
#3450=ORIENTED_EDGE('',*,*,#2588,.F.);
#3451=ORIENTED_EDGE('',*,*,#2585,.F.);
#3452=ORIENTED_EDGE('',*,*,#2579,.T.);
#3453=ORIENTED_EDGE('',*,*,#2589,.T.);
#3454=ORIENTED_EDGE('',*,*,#2447,.F.);
#3455=ORIENTED_EDGE('',*,*,#2407,.F.);
#3456=ORIENTED_EDGE('',*,*,#2440,.T.);
#3457=ORIENTED_EDGE('',*,*,#2590,.T.);
#3458=ORIENTED_EDGE('',*,*,#2441,.T.);
#3459=ORIENTED_EDGE('',*,*,#2419,.F.);
#3460=ORIENTED_EDGE('',*,*,#2591,.F.);
#3461=ORIENTED_EDGE('',*,*,#2592,.T.);
#3462=ORIENTED_EDGE('',*,*,#2593,.T.);
#3463=ORIENTED_EDGE('',*,*,#2594,.T.);
#3464=ORIENTED_EDGE('',*,*,#2595,.F.);
#3465=ORIENTED_EDGE('',*,*,#2596,.T.);
#3466=ORIENTED_EDGE('',*,*,#2597,.F.);
#3467=ORIENTED_EDGE('',*,*,#2598,.T.);
#3468=ORIENTED_EDGE('',*,*,#2599,.F.);
#3469=ORIENTED_EDGE('',*,*,#2600,.T.);
#3470=ORIENTED_EDGE('',*,*,#2601,.F.);
#3471=ORIENTED_EDGE('',*,*,#2602,.T.);
#3472=ORIENTED_EDGE('',*,*,#2603,.T.);
#3473=ORIENTED_EDGE('',*,*,#2604,.T.);
#3474=ORIENTED_EDGE('',*,*,#2462,.T.);
#3475=ORIENTED_EDGE('',*,*,#2605,.T.);
#3476=ORIENTED_EDGE('',*,*,#2546,.F.);
#3477=ORIENTED_EDGE('',*,*,#2604,.F.);
#3478=ORIENTED_EDGE('',*,*,#2560,.F.);
#3479=ORIENTED_EDGE('',*,*,#2526,.F.);
#3480=ORIENTED_EDGE('',*,*,#2606,.F.);
#3481=ORIENTED_EDGE('',*,*,#2607,.T.);
#3482=ORIENTED_EDGE('',*,*,#2463,.F.);
#3483=ORIENTED_EDGE('',*,*,#2608,.T.);
#3484=ORIENTED_EDGE('',*,*,#2609,.T.);
#3485=ORIENTED_EDGE('',*,*,#2610,.T.);
#3486=ORIENTED_EDGE('',*,*,#2558,.F.);
#3487=ORIENTED_EDGE('',*,*,#2608,.F.);
#3488=ORIENTED_EDGE('',*,*,#2557,.F.);
#3489=ORIENTED_EDGE('',*,*,#2611,.F.);
#3490=ORIENTED_EDGE('',*,*,#2612,.F.);
#3491=ORIENTED_EDGE('',*,*,#2613,.T.);
#3492=ORIENTED_EDGE('',*,*,#2449,.T.);
#3493=ORIENTED_EDGE('',*,*,#2614,.T.);
#3494=ORIENTED_EDGE('',*,*,#2577,.F.);
#3495=ORIENTED_EDGE('',*,*,#2614,.F.);
#3496=ORIENTED_EDGE('',*,*,#2448,.F.);
#3497=ORIENTED_EDGE('',*,*,#2589,.F.);
#3498=ORIENTED_EDGE('',*,*,#2578,.F.);
#3499=ORIENTED_EDGE('',*,*,#2615,.T.);
#3500=ORIENTED_EDGE('',*,*,#2616,.T.);
#3501=ORIENTED_EDGE('',*,*,#2617,.F.);
#3502=ORIENTED_EDGE('',*,*,#2554,.F.);
#3503=ORIENTED_EDGE('',*,*,#2618,.F.);
#3504=ORIENTED_EDGE('',*,*,#2619,.F.);
#3505=ORIENTED_EDGE('',*,*,#2620,.F.);
#3506=ORIENTED_EDGE('',*,*,#2616,.F.);
#3507=ORIENTED_EDGE('',*,*,#2619,.T.);
#3508=ORIENTED_EDGE('',*,*,#2621,.T.);
#3509=ORIENTED_EDGE('',*,*,#2622,.T.);
#3510=ORIENTED_EDGE('',*,*,#2623,.F.);
#3511=ORIENTED_EDGE('',*,*,#2615,.F.);
#3512=ORIENTED_EDGE('',*,*,#2553,.F.);
#3513=ORIENTED_EDGE('',*,*,#2593,.F.);
#3514=ORIENTED_EDGE('',*,*,#2624,.T.);
#3515=ORIENTED_EDGE('',*,*,#2625,.T.);
#3516=ORIENTED_EDGE('',*,*,#2621,.F.);
#3517=ORIENTED_EDGE('',*,*,#2618,.T.);
#3518=ORIENTED_EDGE('',*,*,#2617,.T.);
#3519=ORIENTED_EDGE('',*,*,#2626,.F.);
#3520=ORIENTED_EDGE('',*,*,#2627,.F.);
#3521=ORIENTED_EDGE('',*,*,#2555,.F.);
#3522=ORIENTED_EDGE('',*,*,#2628,.F.);
#3523=ORIENTED_EDGE('',*,*,#2629,.F.);
#3524=ORIENTED_EDGE('',*,*,#2622,.F.);
#3525=ORIENTED_EDGE('',*,*,#2625,.F.);
#3526=ORIENTED_EDGE('',*,*,#2630,.F.);
#3527=ORIENTED_EDGE('',*,*,#2628,.T.);
#3528=ORIENTED_EDGE('',*,*,#2624,.F.);
#3529=ORIENTED_EDGE('',*,*,#2592,.F.);
#3530=ORIENTED_EDGE('',*,*,#2584,.F.);
#3531=ORIENTED_EDGE('',*,*,#2631,.T.);
#3532=ORIENTED_EDGE('',*,*,#2632,.T.);
#3533=ORIENTED_EDGE('',*,*,#2631,.F.);
#3534=ORIENTED_EDGE('',*,*,#2632,.F.);
#3535=ORIENTED_EDGE('',*,*,#2563,.F.);
#3536=ORIENTED_EDGE('',*,*,#2633,.T.);
#3537=ORIENTED_EDGE('',*,*,#2634,.T.);
#3538=ORIENTED_EDGE('',*,*,#2633,.F.);
#3539=ORIENTED_EDGE('',*,*,#2634,.F.);
#3540=ORIENTED_EDGE('',*,*,#2562,.F.);
#3541=ORIENTED_EDGE('',*,*,#2635,.T.);
#3542=ORIENTED_EDGE('',*,*,#2636,.T.);
#3543=ORIENTED_EDGE('',*,*,#2635,.F.);
#3544=ORIENTED_EDGE('',*,*,#2636,.F.);
#3545=ORIENTED_EDGE('',*,*,#2561,.F.);
#3546=ORIENTED_EDGE('',*,*,#2637,.T.);
#3547=ORIENTED_EDGE('',*,*,#2638,.T.);
#3548=ORIENTED_EDGE('',*,*,#2637,.F.);
#3549=ORIENTED_EDGE('',*,*,#2638,.F.);
#3550=ORIENTED_EDGE('',*,*,#2605,.F.);
#3551=ORIENTED_EDGE('',*,*,#2461,.F.);
#3552=ORIENTED_EDGE('',*,*,#2639,.F.);
#3553=ORIENTED_EDGE('',*,*,#2547,.F.);
#3554=ORIENTED_EDGE('',*,*,#2640,.F.);
#3555=ORIENTED_EDGE('',*,*,#2641,.F.);
#3556=ORIENTED_EDGE('',*,*,#2466,.F.);
#3557=ORIENTED_EDGE('',*,*,#2642,.F.);
#3558=ORIENTED_EDGE('',*,*,#2643,.F.);
#3559=ORIENTED_EDGE('',*,*,#2644,.F.);
#3560=ORIENTED_EDGE('',*,*,#2645,.T.);
#3561=ORIENTED_EDGE('',*,*,#2464,.F.);
#3562=ORIENTED_EDGE('',*,*,#2607,.F.);
#3563=ORIENTED_EDGE('',*,*,#2646,.F.);
#3564=ORIENTED_EDGE('',*,*,#2642,.T.);
#3565=ORIENTED_EDGE('',*,*,#2465,.F.);
#3566=ORIENTED_EDGE('',*,*,#2645,.F.);
#3567=ORIENTED_EDGE('',*,*,#2539,.T.);
#3568=ORIENTED_EDGE('',*,*,#2647,.T.);
#3569=ORIENTED_EDGE('',*,*,#2648,.T.);
#3570=ORIENTED_EDGE('',*,*,#2649,.T.);
#3571=ORIENTED_EDGE('',*,*,#2650,.T.);
#3572=ORIENTED_EDGE('',*,*,#2443,.T.);
#3573=ORIENTED_EDGE('',*,*,#2641,.T.);
#3574=ORIENTED_EDGE('',*,*,#2651,.T.);
#3575=ORIENTED_EDGE('',*,*,#2639,.T.);
#3576=ORIENTED_EDGE('',*,*,#2460,.T.);
#3577=ORIENTED_EDGE('',*,*,#2652,.T.);
#3578=ORIENTED_EDGE('',*,*,#2653,.T.);
#3579=ORIENTED_EDGE('',*,*,#2654,.T.);
#3580=ORIENTED_EDGE('',*,*,#2655,.T.);
#3581=ORIENTED_EDGE('',*,*,#2656,.T.);
#3582=ORIENTED_EDGE('',*,*,#2657,.T.);
#3583=ORIENTED_EDGE('',*,*,#2658,.T.);
#3584=ORIENTED_EDGE('',*,*,#2659,.T.);
#3585=ORIENTED_EDGE('',*,*,#2660,.T.);
#3586=ORIENTED_EDGE('',*,*,#2451,.T.);
#3587=ORIENTED_EDGE('',*,*,#2661,.T.);
#3588=ORIENTED_EDGE('',*,*,#2582,.F.);
#3589=ORIENTED_EDGE('',*,*,#2569,.F.);
#3590=ORIENTED_EDGE('',*,*,#2662,.T.);
#3591=ORIENTED_EDGE('',*,*,#2663,.T.);
#3592=ORIENTED_EDGE('',*,*,#2664,.T.);
#3593=ORIENTED_EDGE('',*,*,#2665,.T.);
#3594=ORIENTED_EDGE('',*,*,#2545,.T.);
#3595=ORIENTED_EDGE('',*,*,#2548,.F.);
#3596=ORIENTED_EDGE('',*,*,#2666,.F.);
#3597=ORIENTED_EDGE('',*,*,#2667,.F.);
#3598=ORIENTED_EDGE('',*,*,#2668,.F.);
#3599=ORIENTED_EDGE('',*,*,#2669,.T.);
#3600=ORIENTED_EDGE('',*,*,#2670,.F.);
#3601=ORIENTED_EDGE('',*,*,#2669,.F.);
#3602=ORIENTED_EDGE('',*,*,#2671,.F.);
#3603=ORIENTED_EDGE('',*,*,#2672,.T.);
#3604=ORIENTED_EDGE('',*,*,#2673,.F.);
#3605=ORIENTED_EDGE('',*,*,#2672,.F.);
#3606=ORIENTED_EDGE('',*,*,#2674,.F.);
#3607=ORIENTED_EDGE('',*,*,#2675,.F.);
#3608=ORIENTED_EDGE('',*,*,#2676,.T.);
#3609=ORIENTED_EDGE('',*,*,#2610,.F.);
#3610=ORIENTED_EDGE('',*,*,#2677,.F.);
#3611=ORIENTED_EDGE('',*,*,#2676,.F.);
#3612=ORIENTED_EDGE('',*,*,#2678,.F.);
#3613=ORIENTED_EDGE('',*,*,#2528,.T.);
#3614=ORIENTED_EDGE('',*,*,#2559,.F.);
#3615=ORIENTED_EDGE('',*,*,#2667,.T.);
#3616=ORIENTED_EDGE('',*,*,#2679,.T.);
#3617=ORIENTED_EDGE('',*,*,#2680,.T.);
#3618=ORIENTED_EDGE('',*,*,#2627,.T.);
#3619=ORIENTED_EDGE('',*,*,#2681,.T.);
#3620=ORIENTED_EDGE('',*,*,#2611,.T.);
#3621=ORIENTED_EDGE('',*,*,#2556,.F.);
#3622=ORIENTED_EDGE('',*,*,#2682,.F.);
#3623=ORIENTED_EDGE('',*,*,#2683,.F.);
#3624=ORIENTED_EDGE('',*,*,#2684,.F.);
#3625=ORIENTED_EDGE('',*,*,#2685,.F.);
#3626=ORIENTED_EDGE('',*,*,#2531,.T.);
#3627=ORIENTED_EDGE('',*,*,#2550,.F.);
#3628=ORIENTED_EDGE('',*,*,#2533,.F.);
#3629=ORIENTED_EDGE('',*,*,#2686,.T.);
#3630=ORIENTED_EDGE('',*,*,#2687,.F.);
#3631=ORIENTED_EDGE('',*,*,#2688,.T.);
#3632=ORIENTED_EDGE('',*,*,#2682,.T.);
#3633=ORIENTED_EDGE('',*,*,#2532,.T.);
#3634=ORIENTED_EDGE('',*,*,#2613,.F.);
#3635=ORIENTED_EDGE('',*,*,#2583,.F.);
#3636=ORIENTED_EDGE('',*,*,#2661,.F.);
#3637=ORIENTED_EDGE('',*,*,#2450,.F.);
#3638=ORIENTED_EDGE('',*,*,#2689,.T.);
#3639=ORIENTED_EDGE('',*,*,#2690,.F.);
#3640=ORIENTED_EDGE('',*,*,#2691,.F.);
#3641=ORIENTED_EDGE('',*,*,#2692,.T.);
#3642=ORIENTED_EDGE('',*,*,#2693,.T.);
#3643=ORIENTED_EDGE('',*,*,#2694,.F.);
#3644=ORIENTED_EDGE('',*,*,#2648,.F.);
#3645=ORIENTED_EDGE('',*,*,#2690,.T.);
#3646=ORIENTED_EDGE('',*,*,#2695,.T.);
#3647=ORIENTED_EDGE('',*,*,#2696,.T.);
#3648=ORIENTED_EDGE('',*,*,#2697,.T.);
#3649=ORIENTED_EDGE('',*,*,#2698,.T.);
#3650=ORIENTED_EDGE('',*,*,#2699,.T.);
#3651=ORIENTED_EDGE('',*,*,#2684,.T.);
#3652=ORIENTED_EDGE('',*,*,#2700,.T.);
#3653=ORIENTED_EDGE('',*,*,#2629,.T.);
#3654=ORIENTED_EDGE('',*,*,#2630,.T.);
#3655=ORIENTED_EDGE('',*,*,#2591,.T.);
#3656=ORIENTED_EDGE('',*,*,#2418,.F.);
#3657=ORIENTED_EDGE('',*,*,#2701,.F.);
#3658=ORIENTED_EDGE('',*,*,#2410,.F.);
#3659=ORIENTED_EDGE('',*,*,#2702,.F.);
#3660=ORIENTED_EDGE('',*,*,#2703,.T.);
#3661=ORIENTED_EDGE('',*,*,#2704,.T.);
#3662=ORIENTED_EDGE('',*,*,#2679,.F.);
#3663=ORIENTED_EDGE('',*,*,#2666,.T.);
#3664=ORIENTED_EDGE('',*,*,#2670,.T.);
#3665=ORIENTED_EDGE('',*,*,#2673,.T.);
#3666=ORIENTED_EDGE('',*,*,#2677,.T.);
#3667=ORIENTED_EDGE('',*,*,#2609,.F.);
#3668=ORIENTED_EDGE('',*,*,#2612,.T.);
#3669=ORIENTED_EDGE('',*,*,#2681,.F.);
#3670=ORIENTED_EDGE('',*,*,#2626,.T.);
#3671=ORIENTED_EDGE('',*,*,#2620,.T.);
#3672=ORIENTED_EDGE('',*,*,#2623,.T.);
#3673=ORIENTED_EDGE('',*,*,#2705,.F.);
#3674=ORIENTED_EDGE('',*,*,#2706,.T.);
#3675=ORIENTED_EDGE('',*,*,#2603,.F.);
#3676=ORIENTED_EDGE('',*,*,#2706,.F.);
#3677=ORIENTED_EDGE('',*,*,#2707,.F.);
#3678=ORIENTED_EDGE('',*,*,#2708,.T.);
#3679=ORIENTED_EDGE('',*,*,#2602,.F.);
#3680=ORIENTED_EDGE('',*,*,#2708,.F.);
#3681=ORIENTED_EDGE('',*,*,#2647,.F.);
#3682=ORIENTED_EDGE('',*,*,#2541,.T.);
#3683=ORIENTED_EDGE('',*,*,#2549,.F.);
#3684=ORIENTED_EDGE('',*,*,#2543,.F.);
#3685=ORIENTED_EDGE('',*,*,#2709,.T.);
#3686=ORIENTED_EDGE('',*,*,#2710,.T.);
#3687=ORIENTED_EDGE('',*,*,#2711,.T.);
#3688=ORIENTED_EDGE('',*,*,#2712,.T.);
#3689=ORIENTED_EDGE('',*,*,#2571,.T.);
#3690=ORIENTED_EDGE('',*,*,#2581,.F.);
#3691=ORIENTED_EDGE('',*,*,#2573,.F.);
#3692=ORIENTED_EDGE('',*,*,#2713,.T.);
#3693=ORIENTED_EDGE('',*,*,#2695,.F.);
#3694=ORIENTED_EDGE('',*,*,#2689,.F.);
#3695=ORIENTED_EDGE('',*,*,#2685,.T.);
#3696=ORIENTED_EDGE('',*,*,#2699,.F.);
#3697=ORIENTED_EDGE('',*,*,#2714,.F.);
#3698=ORIENTED_EDGE('',*,*,#2696,.F.);
#3699=ORIENTED_EDGE('',*,*,#2713,.F.);
#3700=ORIENTED_EDGE('',*,*,#2572,.F.);
#3701=ORIENTED_EDGE('',*,*,#2564,.T.);
#3702=ORIENTED_EDGE('',*,*,#2575,.F.);
#3703=ORIENTED_EDGE('',*,*,#2586,.F.);
#3704=ORIENTED_EDGE('',*,*,#2588,.T.);
#3705=ORIENTED_EDGE('',*,*,#2715,.F.);
#3706=ORIENTED_EDGE('',*,*,#2523,.F.);
#3707=ORIENTED_EDGE('',*,*,#2519,.T.);
#3708=ORIENTED_EDGE('',*,*,#2529,.F.);
#3709=ORIENTED_EDGE('',*,*,#2551,.T.);
#3710=ORIENTED_EDGE('',*,*,#2715,.T.);
#3711=ORIENTED_EDGE('',*,*,#2587,.T.);
#3712=ORIENTED_EDGE('',*,*,#2423,.F.);
#3713=ORIENTED_EDGE('',*,*,#2716,.F.);
#3714=ORIENTED_EDGE('',*,*,#2717,.F.);
#3715=ORIENTED_EDGE('',*,*,#2718,.F.);
#3716=ORIENTED_EDGE('',*,*,#2718,.T.);
#3717=ORIENTED_EDGE('',*,*,#2719,.F.);
#3718=ORIENTED_EDGE('',*,*,#2720,.F.);
#3719=ORIENTED_EDGE('',*,*,#2721,.T.);
#3720=ORIENTED_EDGE('',*,*,#2722,.T.);
#3721=ORIENTED_EDGE('',*,*,#2424,.F.);
#3722=ORIENTED_EDGE('',*,*,#2723,.F.);
#3723=ORIENTED_EDGE('',*,*,#2724,.T.);
#3724=ORIENTED_EDGE('',*,*,#2721,.F.);
#3725=ORIENTED_EDGE('',*,*,#2725,.T.);
#3726=ORIENTED_EDGE('',*,*,#2421,.F.);
#3727=ORIENTED_EDGE('',*,*,#2726,.T.);
#3728=ORIENTED_EDGE('',*,*,#2727,.F.);
#3729=ORIENTED_EDGE('',*,*,#2728,.F.);
#3730=ORIENTED_EDGE('',*,*,#2725,.F.);
#3731=ORIENTED_EDGE('',*,*,#2720,.T.);
#3732=ORIENTED_EDGE('',*,*,#2729,.F.);
#3733=ORIENTED_EDGE('',*,*,#2730,.F.);
#3734=ORIENTED_EDGE('',*,*,#2716,.T.);
#3735=ORIENTED_EDGE('',*,*,#2422,.F.);
#3736=ORIENTED_EDGE('',*,*,#2730,.T.);
#3737=ORIENTED_EDGE('',*,*,#2731,.F.);
#3738=ORIENTED_EDGE('',*,*,#2717,.T.);
#3739=ORIENTED_EDGE('',*,*,#2731,.T.);
#3740=ORIENTED_EDGE('',*,*,#2729,.T.);
#3741=ORIENTED_EDGE('',*,*,#2719,.T.);
#3742=ORIENTED_EDGE('',*,*,#2426,.F.);
#3743=ORIENTED_EDGE('',*,*,#2732,.T.);
#3744=ORIENTED_EDGE('',*,*,#2733,.F.);
#3745=ORIENTED_EDGE('',*,*,#2726,.F.);
#3746=ORIENTED_EDGE('',*,*,#2723,.T.);
#3747=ORIENTED_EDGE('',*,*,#2728,.T.);
#3748=ORIENTED_EDGE('',*,*,#2734,.F.);
#3749=ORIENTED_EDGE('',*,*,#2735,.F.);
#3750=ORIENTED_EDGE('',*,*,#2425,.F.);
#3751=ORIENTED_EDGE('',*,*,#2722,.F.);
#3752=ORIENTED_EDGE('',*,*,#2724,.F.);
#3753=ORIENTED_EDGE('',*,*,#2735,.T.);
#3754=ORIENTED_EDGE('',*,*,#2736,.F.);
#3755=ORIENTED_EDGE('',*,*,#2732,.F.);
#3756=ORIENTED_EDGE('',*,*,#2736,.T.);
#3757=ORIENTED_EDGE('',*,*,#2734,.T.);
#3758=ORIENTED_EDGE('',*,*,#2727,.T.);
#3759=ORIENTED_EDGE('',*,*,#2733,.T.);
#3760=ORIENTED_EDGE('',*,*,#2737,.F.);
#3761=ORIENTED_EDGE('',*,*,#2738,.F.);
#3762=ORIENTED_EDGE('',*,*,#2739,.F.);
#3763=ORIENTED_EDGE('',*,*,#2740,.T.);
#3764=ORIENTED_EDGE('',*,*,#2741,.T.);
#3765=ORIENTED_EDGE('',*,*,#2742,.T.);
#3766=ORIENTED_EDGE('',*,*,#2743,.T.);
#3767=ORIENTED_EDGE('',*,*,#2744,.T.);
#3768=ORIENTED_EDGE('',*,*,#2745,.T.);
#3769=ORIENTED_EDGE('',*,*,#2744,.F.);
#3770=ORIENTED_EDGE('',*,*,#2746,.T.);
#3771=ORIENTED_EDGE('',*,*,#2747,.T.);
#3772=ORIENTED_EDGE('',*,*,#2738,.T.);
#3773=ORIENTED_EDGE('',*,*,#2748,.T.);
#3774=ORIENTED_EDGE('',*,*,#2749,.T.);
#3775=ORIENTED_EDGE('',*,*,#2750,.T.);
#3776=ORIENTED_EDGE('',*,*,#2737,.T.);
#3777=ORIENTED_EDGE('',*,*,#2745,.F.);
#3778=ORIENTED_EDGE('',*,*,#2751,.F.);
#3779=ORIENTED_EDGE('',*,*,#2752,.F.);
#3780=ORIENTED_EDGE('',*,*,#2739,.T.);
#3781=ORIENTED_EDGE('',*,*,#2750,.F.);
#3782=ORIENTED_EDGE('',*,*,#2753,.F.);
#3783=ORIENTED_EDGE('',*,*,#2754,.F.);
#3784=ORIENTED_EDGE('',*,*,#2755,.F.);
#3785=ORIENTED_EDGE('',*,*,#2748,.F.);
#3786=ORIENTED_EDGE('',*,*,#2755,.T.);
#3787=ORIENTED_EDGE('',*,*,#2756,.F.);
#3788=ORIENTED_EDGE('',*,*,#2757,.F.);
#3789=ORIENTED_EDGE('',*,*,#2758,.F.);
#3790=ORIENTED_EDGE('',*,*,#2759,.F.);
#3791=ORIENTED_EDGE('',*,*,#2760,.F.);
#3792=ORIENTED_EDGE('',*,*,#2753,.T.);
#3793=ORIENTED_EDGE('',*,*,#2749,.F.);
#3794=ORIENTED_EDGE('',*,*,#2606,.T.);
#3795=ORIENTED_EDGE('',*,*,#2525,.F.);
#3796=ORIENTED_EDGE('',*,*,#2678,.T.);
#3797=ORIENTED_EDGE('',*,*,#2675,.T.);
#3798=ORIENTED_EDGE('',*,*,#2761,.T.);
#3799=ORIENTED_EDGE('',*,*,#2762,.T.);
#3800=ORIENTED_EDGE('',*,*,#2763,.T.);
#3801=ORIENTED_EDGE('',*,*,#2764,.F.);
#3802=ORIENTED_EDGE('',*,*,#2751,.T.);
#3803=ORIENTED_EDGE('',*,*,#2747,.F.);
#3804=ORIENTED_EDGE('',*,*,#2765,.T.);
#3805=ORIENTED_EDGE('',*,*,#2766,.F.);
#3806=ORIENTED_EDGE('',*,*,#2767,.T.);
#3807=ORIENTED_EDGE('',*,*,#2643,.T.);
#3808=ORIENTED_EDGE('',*,*,#2760,.T.);
#3809=ORIENTED_EDGE('',*,*,#2768,.F.);
#3810=ORIENTED_EDGE('',*,*,#2769,.F.);
#3811=ORIENTED_EDGE('',*,*,#2770,.F.);
#3812=ORIENTED_EDGE('',*,*,#2756,.T.);
#3813=ORIENTED_EDGE('',*,*,#2754,.T.);
#3814=ORIENTED_EDGE('',*,*,#2427,.F.);
#3815=ORIENTED_EDGE('',*,*,#2771,.T.);
#3816=ORIENTED_EDGE('',*,*,#2772,.F.);
#3817=ORIENTED_EDGE('',*,*,#2773,.F.);
#3818=ORIENTED_EDGE('',*,*,#2428,.F.);
#3819=ORIENTED_EDGE('',*,*,#2773,.T.);
#3820=ORIENTED_EDGE('',*,*,#2774,.F.);
#3821=ORIENTED_EDGE('',*,*,#2775,.F.);
#3822=ORIENTED_EDGE('',*,*,#2429,.F.);
#3823=ORIENTED_EDGE('',*,*,#2775,.T.);
#3824=ORIENTED_EDGE('',*,*,#2776,.F.);
#3825=ORIENTED_EDGE('',*,*,#2777,.F.);
#3826=ORIENTED_EDGE('',*,*,#2430,.F.);
#3827=ORIENTED_EDGE('',*,*,#2777,.T.);
#3828=ORIENTED_EDGE('',*,*,#2778,.F.);
#3829=ORIENTED_EDGE('',*,*,#2779,.F.);
#3830=ORIENTED_EDGE('',*,*,#2431,.F.);
#3831=ORIENTED_EDGE('',*,*,#2779,.T.);
#3832=ORIENTED_EDGE('',*,*,#2780,.F.);
#3833=ORIENTED_EDGE('',*,*,#2781,.F.);
#3834=ORIENTED_EDGE('',*,*,#2432,.F.);
#3835=ORIENTED_EDGE('',*,*,#2781,.T.);
#3836=ORIENTED_EDGE('',*,*,#2782,.F.);
#3837=ORIENTED_EDGE('',*,*,#2783,.F.);
#3838=ORIENTED_EDGE('',*,*,#2433,.F.);
#3839=ORIENTED_EDGE('',*,*,#2783,.T.);
#3840=ORIENTED_EDGE('',*,*,#2784,.F.);
#3841=ORIENTED_EDGE('',*,*,#2785,.F.);
#3842=ORIENTED_EDGE('',*,*,#2434,.F.);
#3843=ORIENTED_EDGE('',*,*,#2785,.T.);
#3844=ORIENTED_EDGE('',*,*,#2786,.F.);
#3845=ORIENTED_EDGE('',*,*,#2771,.F.);
#3846=ORIENTED_EDGE('',*,*,#2786,.T.);
#3847=ORIENTED_EDGE('',*,*,#2784,.T.);
#3848=ORIENTED_EDGE('',*,*,#2782,.T.);
#3849=ORIENTED_EDGE('',*,*,#2780,.T.);
#3850=ORIENTED_EDGE('',*,*,#2778,.T.);
#3851=ORIENTED_EDGE('',*,*,#2776,.T.);
#3852=ORIENTED_EDGE('',*,*,#2774,.T.);
#3853=ORIENTED_EDGE('',*,*,#2772,.T.);
#3854=ORIENTED_EDGE('',*,*,#2416,.F.);
#3855=ORIENTED_EDGE('',*,*,#2787,.T.);
#3856=ORIENTED_EDGE('',*,*,#2788,.F.);
#3857=ORIENTED_EDGE('',*,*,#2789,.F.);
#3858=ORIENTED_EDGE('',*,*,#2417,.F.);
#3859=ORIENTED_EDGE('',*,*,#2789,.T.);
#3860=ORIENTED_EDGE('',*,*,#2790,.F.);
#3861=ORIENTED_EDGE('',*,*,#2791,.F.);
#3862=ORIENTED_EDGE('',*,*,#2701,.T.);
#3863=ORIENTED_EDGE('',*,*,#2791,.T.);
#3864=ORIENTED_EDGE('',*,*,#2792,.F.);
#3865=ORIENTED_EDGE('',*,*,#2793,.F.);
#3866=ORIENTED_EDGE('',*,*,#2411,.F.);
#3867=ORIENTED_EDGE('',*,*,#2793,.T.);
#3868=ORIENTED_EDGE('',*,*,#2794,.F.);
#3869=ORIENTED_EDGE('',*,*,#2795,.F.);
#3870=ORIENTED_EDGE('',*,*,#2412,.F.);
#3871=ORIENTED_EDGE('',*,*,#2795,.T.);
#3872=ORIENTED_EDGE('',*,*,#2796,.F.);
#3873=ORIENTED_EDGE('',*,*,#2797,.F.);
#3874=ORIENTED_EDGE('',*,*,#2413,.F.);
#3875=ORIENTED_EDGE('',*,*,#2797,.T.);
#3876=ORIENTED_EDGE('',*,*,#2798,.F.);
#3877=ORIENTED_EDGE('',*,*,#2799,.F.);
#3878=ORIENTED_EDGE('',*,*,#2414,.F.);
#3879=ORIENTED_EDGE('',*,*,#2799,.T.);
#3880=ORIENTED_EDGE('',*,*,#2800,.F.);
#3881=ORIENTED_EDGE('',*,*,#2801,.F.);
#3882=ORIENTED_EDGE('',*,*,#2415,.F.);
#3883=ORIENTED_EDGE('',*,*,#2801,.T.);
#3884=ORIENTED_EDGE('',*,*,#2802,.F.);
#3885=ORIENTED_EDGE('',*,*,#2787,.F.);
#3886=ORIENTED_EDGE('',*,*,#2802,.T.);
#3887=ORIENTED_EDGE('',*,*,#2800,.T.);
#3888=ORIENTED_EDGE('',*,*,#2798,.T.);
#3889=ORIENTED_EDGE('',*,*,#2796,.T.);
#3890=ORIENTED_EDGE('',*,*,#2794,.T.);
#3891=ORIENTED_EDGE('',*,*,#2792,.T.);
#3892=ORIENTED_EDGE('',*,*,#2790,.T.);
#3893=ORIENTED_EDGE('',*,*,#2788,.T.);
#3894=ORIENTED_EDGE('',*,*,#2803,.F.);
#3895=ORIENTED_EDGE('',*,*,#2518,.F.);
#3896=ORIENTED_EDGE('',*,*,#2804,.T.);
#3897=ORIENTED_EDGE('',*,*,#2479,.T.);
#3898=ORIENTED_EDGE('',*,*,#2805,.F.);
#3899=ORIENTED_EDGE('',*,*,#2509,.T.);
#3900=ORIENTED_EDGE('',*,*,#2806,.T.);
#3901=ORIENTED_EDGE('',*,*,#2514,.F.);
#3902=ORIENTED_EDGE('',*,*,#2807,.F.);
#3903=ORIENTED_EDGE('',*,*,#2507,.T.);
#3904=ORIENTED_EDGE('',*,*,#2475,.T.);
#3905=ORIENTED_EDGE('',*,*,#2506,.T.);
#3906=ORIENTED_EDGE('',*,*,#2511,.T.);
#3907=ORIENTED_EDGE('',*,*,#2481,.T.);
#3908=ORIENTED_EDGE('',*,*,#2808,.F.);
#3909=ORIENTED_EDGE('',*,*,#2516,.F.);
#3910=ORIENTED_EDGE('',*,*,#2804,.F.);
#3911=ORIENTED_EDGE('',*,*,#2517,.T.);
#3912=ORIENTED_EDGE('',*,*,#2808,.T.);
#3913=ORIENTED_EDGE('',*,*,#2480,.T.);
#3914=ORIENTED_EDGE('',*,*,#2806,.F.);
#3915=ORIENTED_EDGE('',*,*,#2508,.T.);
#3916=ORIENTED_EDGE('',*,*,#2807,.T.);
#3917=ORIENTED_EDGE('',*,*,#2515,.F.);
#3918=ORIENTED_EDGE('',*,*,#2484,.F.);
#3919=ORIENTED_EDGE('',*,*,#2809,.T.);
#3920=ORIENTED_EDGE('',*,*,#2656,.F.);
#3921=ORIENTED_EDGE('',*,*,#2810,.F.);
#3922=ORIENTED_EDGE('',*,*,#2485,.T.);
#3923=ORIENTED_EDGE('',*,*,#2810,.T.);
#3924=ORIENTED_EDGE('',*,*,#2811,.F.);
#3925=ORIENTED_EDGE('',*,*,#2812,.F.);
#3926=ORIENTED_EDGE('',*,*,#2488,.T.);
#3927=ORIENTED_EDGE('',*,*,#2487,.T.);
#3928=ORIENTED_EDGE('',*,*,#2504,.F.);
#3929=ORIENTED_EDGE('',*,*,#2813,.F.);
#3930=ORIENTED_EDGE('',*,*,#2809,.F.);
#3931=ORIENTED_EDGE('',*,*,#2483,.T.);
#3932=ORIENTED_EDGE('',*,*,#2812,.T.);
#3933=ORIENTED_EDGE('',*,*,#2814,.F.);
#3934=ORIENTED_EDGE('',*,*,#2815,.F.);
#3935=ORIENTED_EDGE('',*,*,#2816,.F.);
#3936=ORIENTED_EDGE('',*,*,#2817,.T.);
#3937=ORIENTED_EDGE('',*,*,#2489,.T.);
#3938=ORIENTED_EDGE('',*,*,#2813,.T.);
#3939=ORIENTED_EDGE('',*,*,#2503,.T.);
#3940=ORIENTED_EDGE('',*,*,#2818,.T.);
#3941=ORIENTED_EDGE('',*,*,#2657,.F.);
#3942=ORIENTED_EDGE('',*,*,#2805,.T.);
#3943=ORIENTED_EDGE('',*,*,#2513,.F.);
#3944=ORIENTED_EDGE('',*,*,#2499,.T.);
#3945=ORIENTED_EDGE('',*,*,#2819,.F.);
#3946=ORIENTED_EDGE('',*,*,#2820,.T.);
#3947=ORIENTED_EDGE('',*,*,#2500,.T.);
#3948=ORIENTED_EDGE('',*,*,#2494,.T.);
#3949=ORIENTED_EDGE('',*,*,#2510,.F.);
#3950=ORIENTED_EDGE('',*,*,#2821,.F.);
#3951=ORIENTED_EDGE('',*,*,#2654,.F.);
#3952=ORIENTED_EDGE('',*,*,#2822,.F.);
#3953=ORIENTED_EDGE('',*,*,#2815,.T.);
#3954=ORIENTED_EDGE('',*,*,#2803,.T.);
#3955=ORIENTED_EDGE('',*,*,#2478,.F.);
#3956=ORIENTED_EDGE('',*,*,#2490,.T.);
#3957=ORIENTED_EDGE('',*,*,#2817,.F.);
#3958=ORIENTED_EDGE('',*,*,#2823,.F.);
#3959=ORIENTED_EDGE('',*,*,#2824,.T.);
#3960=ORIENTED_EDGE('',*,*,#2497,.T.);
#3961=ORIENTED_EDGE('',*,*,#2512,.F.);
#3962=ORIENTED_EDGE('',*,*,#2824,.F.);
#3963=ORIENTED_EDGE('',*,*,#2825,.T.);
#3964=ORIENTED_EDGE('',*,*,#2826,.T.);
#3965=ORIENTED_EDGE('',*,*,#2456,.F.);
#3966=ORIENTED_EDGE('',*,*,#2827,.F.);
#3967=ORIENTED_EDGE('',*,*,#2828,.F.);
#3968=ORIENTED_EDGE('',*,*,#2819,.T.);
#3969=ORIENTED_EDGE('',*,*,#2498,.T.);
#3970=ORIENTED_EDGE('',*,*,#2653,.F.);
#3971=ORIENTED_EDGE('',*,*,#2829,.F.);
#3972=ORIENTED_EDGE('',*,*,#2830,.F.);
#3973=ORIENTED_EDGE('',*,*,#2831,.F.);
#3974=ORIENTED_EDGE('',*,*,#2825,.F.);
#3975=ORIENTED_EDGE('',*,*,#2823,.T.);
#3976=ORIENTED_EDGE('',*,*,#2816,.T.);
#3977=ORIENTED_EDGE('',*,*,#2822,.T.);
#3978=ORIENTED_EDGE('',*,*,#2457,.F.);
#3979=ORIENTED_EDGE('',*,*,#2826,.F.);
#3980=ORIENTED_EDGE('',*,*,#2831,.T.);
#3981=ORIENTED_EDGE('',*,*,#2832,.T.);
#3982=ORIENTED_EDGE('',*,*,#2652,.F.);
#3983=ORIENTED_EDGE('',*,*,#2459,.F.);
#3984=ORIENTED_EDGE('',*,*,#2833,.F.);
#3985=ORIENTED_EDGE('',*,*,#2829,.T.);
#3986=ORIENTED_EDGE('',*,*,#2458,.F.);
#3987=ORIENTED_EDGE('',*,*,#2832,.F.);
#3988=ORIENTED_EDGE('',*,*,#2830,.T.);
#3989=ORIENTED_EDGE('',*,*,#2833,.T.);
#3990=ORIENTED_EDGE('',*,*,#2811,.T.);
#3991=ORIENTED_EDGE('',*,*,#2655,.F.);
#3992=ORIENTED_EDGE('',*,*,#2821,.T.);
#3993=ORIENTED_EDGE('',*,*,#2814,.T.);
#3994=ORIENTED_EDGE('',*,*,#2454,.F.);
#3995=ORIENTED_EDGE('',*,*,#2834,.F.);
#3996=ORIENTED_EDGE('',*,*,#2835,.F.);
#3997=ORIENTED_EDGE('',*,*,#2836,.T.);
#3998=ORIENTED_EDGE('',*,*,#2455,.F.);
#3999=ORIENTED_EDGE('',*,*,#2836,.F.);
#4000=ORIENTED_EDGE('',*,*,#2837,.F.);
#4001=ORIENTED_EDGE('',*,*,#2827,.T.);
#4002=ORIENTED_EDGE('',*,*,#2453,.F.);
#4003=ORIENTED_EDGE('',*,*,#2838,.F.);
#4004=ORIENTED_EDGE('',*,*,#2839,.F.);
#4005=ORIENTED_EDGE('',*,*,#2834,.T.);
#4006=ORIENTED_EDGE('',*,*,#2452,.F.);
#4007=ORIENTED_EDGE('',*,*,#2660,.F.);
#4008=ORIENTED_EDGE('',*,*,#2840,.F.);
#4009=ORIENTED_EDGE('',*,*,#2838,.T.);
#4010=ORIENTED_EDGE('',*,*,#2659,.F.);
#4011=ORIENTED_EDGE('',*,*,#2841,.F.);
#4012=ORIENTED_EDGE('',*,*,#2501,.F.);
#4013=ORIENTED_EDGE('',*,*,#2820,.F.);
#4014=ORIENTED_EDGE('',*,*,#2828,.T.);
#4015=ORIENTED_EDGE('',*,*,#2837,.T.);
#4016=ORIENTED_EDGE('',*,*,#2835,.T.);
#4017=ORIENTED_EDGE('',*,*,#2839,.T.);
#4018=ORIENTED_EDGE('',*,*,#2840,.T.);
#4019=ORIENTED_EDGE('',*,*,#2818,.F.);
#4020=ORIENTED_EDGE('',*,*,#2502,.F.);
#4021=ORIENTED_EDGE('',*,*,#2841,.T.);
#4022=ORIENTED_EDGE('',*,*,#2658,.F.);
#4023=ORIENTED_EDGE('',*,*,#2542,.F.);
#4024=ORIENTED_EDGE('',*,*,#2665,.F.);
#4025=ORIENTED_EDGE('',*,*,#2842,.F.);
#4026=ORIENTED_EDGE('',*,*,#2709,.F.);
#4027=ORIENTED_EDGE('',*,*,#2710,.F.);
#4028=ORIENTED_EDGE('',*,*,#2842,.T.);
#4029=ORIENTED_EDGE('',*,*,#2664,.F.);
#4030=ORIENTED_EDGE('',*,*,#2843,.F.);
#4031=ORIENTED_EDGE('',*,*,#2712,.F.);
#4032=ORIENTED_EDGE('',*,*,#2844,.T.);
#4033=ORIENTED_EDGE('',*,*,#2662,.F.);
#4034=ORIENTED_EDGE('',*,*,#2568,.T.);
#4035=ORIENTED_EDGE('',*,*,#2711,.F.);
#4036=ORIENTED_EDGE('',*,*,#2843,.T.);
#4037=ORIENTED_EDGE('',*,*,#2663,.F.);
#4038=ORIENTED_EDGE('',*,*,#2844,.F.);
#4039=ORIENTED_EDGE('',*,*,#2404,.T.);
#4040=ORIENTED_EDGE('',*,*,#2442,.T.);
#4041=ORIENTED_EDGE('',*,*,#2590,.F.);
#4042=ORIENTED_EDGE('',*,*,#2439,.T.);
#4043=ORIENTED_EDGE('',*,*,#2395,.T.);
#4044=ORIENTED_EDGE('',*,*,#2398,.T.);
#4045=ORIENTED_EDGE('',*,*,#2400,.T.);
#4046=ORIENTED_EDGE('',*,*,#2401,.T.);
#4047=ORIENTED_EDGE('',*,*,#2597,.T.);
#4048=ORIENTED_EDGE('',*,*,#2845,.T.);
#4049=ORIENTED_EDGE('',*,*,#2846,.T.);
#4050=ORIENTED_EDGE('',*,*,#2847,.T.);
#4051=ORIENTED_EDGE('',*,*,#2845,.F.);
#4052=ORIENTED_EDGE('',*,*,#2596,.F.);
#4053=ORIENTED_EDGE('',*,*,#2848,.F.);
#4054=ORIENTED_EDGE('',*,*,#2849,.F.);
#4055=ORIENTED_EDGE('',*,*,#2850,.T.);
#4056=ORIENTED_EDGE('',*,*,#2851,.T.);
#4057=ORIENTED_EDGE('',*,*,#2599,.T.);
#4058=ORIENTED_EDGE('',*,*,#2852,.T.);
#4059=ORIENTED_EDGE('',*,*,#2851,.F.);
#4060=ORIENTED_EDGE('',*,*,#2853,.F.);
#4061=ORIENTED_EDGE('',*,*,#2854,.F.);
#4062=ORIENTED_EDGE('',*,*,#2600,.F.);
#4063=ORIENTED_EDGE('',*,*,#2601,.T.);
#4064=ORIENTED_EDGE('',*,*,#2854,.T.);
#4065=ORIENTED_EDGE('',*,*,#2855,.T.);
#4066=ORIENTED_EDGE('',*,*,#2856,.T.);
#4067=ORIENTED_EDGE('',*,*,#2857,.T.);
#4068=ORIENTED_EDGE('',*,*,#2848,.T.);
#4069=ORIENTED_EDGE('',*,*,#2595,.T.);
#4070=ORIENTED_EDGE('',*,*,#2858,.T.);
#4071=ORIENTED_EDGE('',*,*,#2847,.F.);
#4072=ORIENTED_EDGE('',*,*,#2859,.F.);
#4073=ORIENTED_EDGE('',*,*,#2852,.F.);
#4074=ORIENTED_EDGE('',*,*,#2598,.F.);
#4075=ORIENTED_EDGE('',*,*,#2856,.F.);
#4076=ORIENTED_EDGE('',*,*,#2860,.F.);
#4077=ORIENTED_EDGE('',*,*,#2858,.F.);
#4078=ORIENTED_EDGE('',*,*,#2594,.F.);
#4079=ORIENTED_EDGE('',*,*,#2861,.F.);
#4080=ORIENTED_EDGE('',*,*,#2862,.T.);
#4081=ORIENTED_EDGE('',*,*,#2435,.F.);
#4082=ORIENTED_EDGE('',*,*,#2862,.F.);
#4083=ORIENTED_EDGE('',*,*,#2863,.F.);
#4084=ORIENTED_EDGE('',*,*,#2864,.T.);
#4085=ORIENTED_EDGE('',*,*,#2436,.F.);
#4086=ORIENTED_EDGE('',*,*,#2864,.F.);
#4087=ORIENTED_EDGE('',*,*,#2865,.F.);
#4088=ORIENTED_EDGE('',*,*,#2866,.T.);
#4089=ORIENTED_EDGE('',*,*,#2437,.F.);
#4090=ORIENTED_EDGE('',*,*,#2866,.F.);
#4091=ORIENTED_EDGE('',*,*,#2438,.F.);
#4092=ORIENTED_EDGE('',*,*,#2867,.T.);
#4093=ORIENTED_EDGE('',*,*,#2868,.F.);
#4094=ORIENTED_EDGE('',*,*,#2867,.F.);
#4095=ORIENTED_EDGE('',*,*,#2697,.F.);
#4096=ORIENTED_EDGE('',*,*,#2714,.T.);
#4097=ORIENTED_EDGE('',*,*,#2698,.F.);
#4098=ORIENTED_EDGE('',*,*,#2869,.T.);
#4099=ORIENTED_EDGE('',*,*,#2870,.T.);
#4100=ORIENTED_EDGE('',*,*,#2691,.T.);
#4101=ORIENTED_EDGE('',*,*,#2705,.T.);
#4102=ORIENTED_EDGE('',*,*,#2707,.T.);
#4103=ORIENTED_EDGE('',*,*,#2860,.T.);
#4104=ORIENTED_EDGE('',*,*,#2855,.F.);
#4105=ORIENTED_EDGE('',*,*,#2853,.T.);
#4106=ORIENTED_EDGE('',*,*,#2850,.F.);
#4107=ORIENTED_EDGE('',*,*,#2859,.T.);
#4108=ORIENTED_EDGE('',*,*,#2846,.F.);
#4109=ORIENTED_EDGE('',*,*,#2849,.T.);
#4110=ORIENTED_EDGE('',*,*,#2857,.F.);
#4111=ORIENTED_EDGE('',*,*,#2871,.T.);
#4112=ORIENTED_EDGE('',*,*,#2702,.T.);
#4113=ORIENTED_EDGE('',*,*,#2409,.F.);
#4114=ORIENTED_EDGE('',*,*,#2446,.T.);
#4115=ORIENTED_EDGE('',*,*,#2740,.F.);
#4116=ORIENTED_EDGE('',*,*,#2752,.T.);
#4117=ORIENTED_EDGE('',*,*,#2764,.T.);
#4118=ORIENTED_EDGE('',*,*,#2872,.T.);
#4119=ORIENTED_EDGE('',*,*,#2873,.F.);
#4120=ORIENTED_EDGE('',*,*,#2765,.F.);
#4121=ORIENTED_EDGE('',*,*,#2746,.F.);
#4122=ORIENTED_EDGE('',*,*,#2743,.F.);
#4123=ORIENTED_EDGE('',*,*,#2741,.F.);
#4124=ORIENTED_EDGE('',*,*,#2872,.F.);
#4125=ORIENTED_EDGE('',*,*,#2763,.F.);
#4126=ORIENTED_EDGE('',*,*,#2874,.F.);
#4127=ORIENTED_EDGE('',*,*,#2873,.T.);
#4128=ORIENTED_EDGE('',*,*,#2742,.F.);
#4129=ORIENTED_EDGE('',*,*,#2874,.T.);
#4130=ORIENTED_EDGE('',*,*,#2762,.F.);
#4131=ORIENTED_EDGE('',*,*,#2875,.F.);
#4132=ORIENTED_EDGE('',*,*,#2703,.F.);
#4133=ORIENTED_EDGE('',*,*,#2871,.F.);
#4134=ORIENTED_EDGE('',*,*,#2445,.F.);
#4135=ORIENTED_EDGE('',*,*,#2876,.T.);
#4136=ORIENTED_EDGE('',*,*,#2766,.T.);
#4137=ORIENTED_EDGE('',*,*,#2469,.T.);
#4138=ORIENTED_EDGE('',*,*,#2472,.T.);
#4139=ORIENTED_EDGE('',*,*,#2644,.T.);
#4140=ORIENTED_EDGE('',*,*,#2767,.F.);
#4141=ORIENTED_EDGE('',*,*,#2876,.F.);
#4142=ORIENTED_EDGE('',*,*,#2444,.F.);
#4143=ORIENTED_EDGE('',*,*,#2651,.F.);
#4144=ORIENTED_EDGE('',*,*,#2640,.T.);
#4145=ORIENTED_EDGE('',*,*,#2646,.T.);
#4146=ORIENTED_EDGE('',*,*,#2668,.T.);
#4147=ORIENTED_EDGE('',*,*,#2680,.F.);
#4148=ORIENTED_EDGE('',*,*,#2704,.F.);
#4149=ORIENTED_EDGE('',*,*,#2875,.T.);
#4150=ORIENTED_EDGE('',*,*,#2761,.F.);
#4151=ORIENTED_EDGE('',*,*,#2674,.T.);
#4152=ORIENTED_EDGE('',*,*,#2671,.T.);
#4153=ORIENTED_EDGE('',*,*,#2877,.F.);
#4154=ORIENTED_EDGE('',*,*,#2693,.F.);
#4155=ORIENTED_EDGE('',*,*,#2878,.T.);
#4156=ORIENTED_EDGE('',*,*,#2879,.F.);
#4157=ORIENTED_EDGE('',*,*,#2880,.T.);
#4158=ORIENTED_EDGE('',*,*,#2757,.T.);
#4159=ORIENTED_EDGE('',*,*,#2770,.T.);
#4160=ORIENTED_EDGE('',*,*,#2881,.T.);
#4161=ORIENTED_EDGE('',*,*,#2759,.T.);
#4162=ORIENTED_EDGE('',*,*,#2882,.T.);
#4163=ORIENTED_EDGE('',*,*,#2883,.T.);
#4164=ORIENTED_EDGE('',*,*,#2768,.T.);
#4165=ORIENTED_EDGE('',*,*,#2769,.T.);
#4166=ORIENTED_EDGE('',*,*,#2883,.F.);
#4167=ORIENTED_EDGE('',*,*,#2884,.F.);
#4168=ORIENTED_EDGE('',*,*,#2686,.F.);
#4169=ORIENTED_EDGE('',*,*,#2536,.T.);
#4170=ORIENTED_EDGE('',*,*,#2650,.F.);
#4171=ORIENTED_EDGE('',*,*,#2885,.T.);
#4172=ORIENTED_EDGE('',*,*,#2881,.F.);
#4173=ORIENTED_EDGE('',*,*,#2880,.F.);
#4174=ORIENTED_EDGE('',*,*,#2885,.F.);
#4175=ORIENTED_EDGE('',*,*,#2649,.F.);
#4176=ORIENTED_EDGE('',*,*,#2694,.T.);
#4177=ORIENTED_EDGE('',*,*,#2877,.T.);
#4178=ORIENTED_EDGE('',*,*,#2886,.T.);
#4179=ORIENTED_EDGE('',*,*,#2687,.T.);
#4180=ORIENTED_EDGE('',*,*,#2884,.T.);
#4181=ORIENTED_EDGE('',*,*,#2882,.F.);
#4182=ORIENTED_EDGE('',*,*,#2758,.T.);
#4183=ORIENTED_EDGE('',*,*,#2467,.T.);
#4184=ORIENTED_EDGE('',*,*,#2470,.T.);
#4185=ORIENTED_EDGE('',*,*,#2878,.F.);
#4186=ORIENTED_EDGE('',*,*,#2692,.F.);
#4187=ORIENTED_EDGE('',*,*,#2870,.F.);
#4188=ORIENTED_EDGE('',*,*,#2887,.F.);
#4189=ORIENTED_EDGE('',*,*,#2861,.T.);
#4190=ORIENTED_EDGE('',*,*,#2863,.T.);
#4191=ORIENTED_EDGE('',*,*,#2865,.T.);
#4192=ORIENTED_EDGE('',*,*,#2868,.T.);
#4193=ORIENTED_EDGE('',*,*,#2683,.T.);
#4194=ORIENTED_EDGE('',*,*,#2688,.F.);
#4195=ORIENTED_EDGE('',*,*,#2886,.F.);
#4196=ORIENTED_EDGE('',*,*,#2879,.T.);
#4197=ORIENTED_EDGE('',*,*,#2887,.T.);
#4198=ORIENTED_EDGE('',*,*,#2869,.F.);
#4199=ORIENTED_EDGE('',*,*,#2700,.F.);
#4200=PLANE('',#4654);
#4201=PLANE('',#4656);
#4202=PLANE('',#4658);
#4203=PLANE('',#4662);
#4204=PLANE('',#4663);
#4205=PLANE('',#4664);
#4206=PLANE('',#4668);
#4207=PLANE('',#4670);
#4208=PLANE('',#4671);
#4209=PLANE('',#4672);
#4210=PLANE('',#4675);
#4211=PLANE('',#4676);
#4212=PLANE('',#4677);
#4213=PLANE('',#4680);
#4214=PLANE('',#4681);
#4215=PLANE('',#4682);
#4216=PLANE('',#4684);
#4217=PLANE('',#4685);
#4218=PLANE('',#4686);
#4219=PLANE('',#4690);
#4220=PLANE('',#4695);
#4221=PLANE('',#4696);
#4222=PLANE('',#4697);
#4223=PLANE('',#4698);
#4224=PLANE('',#4701);
#4225=PLANE('',#4702);
#4226=PLANE('',#4703);
#4227=PLANE('',#4705);
#4228=PLANE('',#4706);
#4229=PLANE('',#4707);
#4230=PLANE('',#4709);
#4231=PLANE('',#4713);
#4232=PLANE('',#4718);
#4233=PLANE('',#4719);
#4234=PLANE('',#4720);
#4235=PLANE('',#4722);
#4236=PLANE('',#4723);
#4237=PLANE('',#4725);
#4238=PLANE('',#4727);
#4239=PLANE('',#4729);
#4240=PLANE('',#4733);
#4241=PLANE('',#4738);
#4242=PLANE('',#4739);
#4243=PLANE('',#4740);
#4244=PLANE('',#4741);
#4245=PLANE('',#4742);
#4246=PLANE('',#4743);
#4247=PLANE('',#4745);
#4248=PLANE('',#4746);
#4249=PLANE('',#4747);
#4250=PLANE('',#4748);
#4251=PLANE('',#4749);
#4252=PLANE('',#4750);
#4253=PLANE('',#4751);
#4254=PLANE('',#4752);
#4255=PLANE('',#4757);
#4256=PLANE('',#4758);
#4257=PLANE('',#4759);
#4258=PLANE('',#4768);
#4259=PLANE('',#4769);
#4260=PLANE('',#4770);
#4261=PLANE('',#4771);
#4262=PLANE('',#4772);
#4263=PLANE('',#4773);
#4264=PLANE('',#4774);
#4265=PLANE('',#4775);
#4266=PLANE('',#4776);
#4267=PLANE('',#4777);
#4268=PLANE('',#4778);
#4269=PLANE('',#4779);
#4270=PLANE('',#4780);
#4271=PLANE('',#4781);
#4272=PLANE('',#4782);
#4273=PLANE('',#4783);
#4274=PLANE('',#4784);
#4275=PLANE('',#4791);
#4276=PLANE('',#4792);
#4277=PLANE('',#4793);
#4278=PLANE('',#4794);
#4279=PLANE('',#4795);
#4280=PLANE('',#4798);
#4281=PLANE('',#4799);
#4282=PLANE('',#4807);
#4283=PLANE('',#4810);
#4284=PLANE('',#4812);
#4285=PLANE('',#4815);
#4286=PLANE('',#4816);
#4287=PLANE('',#4817);
#4288=PLANE('',#4818);
#4289=PLANE('',#4819);
#4290=PLANE('',#4820);
#4291=PLANE('',#4823);
#4292=PLANE('',#4826);
#4293=PLANE('',#4829);
#4294=PLANE('',#4832);
#4295=PLANE('',#4833);
#4296=PLANE('',#4834);
#4297=PLANE('',#4835);
#4298=PLANE('',#4836);
#4299=PLANE('',#4837);
#4300=PLANE('',#4838);
#4301=PLANE('',#4839);
#4302=PLANE('',#4840);
#4303=PLANE('',#4841);
#4304=PLANE('',#4842);
#4305=PLANE('',#4843);
#4306=PLANE('',#4844);
#4307=PLANE('',#4845);
#4308=PLANE('',#4846);
#4309=PLANE('',#4847);
#4310=PLANE('',#4848);
#4311=PLANE('',#4849);
#4312=PLANE('',#4850);
#4313=PLANE('',#4851);
#4314=PLANE('',#4852);
#4315=PLANE('',#4857);
#4316=PLANE('',#4858);
#4317=PLANE('',#4859);
#4318=PLANE('',#4860);
#4319=PLANE('',#4861);
#4320=PLANE('',#4862);
#4321=PLANE('',#4863);
#4322=PLANE('',#4864);
#4323=PLANE('',#4865);
#4324=PLANE('',#4866);
#4325=PLANE('',#4867);
#4326=PLANE('',#4868);
#4327=PLANE('',#4869);
#4328=PLANE('',#4870);
#4329=PLANE('',#4873);
#4330=PLANE('',#4875);
#4331=PLANE('',#4882);
#4332=PLANE('',#4883);
#4333=PLANE('',#4884);
#4334=PLANE('',#4885);
#4335=PLANE('',#4886);
#4336=PLANE('',#4887);
#4337=PLANE('',#4888);
#4338=PLANE('',#4889);
#4339=PLANE('',#4890);
#4340=PLANE('',#4891);
#4341=PLANE('',#4892);
#4342=PLANE('',#4893);
#4343=PLANE('',#4894);
#4344=PLANE('',#4895);
#4345=PLANE('',#4896);
#4346=PLANE('',#4897);
#4347=PLANE('',#4898);
#4348=PLANE('',#4899);
#4349=PLANE('',#4900);
#4350=PLANE('',#4901);
#4351=PLANE('',#4902);
#4352=PLANE('',#4903);
#4353=PLANE('',#4904);
#4354=PLANE('',#4905);
#4355=PLANE('',#4906);
#4356=PLANE('',#4907);
#4357=PLANE('',#4908);
#4358=PLANE('',#4909);
#4359=PLANE('',#4910);
#4360=PLANE('',#4911);
#4361=PLANE('',#4912);
#4362=PLANE('',#4913);
#4363=PLANE('',#4914);
#4364=PLANE('',#4915);
#4365=PLANE('',#4916);
#4366=PLANE('',#4917);
#4367=PLANE('',#4918);
#4368=PLANE('',#4919);
#4369=PLANE('',#4920);
#4370=PLANE('',#4921);
#4371=PLANE('',#4922);
#4372=PLANE('',#4923);
#4373=PLANE('',#4924);
#4374=PLANE('',#4925);
#4375=PLANE('',#4926);
#4376=PLANE('',#4927);
#4377=PLANE('',#4928);
#4378=PLANE('',#4929);
#4379=PLANE('',#4930);
#4380=PLANE('',#4933);
#4381=PLANE('',#4936);
#4382=PLANE('',#4941);
#4383=PLANE('',#4942);
#4384=PLANE('',#4951);
#4385=PLANE('',#4952);
#4386=PLANE('',#4953);
#4387=PLANE('',#4954);
#4388=PLANE('',#4955);
#4389=PLANE('',#4956);
#4390=PLANE('',#4957);
#4391=PLANE('',#4958);
#4392=PLANE('',#4959);
#4393=PLANE('',#4960);
#4394=PLANE('',#4961);
#4395=PLANE('',#4962);
#4396=PLANE('',#4963);
#4397=PLANE('',#4964);
#4398=PLANE('',#4965);
#4399=ADVANCED_FACE('',(#107),#4200,.F.);
#4400=ADVANCED_FACE('',(#108),#4201,.F.);
#4401=ADVANCED_FACE('',(#109),#4202,.F.);
#4402=ADVANCED_FACE('',(#110),#59,.T.);
#4403=ADVANCED_FACE('',(#111),#4203,.F.);
#4404=ADVANCED_FACE('',(#112),#4204,.F.);
#4405=ADVANCED_FACE('',(#113),#4205,.F.);
#4406=ADVANCED_FACE('',(#114),#60,.F.);
#4407=ADVANCED_FACE('',(#115),#4206,.T.);
#4408=ADVANCED_FACE('',(#116),#4207,.F.);
#4409=ADVANCED_FACE('',(#117),#4208,.F.);
#4410=ADVANCED_FACE('',(#118),#4209,.F.);
#4411=ADVANCED_FACE('',(#119),#61,.T.);
#4412=ADVANCED_FACE('',(#120),#4210,.F.);
#4413=ADVANCED_FACE('',(#121),#4211,.F.);
#4414=ADVANCED_FACE('',(#122),#4212,.F.);
#4415=ADVANCED_FACE('',(#123),#4213,.F.);
#4416=ADVANCED_FACE('',(#124),#4214,.F.);
#4417=ADVANCED_FACE('',(#125),#4215,.F.);
#4418=ADVANCED_FACE('',(#126),#4216,.F.);
#4419=ADVANCED_FACE('',(#127),#4217,.F.);
#4420=ADVANCED_FACE('',(#128),#4218,.F.);
#4421=ADVANCED_FACE('',(#129),#62,.T.);
#4422=ADVANCED_FACE('',(#130),#4219,.T.);
#4423=ADVANCED_FACE('',(#131),#63,.F.);
#4424=ADVANCED_FACE('',(#132),#4220,.F.);
#4425=ADVANCED_FACE('',(#133),#4221,.F.);
#4426=ADVANCED_FACE('',(#134),#4222,.F.);
#4427=ADVANCED_FACE('',(#135),#4223,.F.);
#4428=ADVANCED_FACE('',(#136),#64,.T.);
#4429=ADVANCED_FACE('',(#137),#4224,.F.);
#4430=ADVANCED_FACE('',(#138),#4225,.F.);
#4431=ADVANCED_FACE('',(#139),#4226,.F.);
#4432=ADVANCED_FACE('',(#140),#4227,.F.);
#4433=ADVANCED_FACE('',(#141),#4228,.F.);
#4434=ADVANCED_FACE('',(#142),#4229,.F.);
#4435=ADVANCED_FACE('',(#143),#4230,.F.);
#4436=ADVANCED_FACE('',(#144),#65,.T.);
#4437=ADVANCED_FACE('',(#145),#4231,.T.);
#4438=ADVANCED_FACE('',(#146),#66,.F.);
#4439=ADVANCED_FACE('',(#147),#4232,.F.);
#4440=ADVANCED_FACE('',(#148),#4233,.F.);
#4441=ADVANCED_FACE('',(#149),#4234,.F.);
#4442=ADVANCED_FACE('',(#150),#67,.T.);
#4443=ADVANCED_FACE('',(#151),#4235,.F.);
#4444=ADVANCED_FACE('',(#152),#4236,.F.);
#4445=ADVANCED_FACE('',(#153),#4237,.F.);
#4446=ADVANCED_FACE('',(#154),#4238,.F.);
#4447=ADVANCED_FACE('',(#155),#4239,.F.);
#4448=ADVANCED_FACE('',(#156),#68,.T.);
#4449=ADVANCED_FACE('',(#157),#4240,.T.);
#4450=ADVANCED_FACE('',(#158),#69,.T.);
#4451=ADVANCED_FACE('',(#159),#4241,.F.);
#4452=ADVANCED_FACE('',(#160),#4242,.F.);
#4453=ADVANCED_FACE('',(#161),#4243,.F.);
#4454=ADVANCED_FACE('',(#162),#4244,.F.);
#4455=ADVANCED_FACE('',(#163),#4245,.F.);
#4456=ADVANCED_FACE('',(#164),#4246,.F.);
#4457=ADVANCED_FACE('',(#165),#70,.F.);
#4458=ADVANCED_FACE('',(#166),#4247,.F.);
#4459=ADVANCED_FACE('',(#167),#4248,.F.);
#4460=ADVANCED_FACE('',(#168),#4249,.T.);
#4461=ADVANCED_FACE('',(#169),#4250,.T.);
#4462=ADVANCED_FACE('',(#170),#4251,.T.);
#4463=ADVANCED_FACE('',(#171),#4252,.F.);
#4464=ADVANCED_FACE('',(#172),#4253,.F.);
#4465=ADVANCED_FACE('',(#173,#26,#27,#28,#29,#30,#31),#4254,.F.);
#4466=ADVANCED_FACE('',(#174),#4255,.F.);
#4467=ADVANCED_FACE('',(#175),#4256,.F.);
#4468=ADVANCED_FACE('',(#176),#4257,.F.);
#4469=ADVANCED_FACE('',(#177),#71,.F.);
#4470=ADVANCED_FACE('',(#178),#72,.F.);
#4471=ADVANCED_FACE('',(#179),#22,.T.);
#4472=ADVANCED_FACE('',(#180),#4258,.F.);
#4473=ADVANCED_FACE('',(#181),#4259,.F.);
#4474=ADVANCED_FACE('',(#182),#4260,.T.);
#4475=ADVANCED_FACE('',(#183),#4261,.F.);
#4476=ADVANCED_FACE('',(#184),#4262,.T.);
#4477=ADVANCED_FACE('',(#185),#4263,.T.);
#4478=ADVANCED_FACE('',(#186),#4264,.F.);
#4479=ADVANCED_FACE('',(#187),#23,.T.);
#4480=ADVANCED_FACE('',(#188),#4265,.F.);
#4481=ADVANCED_FACE('',(#189),#4266,.T.);
#4482=ADVANCED_FACE('',(#190),#4267,.T.);
#4483=ADVANCED_FACE('',(#191),#4268,.T.);
#4484=ADVANCED_FACE('',(#192),#4269,.T.);
#4485=ADVANCED_FACE('',(#193),#4270,.T.);
#4486=ADVANCED_FACE('',(#194),#4271,.T.);
#4487=ADVANCED_FACE('',(#195),#4272,.T.);
#4488=ADVANCED_FACE('',(#196),#4273,.T.);
#4489=ADVANCED_FACE('',(#197,#32,#33,#34),#4274,.T.);
#4490=ADVANCED_FACE('',(#198),#4275,.T.);
#4491=ADVANCED_FACE('',(#199),#4276,.T.);
#4492=ADVANCED_FACE('',(#200),#4277,.T.);
#4493=ADVANCED_FACE('',(#201),#4278,.T.);
#4494=ADVANCED_FACE('',(#202,#35),#4279,.T.);
#4495=ADVANCED_FACE('',(#203),#4280,.T.);
#4496=ADVANCED_FACE('',(#204,#36,#37,#38),#4281,.F.);
#4497=ADVANCED_FACE('',(#205),#73,.T.);
#4498=ADVANCED_FACE('',(#206),#4282,.T.);
#4499=ADVANCED_FACE('',(#207),#74,.T.);
#4500=ADVANCED_FACE('',(#208),#4283,.T.);
#4501=ADVANCED_FACE('',(#209),#75,.T.);
#4502=ADVANCED_FACE('',(#210),#4284,.T.);
#4503=ADVANCED_FACE('',(#211),#76,.T.);
#4504=ADVANCED_FACE('',(#212),#4285,.F.);
#4505=ADVANCED_FACE('',(#213),#4286,.T.);
#4506=ADVANCED_FACE('',(#214),#4287,.T.);
#4507=ADVANCED_FACE('',(#215),#4288,.T.);
#4508=ADVANCED_FACE('',(#216),#4289,.T.);
#4509=ADVANCED_FACE('',(#217),#4290,.T.);
#4510=ADVANCED_FACE('',(#218),#77,.F.);
#4511=ADVANCED_FACE('',(#219),#4291,.F.);
#4512=ADVANCED_FACE('',(#220),#78,.F.);
#4513=ADVANCED_FACE('',(#221),#4292,.F.);
#4514=ADVANCED_FACE('',(#222),#79,.F.);
#4515=ADVANCED_FACE('',(#223),#4293,.F.);
#4516=ADVANCED_FACE('',(#224),#80,.F.);
#4517=ADVANCED_FACE('',(#225),#4294,.F.);
#4518=ADVANCED_FACE('',(#226),#4295,.T.);
#4519=ADVANCED_FACE('',(#227),#4296,.T.);
#4520=ADVANCED_FACE('',(#228),#4297,.T.);
#4521=ADVANCED_FACE('',(#229),#4298,.T.);
#4522=ADVANCED_FACE('',(#230),#4299,.T.);
#4523=ADVANCED_FACE('',(#231),#4300,.F.);
#4524=ADVANCED_FACE('',(#232),#4301,.F.);
#4525=ADVANCED_FACE('',(#233),#4302,.T.);
#4526=ADVANCED_FACE('',(#234),#4303,.T.);
#4527=ADVANCED_FACE('',(#235),#4304,.T.);
#4528=ADVANCED_FACE('',(#236),#4305,.T.);
#4529=ADVANCED_FACE('',(#237),#4306,.F.);
#4530=ADVANCED_FACE('',(#238),#4307,.F.);
#4531=ADVANCED_FACE('',(#239),#4308,.T.);
#4532=ADVANCED_FACE('',(#240),#4309,.T.);
#4533=ADVANCED_FACE('',(#241),#4310,.T.);
#4534=ADVANCED_FACE('',(#242),#4311,.T.);
#4535=ADVANCED_FACE('',(#243),#4312,.T.);
#4536=ADVANCED_FACE('',(#244),#4313,.T.);
#4537=ADVANCED_FACE('',(#245),#4314,.F.);
#4538=ADVANCED_FACE('',(#246),#81,.F.);
#4539=ADVANCED_FACE('',(#247),#82,.F.);
#4540=ADVANCED_FACE('',(#248),#4315,.T.);
#4541=ADVANCED_FACE('',(#249),#4316,.T.);
#4542=ADVANCED_FACE('',(#250),#4317,.T.);
#4543=ADVANCED_FACE('',(#251),#4318,.F.);
#4544=ADVANCED_FACE('',(#252),#4319,.T.);
#4545=ADVANCED_FACE('',(#253),#4320,.T.);
#4546=ADVANCED_FACE('',(#254),#4321,.T.);
#4547=ADVANCED_FACE('',(#255),#4322,.T.);
#4548=ADVANCED_FACE('',(#256),#4323,.T.);
#4549=ADVANCED_FACE('',(#257),#4324,.T.);
#4550=ADVANCED_FACE('',(#258),#4325,.T.);
#4551=ADVANCED_FACE('',(#259),#4326,.T.);
#4552=ADVANCED_FACE('',(#260),#4327,.T.);
#4553=ADVANCED_FACE('',(#261),#4328,.F.);
#4554=ADVANCED_FACE('',(#262),#4329,.T.);
#4555=ADVANCED_FACE('',(#263),#4330,.F.);
#4556=ADVANCED_FACE('',(#264),#83,.F.);
#4557=ADVANCED_FACE('',(#265),#4331,.T.);
#4558=ADVANCED_FACE('',(#266),#4332,.F.);
#4559=ADVANCED_FACE('',(#267),#4333,.F.);
#4560=ADVANCED_FACE('',(#268),#4334,.T.);
#4561=ADVANCED_FACE('',(#269),#4335,.T.);
#4562=ADVANCED_FACE('',(#270),#4336,.T.);
#4563=ADVANCED_FACE('',(#271),#4337,.T.);
#4564=ADVANCED_FACE('',(#272),#4338,.T.);
#4565=ADVANCED_FACE('',(#273),#4339,.T.);
#4566=ADVANCED_FACE('',(#274),#4340,.T.);
#4567=ADVANCED_FACE('',(#275),#4341,.T.);
#4568=ADVANCED_FACE('',(#276),#4342,.T.);
#4569=ADVANCED_FACE('',(#277),#4343,.T.);
#4570=ADVANCED_FACE('',(#278),#4344,.T.);
#4571=ADVANCED_FACE('',(#279),#4345,.T.);
#4572=ADVANCED_FACE('',(#280),#4346,.T.);
#4573=ADVANCED_FACE('',(#281),#4347,.T.);
#4574=ADVANCED_FACE('',(#282),#4348,.T.);
#4575=ADVANCED_FACE('',(#283),#4349,.T.);
#4576=ADVANCED_FACE('',(#284),#4350,.T.);
#4577=ADVANCED_FACE('',(#285),#4351,.T.);
#4578=ADVANCED_FACE('',(#286),#4352,.F.);
#4579=ADVANCED_FACE('',(#287),#4353,.F.);
#4580=ADVANCED_FACE('',(#288),#4354,.F.);
#4581=ADVANCED_FACE('',(#289),#4355,.F.);
#4582=ADVANCED_FACE('',(#290),#4356,.F.);
#4583=ADVANCED_FACE('',(#291),#4357,.F.);
#4584=ADVANCED_FACE('',(#292),#24,.F.);
#4585=ADVANCED_FACE('',(#293),#25,.F.);
#4586=ADVANCED_FACE('',(#294),#4358,.T.);
#4587=ADVANCED_FACE('',(#295),#4359,.F.);
#4588=ADVANCED_FACE('',(#296),#4360,.T.);
#4589=ADVANCED_FACE('',(#297),#4361,.T.);
#4590=ADVANCED_FACE('',(#298),#4362,.T.);
#4591=ADVANCED_FACE('',(#299),#4363,.T.);
#4592=ADVANCED_FACE('',(#300),#4364,.T.);
#4593=ADVANCED_FACE('',(#301),#4365,.T.);
#4594=ADVANCED_FACE('',(#302),#4366,.T.);
#4595=ADVANCED_FACE('',(#303),#4367,.T.);
#4596=ADVANCED_FACE('',(#304),#4368,.F.);
#4597=ADVANCED_FACE('',(#305),#4369,.T.);
#4598=ADVANCED_FACE('',(#306),#4370,.T.);
#4599=ADVANCED_FACE('',(#307),#4371,.T.);
#4600=ADVANCED_FACE('',(#308),#4372,.T.);
#4601=ADVANCED_FACE('',(#309),#4373,.T.);
#4602=ADVANCED_FACE('',(#310),#4374,.T.);
#4603=ADVANCED_FACE('',(#311),#4375,.F.);
#4604=ADVANCED_FACE('',(#312),#4376,.F.);
#4605=ADVANCED_FACE('',(#313),#4377,.F.);
#4606=ADVANCED_FACE('',(#314),#4378,.F.);
#4607=ADVANCED_FACE('',(#315,#39),#4379,.T.);
#4608=ADVANCED_FACE('',(#316),#84,.F.);
#4609=ADVANCED_FACE('',(#317),#4380,.F.);
#4610=ADVANCED_FACE('',(#318),#85,.F.);
#4611=ADVANCED_FACE('',(#319),#4381,.F.);
#4612=ADVANCED_FACE('',(#320),#86,.F.);
#4613=ADVANCED_FACE('',(#321),#87,.F.);
#4614=ADVANCED_FACE('',(#322),#4382,.F.);
#4615=ADVANCED_FACE('',(#323),#4383,.F.);
#4616=ADVANCED_FACE('',(#324),#88,.F.);
#4617=ADVANCED_FACE('',(#325),#89,.F.);
#4618=ADVANCED_FACE('',(#326),#90,.F.);
#4619=ADVANCED_FACE('',(#327),#91,.F.);
#4620=ADVANCED_FACE('',(#328,#40,#41,#42),#4384,.T.);
#4621=ADVANCED_FACE('',(#329),#4385,.F.);
#4622=ADVANCED_FACE('',(#330),#4386,.T.);
#4623=ADVANCED_FACE('',(#331),#4387,.F.);
#4624=ADVANCED_FACE('',(#332),#4388,.F.);
#4625=ADVANCED_FACE('',(#333,#43,#44),#4389,.F.);
#4626=ADVANCED_FACE('',(#334),#4390,.F.);
#4627=ADVANCED_FACE('',(#335),#4391,.F.);
#4628=ADVANCED_FACE('',(#336),#4392,.T.);
#4629=ADVANCED_FACE('',(#337),#4393,.T.);
#4630=ADVANCED_FACE('',(#338),#4394,.T.);
#4631=ADVANCED_FACE('',(#339),#4395,.T.);
#4632=ADVANCED_FACE('',(#340,#45,#46),#4396,.T.);
#4633=ADVANCED_FACE('',(#341,#47,#48,#49,#50),#4397,.T.);
#4634=ADVANCED_FACE('',(#342),#4398,.T.);
#4635=CLOSED_SHELL('',(#4399,#4400,#4401,#4402,#4403,#4404,#4405,#4406,
#4407,#4408,#4409,#4410,#4411,#4412,#4413));
#4636=CLOSED_SHELL('',(#4414,#4415,#4416,#4417,#4418,#4419,#4420,#4421,
#4422,#4423,#4424,#4425,#4426,#4427,#4428,#4429,#4430));
#4637=CLOSED_SHELL('',(#4431,#4432,#4433,#4434,#4435,#4436,#4437,#4438,
#4439,#4440,#4441,#4442,#4443));
#4638=CLOSED_SHELL('',(#4444,#4445,#4446,#4447,#4448,#4449,#4450,#4451,
#4452,#4453,#4454,#4455,#4456,#4457,#4458));
#4639=CLOSED_SHELL('',(#4459,#4460,#4461,#4462,#4463,#4464,#4465,#4466,
#4467,#4468,#4469,#4470,#4471,#4472,#4473,#4474,#4475,#4476,#4477,#4478,
#4479,#4480,#4481,#4482,#4483,#4484,#4485,#4486,#4487,#4488,#4489,#4490,
#4491,#4492,#4493,#4494,#4495,#4496,#4497,#4498,#4499,#4500,#4501,#4502,
#4503,#4504,#4505,#4506,#4507,#4508,#4509,#4510,#4511,#4512,#4513,#4514,
#4515,#4516,#4517,#4518,#4519,#4520,#4521,#4522,#4523,#4524,#4525,#4526,
#4527,#4528,#4529,#4530,#4531,#4532,#4533,#4534,#4535,#4536,#4537,#4538,
#4539,#4540,#4541,#4542,#4543,#4544,#4545,#4546,#4547,#4548,#4549,#4550,
#4551,#4552,#4553,#4554,#4555,#4556,#4557,#4558,#4559,#4560,#4561,#4562,
#4563,#4564,#4565,#4566,#4567,#4568,#4569,#4570,#4571,#4572,#4573,#4574,
#4575,#4576,#4577,#4578,#4579,#4580,#4581,#4582,#4583,#4584,#4585,#4586,
#4587,#4588,#4589,#4590,#4591,#4592,#4593,#4594,#4595,#4596,#4597,#4598,
#4599,#4600,#4601,#4602,#4603,#4604,#4605,#4606,#4607,#4608,#4609,#4610,
#4611,#4612,#4613,#4614,#4615,#4616,#4617,#4618,#4619,#4620,#4621,#4622,
#4623,#4624,#4625,#4626,#4627,#4628,#4629,#4630,#4631,#4632,#4633,#4634));
#4640=BREP_WITH_VOIDS('Body1',#4639,(#55,#56,#57,#58));
#4641=DERIVED_UNIT_ELEMENT(#4643,1.);
#4642=DERIVED_UNIT_ELEMENT(#7611,-3.);
#4643=(
MASS_UNIT()
NAMED_UNIT(*)
SI_UNIT(.KILO.,.GRAM.)
);
#4644=DERIVED_UNIT((#4641,#4642));
#4645=MEASURE_REPRESENTATION_ITEM('density measure',
POSITIVE_RATIO_MEASURE(7850.),#4644);
#4646=PROPERTY_DEFINITION_REPRESENTATION(#4651,#4648);
#4647=PROPERTY_DEFINITION_REPRESENTATION(#4652,#4649);
#4648=REPRESENTATION('material name',(#4650),#7608);
#4649=REPRESENTATION('density',(#4645),#7608);
#4650=DESCRIPTIVE_REPRESENTATION_ITEM('Steel','Steel');
#4651=PROPERTY_DEFINITION('material property','material name',#7618);
#4652=PROPERTY_DEFINITION('material property','density of part',#7618);
#4653=AXIS2_PLACEMENT_3D('',#6156,#4966,#4967);
#4654=AXIS2_PLACEMENT_3D('',#6157,#4968,#4969);
#4655=AXIS2_PLACEMENT_3D('',#6164,#4972,#4973);
#4656=AXIS2_PLACEMENT_3D('',#6166,#4975,#4976);
#4657=AXIS2_PLACEMENT_3D('',#6173,#4979,#4980);
#4658=AXIS2_PLACEMENT_3D('',#6175,#4982,#4983);
#4659=AXIS2_PLACEMENT_3D('',#6179,#4985,#4986);
#4660=AXIS2_PLACEMENT_3D('',#6181,#4988,#4989);
#4661=AXIS2_PLACEMENT_3D('',#6185,#4991,#4992);
#4662=AXIS2_PLACEMENT_3D('',#6187,#4994,#4995);
#4663=AXIS2_PLACEMENT_3D('',#6193,#4999,#5000);
#4664=AXIS2_PLACEMENT_3D('',#6199,#5004,#5005);
#4665=AXIS2_PLACEMENT_3D('',#6205,#5009,#5010);
#4666=AXIS2_PLACEMENT_3D('',#6207,#5011,#5012);
#4667=AXIS2_PLACEMENT_3D('',#6209,#5013,#5014);
#4668=AXIS2_PLACEMENT_3D('',#6211,#5016,#5017);
#4669=AXIS2_PLACEMENT_3D('',#6216,#5019,#5020);
#4670=AXIS2_PLACEMENT_3D('',#6219,#5023,#5024);
#4671=AXIS2_PLACEMENT_3D('',#6223,#5027,#5028);
#4672=AXIS2_PLACEMENT_3D('',#6227,#5031,#5032);
#4673=AXIS2_PLACEMENT_3D('',#6230,#5035,#5036);
#4674=AXIS2_PLACEMENT_3D('',#6233,#5038,#5039);
#4675=AXIS2_PLACEMENT_3D('',#6234,#5040,#5041);
#4676=AXIS2_PLACEMENT_3D('',#6236,#5043,#5044);
#4677=AXIS2_PLACEMENT_3D('',#6237,#5045,#5046);
#4678=AXIS2_PLACEMENT_3D('',#6244,#5049,#5050);
#4679=AXIS2_PLACEMENT_3D('',#6250,#5053,#5054);
#4680=AXIS2_PLACEMENT_3D('',#6252,#5056,#5057);
#4681=AXIS2_PLACEMENT_3D('',#6261,#5062,#5063);
#4682=AXIS2_PLACEMENT_3D('',#6267,#5067,#5068);
#4683=AXIS2_PLACEMENT_3D('',#6270,#5070,#5071);
#4684=AXIS2_PLACEMENT_3D('',#6271,#5072,#5073);
#4685=AXIS2_PLACEMENT_3D('',#6285,#5081,#5082);
#4686=AXIS2_PLACEMENT_3D('',#6291,#5086,#5087);
#4687=AXIS2_PLACEMENT_3D('',#6293,#5088,#5089);
#4688=AXIS2_PLACEMENT_3D('',#6295,#5091,#5092);
#4689=AXIS2_PLACEMENT_3D('',#6297,#5093,#5094);
#4690=AXIS2_PLACEMENT_3D('',#6301,#5095,#5096);
#4691=AXIS2_PLACEMENT_3D('',#6305,#5098,#5099);
#4692=AXIS2_PLACEMENT_3D('',#6308,#5101,#5102);
#4693=AXIS2_PLACEMENT_3D('',#6309,#5103,#5104);
#4694=AXIS2_PLACEMENT_3D('',#6311,#5105,#5106);
#4695=AXIS2_PLACEMENT_3D('',#6313,#5108,#5109);
#4696=AXIS2_PLACEMENT_3D('',#6319,#5113,#5114);
#4697=AXIS2_PLACEMENT_3D('',#6323,#5117,#5118);
#4698=AXIS2_PLACEMENT_3D('',#6328,#5120,#5121);
#4699=AXIS2_PLACEMENT_3D('',#6329,#5122,#5123);
#4700=AXIS2_PLACEMENT_3D('',#6330,#5124,#5125);
#4701=AXIS2_PLACEMENT_3D('',#6332,#5127,#5128);
#4702=AXIS2_PLACEMENT_3D('',#6334,#5130,#5131);
#4703=AXIS2_PLACEMENT_3D('',#6335,#5132,#5133);
#4704=AXIS2_PLACEMENT_3D('',#6343,#5137,#5138);
#4705=AXIS2_PLACEMENT_3D('',#6344,#5139,#5140);
#4706=AXIS2_PLACEMENT_3D('',#6357,#5147,#5148);
#4707=AXIS2_PLACEMENT_3D('',#6363,#5152,#5153);
#4708=AXIS2_PLACEMENT_3D('',#6365,#5154,#5155);
#4709=AXIS2_PLACEMENT_3D('',#6371,#5159,#5160);
#4710=AXIS2_PLACEMENT_3D('',#6373,#5161,#5162);
#4711=AXIS2_PLACEMENT_3D('',#6375,#5164,#5165);
#4712=AXIS2_PLACEMENT_3D('',#6377,#5166,#5167);
#4713=AXIS2_PLACEMENT_3D('',#6381,#5168,#5169);
#4714=AXIS2_PLACEMENT_3D('',#6385,#5171,#5172);
#4715=AXIS2_PLACEMENT_3D('',#6388,#5174,#5175);
#4716=AXIS2_PLACEMENT_3D('',#6389,#5176,#5177);
#4717=AXIS2_PLACEMENT_3D('',#6391,#5178,#5179);
#4718=AXIS2_PLACEMENT_3D('',#6393,#5181,#5182);
#4719=AXIS2_PLACEMENT_3D('',#6399,#5186,#5187);
#4720=AXIS2_PLACEMENT_3D('',#6402,#5190,#5191);
#4721=AXIS2_PLACEMENT_3D('',#6406,#5192,#5193);
#4722=AXIS2_PLACEMENT_3D('',#6408,#5195,#5196);
#4723=AXIS2_PLACEMENT_3D('',#6409,#5197,#5198);
#4724=AXIS2_PLACEMENT_3D('',#6423,#5205,#5206);
#4725=AXIS2_PLACEMENT_3D('',#6424,#5207,#5208);
#4726=AXIS2_PLACEMENT_3D('',#6431,#5211,#5212);
#4727=AXIS2_PLACEMENT_3D('',#6433,#5214,#5215);
#4728=AXIS2_PLACEMENT_3D('',#6438,#5217,#5218);
#4729=AXIS2_PLACEMENT_3D('',#6442,#5221,#5222);
#4730=AXIS2_PLACEMENT_3D('',#6444,#5223,#5224);
#4731=AXIS2_PLACEMENT_3D('',#6448,#5227,#5228);
#4732=AXIS2_PLACEMENT_3D('',#6452,#5230,#5231);
#4733=AXIS2_PLACEMENT_3D('',#6454,#5233,#5234);
#4734=AXIS2_PLACEMENT_3D('',#6459,#5236,#5237);
#4735=AXIS2_PLACEMENT_3D('',#6465,#5241,#5242);
#4736=AXIS2_PLACEMENT_3D('',#6466,#5243,#5244);
#4737=AXIS2_PLACEMENT_3D('',#6468,#5245,#5246);
#4738=AXIS2_PLACEMENT_3D('',#6471,#5249,#5250);
#4739=AXIS2_PLACEMENT_3D('',#6475,#5253,#5254);
#4740=AXIS2_PLACEMENT_3D('',#6478,#5257,#5258);
#4741=AXIS2_PLACEMENT_3D('',#6480,#5260,#5261);
#4742=AXIS2_PLACEMENT_3D('',#6482,#5263,#5264);
#4743=AXIS2_PLACEMENT_3D('',#6484,#5266,#5267);
#4744=AXIS2_PLACEMENT_3D('',#6486,#5269,#5270);
#4745=AXIS2_PLACEMENT_3D('',#6488,#5272,#5273);
#4746=AXIS2_PLACEMENT_3D('',#6489,#5274,#5275);
#4747=AXIS2_PLACEMENT_3D('',#6498,#5280,#5281);
#4748=AXIS2_PLACEMENT_3D('',#6504,#5285,#5286);
#4749=AXIS2_PLACEMENT_3D('',#6508,#5289,#5290);
#4750=AXIS2_PLACEMENT_3D('',#6512,#5293,#5294);
#4751=AXIS2_PLACEMENT_3D('',#6514,#5296,#5297);
#4752=AXIS2_PLACEMENT_3D('',#6523,#5302,#5303);
#4753=AXIS2_PLACEMENT_3D('',#6582,#5333,#5334);
#4754=AXIS2_PLACEMENT_3D('',#6584,#5335,#5336);
#4755=AXIS2_PLACEMENT_3D('',#6586,#5337,#5338);
#4756=AXIS2_PLACEMENT_3D('',#6588,#5339,#5340);
#4757=AXIS2_PLACEMENT_3D('',#6589,#5341,#5342);
#4758=AXIS2_PLACEMENT_3D('',#6593,#5345,#5346);
#4759=AXIS2_PLACEMENT_3D('',#6597,#5349,#5350);
#4760=AXIS2_PLACEMENT_3D('',#6611,#5357,#5358);
#4761=AXIS2_PLACEMENT_3D('',#6637,#5371,#5372);
#4762=AXIS2_PLACEMENT_3D('',#6645,#5377,#5378);
#4763=AXIS2_PLACEMENT_3D('',#6647,#5379,#5380);
#4764=AXIS2_PLACEMENT_3D('',#6650,#5382,#5383);
#4765=AXIS2_PLACEMENT_3D('',#6651,#5384,#5385);
#4766=AXIS2_PLACEMENT_3D('',#6653,#5386,#5387);
#4767=AXIS2_PLACEMENT_3D('',#6656,#5389,#5390);
#4768=AXIS2_PLACEMENT_3D('',#6698,#5392,#5393);
#4769=AXIS2_PLACEMENT_3D('',#6717,#5399,#5400);
#4770=AXIS2_PLACEMENT_3D('',#6726,#5405,#5406);
#4771=AXIS2_PLACEMENT_3D('',#6747,#5415,#5416);
#4772=AXIS2_PLACEMENT_3D('',#6756,#5421,#5422);
#4773=AXIS2_PLACEMENT_3D('',#6781,#5427,#5428);
#4774=AXIS2_PLACEMENT_3D('',#6790,#5430,#5431);
#4775=AXIS2_PLACEMENT_3D('',#6815,#5437,#5438);
#4776=AXIS2_PLACEMENT_3D('',#6829,#5446,#5447);
#4777=AXIS2_PLACEMENT_3D('',#6838,#5452,#5453);
#4778=AXIS2_PLACEMENT_3D('',#6842,#5456,#5457);
#4779=AXIS2_PLACEMENT_3D('',#6851,#5462,#5463);
#4780=AXIS2_PLACEMENT_3D('',#6857,#5467,#5468);
#4781=AXIS2_PLACEMENT_3D('',#6866,#5473,#5474);
#4782=AXIS2_PLACEMENT_3D('',#6872,#5478,#5479);
#4783=AXIS2_PLACEMENT_3D('',#6878,#5483,#5484);
#4784=AXIS2_PLACEMENT_3D('',#6887,#5489,#5490);
#4785=AXIS2_PLACEMENT_3D('',#6890,#5491,#5492);
#4786=AXIS2_PLACEMENT_3D('',#6903,#5500,#5501);
#4787=AXIS2_PLACEMENT_3D('',#6911,#5505,#5506);
#4788=AXIS2_PLACEMENT_3D('',#6915,#5509,#5510);
#4789=AXIS2_PLACEMENT_3D('',#6917,#5511,#5512);
#4790=AXIS2_PLACEMENT_3D('',#6919,#5513,#5514);
#4791=AXIS2_PLACEMENT_3D('',#6920,#5515,#5516);
#4792=AXIS2_PLACEMENT_3D('',#6929,#5521,#5522);
#4793=AXIS2_PLACEMENT_3D('',#6938,#5527,#5528);
#4794=AXIS2_PLACEMENT_3D('',#6944,#5532,#5533);
#4795=AXIS2_PLACEMENT_3D('',#6948,#5536,#5537);
#4796=AXIS2_PLACEMENT_3D('',#6951,#5538,#5539);
#4797=AXIS2_PLACEMENT_3D('',#6962,#5546,#5547);
#4798=AXIS2_PLACEMENT_3D('',#6963,#5548,#5549);
#4799=AXIS2_PLACEMENT_3D('',#6967,#5552,#5553);
#4800=AXIS2_PLACEMENT_3D('',#6982,#5562,#5563);
#4801=AXIS2_PLACEMENT_3D('',#6986,#5565,#5566);
#4802=AXIS2_PLACEMENT_3D('',#6990,#5568,#5569);
#4803=AXIS2_PLACEMENT_3D('',#6993,#5571,#5572);
#4804=AXIS2_PLACEMENT_3D('',#6995,#5573,#5574);
#4805=AXIS2_PLACEMENT_3D('',#6997,#5575,#5576);
#4806=AXIS2_PLACEMENT_3D('',#6998,#5577,#5578);
#4807=AXIS2_PLACEMENT_3D('',#7001,#5581,#5582);
#4808=AXIS2_PLACEMENT_3D('',#7005,#5585,#5586);
#4809=AXIS2_PLACEMENT_3D('',#7009,#5588,#5589);
#4810=AXIS2_PLACEMENT_3D('',#7011,#5591,#5592);
#4811=AXIS2_PLACEMENT_3D('',#7015,#5595,#5596);
#4812=AXIS2_PLACEMENT_3D('',#7018,#5599,#5600);
#4813=AXIS2_PLACEMENT_3D('',#7019,#5601,#5602);
#4814=AXIS2_PLACEMENT_3D('',#7023,#5604,#5605);
#4815=AXIS2_PLACEMENT_3D('',#7025,#5607,#5608);
#4816=AXIS2_PLACEMENT_3D('',#7031,#5612,#5613);
#4817=AXIS2_PLACEMENT_3D('',#7037,#5617,#5618);
#4818=AXIS2_PLACEMENT_3D('',#7041,#5621,#5622);
#4819=AXIS2_PLACEMENT_3D('',#7045,#5625,#5626);
#4820=AXIS2_PLACEMENT_3D('',#7049,#5629,#5630);
#4821=AXIS2_PLACEMENT_3D('',#7051,#5632,#5633);
#4822=AXIS2_PLACEMENT_3D('',#7054,#5635,#5636);
#4823=AXIS2_PLACEMENT_3D('',#7055,#5637,#5638);
#4824=AXIS2_PLACEMENT_3D('',#7056,#5639,#5640);
#4825=AXIS2_PLACEMENT_3D('',#7059,#5642,#5643);
#4826=AXIS2_PLACEMENT_3D('',#7060,#5644,#5645);
#4827=AXIS2_PLACEMENT_3D('',#7061,#5646,#5647);
#4828=AXIS2_PLACEMENT_3D('',#7064,#5649,#5650);
#4829=AXIS2_PLACEMENT_3D('',#7065,#5651,#5652);
#4830=AXIS2_PLACEMENT_3D('',#7066,#5653,#5654);
#4831=AXIS2_PLACEMENT_3D('',#7069,#5656,#5657);
#4832=AXIS2_PLACEMENT_3D('',#7070,#5658,#5659);
#4833=AXIS2_PLACEMENT_3D('',#7071,#5660,#5661);
#4834=AXIS2_PLACEMENT_3D('',#7073,#5663,#5664);
#4835=AXIS2_PLACEMENT_3D('',#7079,#5668,#5669);
#4836=AXIS2_PLACEMENT_3D('',#7085,#5673,#5674);
#4837=AXIS2_PLACEMENT_3D('',#7087,#5676,#5677);
#4838=AXIS2_PLACEMENT_3D('',#7095,#5682,#5683);
#4839=AXIS2_PLACEMENT_3D('',#7097,#5685,#5686);
#4840=AXIS2_PLACEMENT_3D('',#7123,#5701,#5702);
#4841=AXIS2_PLACEMENT_3D('',#7132,#5707,#5708);
#4842=AXIS2_PLACEMENT_3D('',#7138,#5712,#5713);
#4843=AXIS2_PLACEMENT_3D('',#7146,#5718,#5719);
#4844=AXIS2_PLACEMENT_3D('',#7149,#5722,#5723);
#4845=AXIS2_PLACEMENT_3D('',#7153,#5726,#5727);
#4846=AXIS2_PLACEMENT_3D('',#7155,#5729,#5730);
#4847=AXIS2_PLACEMENT_3D('',#7163,#5735,#5736);
#4848=AXIS2_PLACEMENT_3D('',#7169,#5740,#5741);
#4849=AXIS2_PLACEMENT_3D('',#7170,#5742,#5743);
#4850=AXIS2_PLACEMENT_3D('',#7182,#5750,#5751);
#4851=AXIS2_PLACEMENT_3D('',#7188,#5755,#5756);
#4852=AXIS2_PLACEMENT_3D('',#7194,#5760,#5761);
#4853=AXIS2_PLACEMENT_3D('',#7201,#5766,#5767);
#4854=AXIS2_PLACEMENT_3D('',#7203,#5768,#5769);
#4855=AXIS2_PLACEMENT_3D('',#7205,#5771,#5772);
#4856=AXIS2_PLACEMENT_3D('',#7207,#5773,#5774);
#4857=AXIS2_PLACEMENT_3D('',#7209,#5776,#5777);
#4858=AXIS2_PLACEMENT_3D('',#7218,#5783,#5784);
#4859=AXIS2_PLACEMENT_3D('',#7221,#5787,#5788);
#4860=AXIS2_PLACEMENT_3D('',#7222,#5789,#5790);
#4861=AXIS2_PLACEMENT_3D('',#7228,#5794,#5795);
#4862=AXIS2_PLACEMENT_3D('',#7236,#5800,#5801);
#4863=AXIS2_PLACEMENT_3D('',#7242,#5805,#5806);
#4864=AXIS2_PLACEMENT_3D('',#7251,#5812,#5813);
#4865=AXIS2_PLACEMENT_3D('',#7253,#5815,#5816);
#4866=AXIS2_PLACEMENT_3D('',#7254,#5817,#5818);
#4867=AXIS2_PLACEMENT_3D('',#7258,#5821,#5822);
#4868=AXIS2_PLACEMENT_3D('',#7262,#5825,#5826);
#4869=AXIS2_PLACEMENT_3D('',#7264,#5828,#5829);
#4870=AXIS2_PLACEMENT_3D('',#7265,#5830,#5831);
#4871=AXIS2_PLACEMENT_3D('',#7268,#5832,#5833);
#4872=AXIS2_PLACEMENT_3D('',#7272,#5835,#5836);
#4873=AXIS2_PLACEMENT_3D('',#7282,#5842,#5843);
#4874=AXIS2_PLACEMENT_3D('',#7284,#5844,#5845);
#4875=AXIS2_PLACEMENT_3D('',#7288,#5848,#5849);
#4876=AXIS2_PLACEMENT_3D('',#7294,#5853,#5854);
#4877=AXIS2_PLACEMENT_3D('',#7296,#5855,#5856);
#4878=AXIS2_PLACEMENT_3D('',#7297,#5857,#5858);
#4879=AXIS2_PLACEMENT_3D('',#7299,#5859,#5860);
#4880=AXIS2_PLACEMENT_3D('',#7301,#5861,#5862);
#4881=AXIS2_PLACEMENT_3D('',#7302,#5863,#5864);
#4882=AXIS2_PLACEMENT_3D('',#7303,#5865,#5866);
#4883=AXIS2_PLACEMENT_3D('',#7313,#5872,#5873);
#4884=AXIS2_PLACEMENT_3D('',#7326,#5881,#5882);
#4885=AXIS2_PLACEMENT_3D('',#7332,#5886,#5887);
#4886=AXIS2_PLACEMENT_3D('',#7338,#5891,#5892);
#4887=AXIS2_PLACEMENT_3D('',#7342,#5895,#5896);
#4888=AXIS2_PLACEMENT_3D('',#7346,#5899,#5900);
#4889=AXIS2_PLACEMENT_3D('',#7350,#5903,#5904);
#4890=AXIS2_PLACEMENT_3D('',#7354,#5907,#5908);
#4891=AXIS2_PLACEMENT_3D('',#7358,#5911,#5912);
#4892=AXIS2_PLACEMENT_3D('',#7362,#5915,#5916);
#4893=AXIS2_PLACEMENT_3D('',#7364,#5918,#5919);
#4894=AXIS2_PLACEMENT_3D('',#7365,#5920,#5921);
#4895=AXIS2_PLACEMENT_3D('',#7371,#5925,#5926);
#4896=AXIS2_PLACEMENT_3D('',#7375,#5929,#5930);
#4897=AXIS2_PLACEMENT_3D('',#7379,#5933,#5934);
#4898=AXIS2_PLACEMENT_3D('',#7383,#5937,#5938);
#4899=AXIS2_PLACEMENT_3D('',#7387,#5941,#5942);
#4900=AXIS2_PLACEMENT_3D('',#7391,#5945,#5946);
#4901=AXIS2_PLACEMENT_3D('',#7395,#5949,#5950);
#4902=AXIS2_PLACEMENT_3D('',#7397,#5952,#5953);
#4903=AXIS2_PLACEMENT_3D('',#7398,#5954,#5955);
#4904=AXIS2_PLACEMENT_3D('',#7401,#5958,#5959);
#4905=AXIS2_PLACEMENT_3D('',#7404,#5962,#5963);
#4906=AXIS2_PLACEMENT_3D('',#7407,#5966,#5967);
#4907=AXIS2_PLACEMENT_3D('',#7408,#5968,#5969);
#4908=AXIS2_PLACEMENT_3D('',#7409,#5970,#5971);
#4909=AXIS2_PLACEMENT_3D('',#7454,#5976,#5977);
#4910=AXIS2_PLACEMENT_3D('',#7462,#5982,#5983);
#4911=AXIS2_PLACEMENT_3D('',#7464,#5985,#5986);
#4912=AXIS2_PLACEMENT_3D('',#7468,#5989,#5990);
#4913=AXIS2_PLACEMENT_3D('',#7471,#5993,#5994);
#4914=AXIS2_PLACEMENT_3D('',#7475,#5997,#5998);
#4915=AXIS2_PLACEMENT_3D('',#7482,#6003,#6004);
#4916=AXIS2_PLACEMENT_3D('',#7488,#6008,#6009);
#4917=AXIS2_PLACEMENT_3D('',#7490,#6011,#6012);
#4918=AXIS2_PLACEMENT_3D('',#7492,#6014,#6015);
#4919=AXIS2_PLACEMENT_3D('',#7493,#6016,#6017);
#4920=AXIS2_PLACEMENT_3D('',#7494,#6018,#6019);
#4921=AXIS2_PLACEMENT_3D('',#7500,#6023,#6024);
#4922=AXIS2_PLACEMENT_3D('',#7502,#6026,#6027);
#4923=AXIS2_PLACEMENT_3D('',#7506,#6030,#6031);
#4924=AXIS2_PLACEMENT_3D('',#7508,#6033,#6034);
#4925=AXIS2_PLACEMENT_3D('',#7510,#6036,#6037);
#4926=AXIS2_PLACEMENT_3D('',#7511,#6038,#6039);
#4927=AXIS2_PLACEMENT_3D('',#7513,#6041,#6042);
#4928=AXIS2_PLACEMENT_3D('',#7515,#6044,#6045);
#4929=AXIS2_PLACEMENT_3D('',#7517,#6047,#6048);
#4930=AXIS2_PLACEMENT_3D('',#7518,#6049,#6050);
#4931=AXIS2_PLACEMENT_3D('',#7519,#6051,#6052);
#4932=AXIS2_PLACEMENT_3D('',#7523,#6054,#6055);
#4933=AXIS2_PLACEMENT_3D('',#7525,#6057,#6058);
#4934=AXIS2_PLACEMENT_3D('',#7529,#6061,#6062);
#4935=AXIS2_PLACEMENT_3D('',#7532,#6063,#6064);
#4936=AXIS2_PLACEMENT_3D('',#7535,#6067,#6068);
#4937=AXIS2_PLACEMENT_3D('',#7539,#6071,#6072);
#4938=AXIS2_PLACEMENT_3D('',#7541,#6073,#6074);
#4939=AXIS2_PLACEMENT_3D('',#7543,#6076,#6077);
#4940=AXIS2_PLACEMENT_3D('',#7545,#6078,#6079);
#4941=AXIS2_PLACEMENT_3D('',#7547,#6081,#6082);
#4942=AXIS2_PLACEMENT_3D('',#7549,#6084,#6085);
#4943=AXIS2_PLACEMENT_3D('',#7551,#6087,#6088);
#4944=AXIS2_PLACEMENT_3D('',#7553,#6089,#6090);
#4945=AXIS2_PLACEMENT_3D('',#7555,#6092,#6093);
#4946=AXIS2_PLACEMENT_3D('',#7557,#6094,#6095);
#4947=AXIS2_PLACEMENT_3D('',#7559,#6097,#6098);
#4948=AXIS2_PLACEMENT_3D('',#7561,#6099,#6100);
#4949=AXIS2_PLACEMENT_3D('',#7563,#6102,#6103);
#4950=AXIS2_PLACEMENT_3D('',#7566,#6105,#6106);
#4951=AXIS2_PLACEMENT_3D('',#7567,#6107,#6108);
#4952=AXIS2_PLACEMENT_3D('',#7571,#6111,#6112);
#4953=AXIS2_PLACEMENT_3D('',#7573,#6114,#6115);
#4954=AXIS2_PLACEMENT_3D('',#7575,#6117,#6118);
#4955=AXIS2_PLACEMENT_3D('',#7577,#6120,#6121);
#4956=AXIS2_PLACEMENT_3D('',#7579,#6123,#6124);
#4957=AXIS2_PLACEMENT_3D('',#7582,#6127,#6128);
#4958=AXIS2_PLACEMENT_3D('',#7583,#6129,#6130);
#4959=AXIS2_PLACEMENT_3D('',#7584,#6131,#6132);
#4960=AXIS2_PLACEMENT_3D('',#7590,#6136,#6137);
#4961=AXIS2_PLACEMENT_3D('',#7594,#6140,#6141);
#4962=AXIS2_PLACEMENT_3D('',#7598,#6144,#6145);
#4963=AXIS2_PLACEMENT_3D('',#7601,#6148,#6149);
#4964=AXIS2_PLACEMENT_3D('',#7603,#6151,#6152);
#4965=AXIS2_PLACEMENT_3D('',#7605,#6154,#6155);
#4966=DIRECTION('axis',(0.,0.,1.));
#4967=DIRECTION('refdir',(1.,0.,0.));
#4968=DIRECTION('center_axis',(0.00121212032241075,0.999999265381892,-2.64140016021708E-13));
#4969=DIRECTION('ref_axis',(-3.20169481167132E-16,-2.6413982197967E-13,
-1.));
#4970=DIRECTION('',(0.999999265381892,-0.00121212032241075,0.));
#4971=DIRECTION('',(1.74433858633781E-14,-2.64161353561918E-13,-1.));
#4972=DIRECTION('center_axis',(0.00121212032241075,0.999999265381892,-2.64140016021708E-13));
#4973=DIRECTION('ref_axis',(-1.61061381880123E-16,2.64140405289807E-13,
1.));
#4974=DIRECTION('',(-0.81534628132092,0.000988298523566039,0.578972766891652));
#4975=DIRECTION('center_axis',(0.00121212032241075,0.999999265381892,-2.64140016021708E-13));
#4976=DIRECTION('ref_axis',(-3.20169481167132E-16,-2.6413982197967E-13,
-1.));
#4977=DIRECTION('',(-3.20169481167131E-16,-2.64139821979669E-13,-1.));
#4978=DIRECTION('',(-0.81534628132092,0.000988298523566039,0.578972766891652));
#4979=DIRECTION('center_axis',(0.00121212032241075,0.999999265381892,-2.64140016021708E-13));
#4980=DIRECTION('ref_axis',(-1.61061381880123E-16,2.64140405289807E-13,
1.));
#4981=DIRECTION('',(0.999999265381892,-0.00121212032241075,0.));
#4982=DIRECTION('center_axis',(-0.501508285306172,0.498487151057341,-0.707106781186547));
#4983=DIRECTION('ref_axis',(-0.81567557605464,-2.22044604925031E-16,0.578509597697334));
#4984=DIRECTION('',(0.704967289695626,0.709239818720864,-2.26921452613322E-12));
#4985=DIRECTION('center_axis',(-0.501508285306172,0.498487151057341,-0.707106781186547));
#4986=DIRECTION('ref_axis',(0.289309317694689,0.86689652410006,0.405944005003483));
#4987=DIRECTION('',(-0.000991091585578888,-0.817650558154547,-0.575713976282518));
#4988=DIRECTION('center_axis',(-0.00121212032131605,-0.999999265381894,
3.97015753605081E-13));
#4989=DIRECTION('ref_axis',(2.95822839457879E-31,3.97016045260256E-13,1.));
#4990=DIRECTION('',(0.00121212032131605,0.999999265381894,-3.97015753605081E-13));
#4991=DIRECTION('center_axis',(0.00121212032131605,0.999999265381894,-3.97015753605081E-13));
#4992=DIRECTION('ref_axis',(2.95822839457879E-31,3.97016045260256E-13,1.));
#4993=DIRECTION('',(0.00121212032131605,0.999999265381894,-3.97015753605081E-13));
#4994=DIRECTION('center_axis',(-0.999999265381893,0.00121212032159799,0.));
#4995=DIRECTION('ref_axis',(0.,0.,-1.));
#4996=DIRECTION('',(-0.00121212032159799,-0.999999265381893,0.));
#4997=DIRECTION('',(-0.000784503353992919,-0.64721526708529,0.762306882171612));
#4998=DIRECTION('',(-0.00121212032159799,-0.999999265381893,0.));
#4999=DIRECTION('center_axis',(0.,0.,1.));
#5000=DIRECTION('ref_axis',(-0.999999265381893,0.00121212032159796,0.));
#5001=DIRECTION('',(1.,0.,0.));
#5002=DIRECTION('',(-0.999999265381894,0.00121212032131605,0.));
#5003=DIRECTION('',(-0.00121212032159799,-0.999999265381893,0.));
#5004=DIRECTION('center_axis',(-3.22282348579026E-12,3.90645270980053E-15,
-1.));
#5005=DIRECTION('ref_axis',(0.999999265381894,-0.00121212032089318,-3.22282585333649E-12));
#5006=DIRECTION('',(-1.,-2.73624784441459E-12,3.22282348579025E-12));
#5007=DIRECTION('',(-0.00121212032159799,-0.999999265381893,0.));
#5008=DIRECTION('',(-0.999999265381894,0.00121212032131605,3.22282585333648E-12));
#5009=DIRECTION('center_axis',(-0.00121212032159799,-0.999999265381893,
0.));
#5010=DIRECTION('ref_axis',(0.707106261733097,-0.00085709849901595,0.707106781186554));
#5011=DIRECTION('center_axis',(0.,0.762307116750895,0.647215466248248));
#5012=DIRECTION('ref_axis',(-0.00187282157105296,-0.647214331205867,0.76230577986862));
#5013=DIRECTION('center_axis',(-0.00121212032131605,-0.999999265381894,
3.97015753605081E-13));
#5014=DIRECTION('ref_axis',(0.707106261733097,-0.000857098498535856,0.707106781186554));
#5015=DIRECTION('',(0.00121212032233604,0.999999265381892,-4.44089209850128E-13));
#5016=DIRECTION('center_axis',(-0.00121212032131605,-0.999999265381894,
3.97015753605081E-13));
#5017=DIRECTION('ref_axis',(2.95822839457879E-31,3.97016045260256E-13,1.));
#5018=DIRECTION('',(-0.999999265381894,0.00121212032131605,0.));
#5019=DIRECTION('center_axis',(0.00121212032131605,0.999999265381894,-3.97015753605081E-13));
#5020=DIRECTION('ref_axis',(2.95822839457879E-31,3.97016045260256E-13,1.));
#5021=DIRECTION('',(1.72823244816059E-14,-3.97036993532349E-13,-1.));
#5022=DIRECTION('',(4.81230862939259E-16,3.97015461950119E-13,1.));
#5023=DIRECTION('center_axis',(-0.999999265381893,0.00121212032159799,0.));
#5024=DIRECTION('ref_axis',(0.,0.,-1.));
#5025=DIRECTION('',(-0.00121212032159799,-0.999999265381893,0.));
#5026=DIRECTION('',(-0.000784503353992919,-0.64721526708529,0.762306882171612));
#5027=DIRECTION('center_axis',(0.,-0.762307116750895,-0.647215466248248));
#5028=DIRECTION('ref_axis',(-1.,0.,0.));
#5029=DIRECTION('',(0.00078450335400646,0.64721526708529,-0.762306882171612));
#5030=DIRECTION('',(1.,0.,0.));
#5031=DIRECTION('center_axis',(0.999999265381893,-0.00121212032159799,1.77635683939842E-14));
#5032=DIRECTION('ref_axis',(-1.65604781871957E-14,9.92560186458698E-13,
1.));
#5033=DIRECTION('',(0.00121212032159799,0.999999265381893,0.));
#5034=DIRECTION('',(0.00121212032131605,0.999999265381894,-3.97015753605081E-13));
#5035=DIRECTION('center_axis',(-0.00121212032131605,-0.999999265381894,
3.97015753605081E-13));
#5036=DIRECTION('ref_axis',(2.95822839457879E-31,3.97016045260256E-13,1.));
#5037=DIRECTION('',(-0.00121212032131605,-0.999999265381894,3.97015753605081E-13));
#5038=DIRECTION('center_axis',(-0.501508285306172,0.498487151057341,-0.707106781186547));
#5039=DIRECTION('ref_axis',(0.289309317694689,0.86689652410006,0.405944005003483));
#5040=DIRECTION('center_axis',(-0.501508285306172,0.498487151057341,-0.707106781186547));
#5041=DIRECTION('ref_axis',(-0.81567557605464,-2.22044604925031E-16,0.578509597697334));
#5042=DIRECTION('',(-0.704967289694016,-0.709239818722463,0.));
#5043=DIRECTION('center_axis',(0.,0.,-1.));
#5044=DIRECTION('ref_axis',(-1.,0.,0.));
#5045=DIRECTION('center_axis',(0.00121212032241075,0.999999265381892,-2.64140016021708E-13));
#5046=DIRECTION('ref_axis',(-3.20169481167132E-16,-2.6413982197967E-13,
-1.));
#5047=DIRECTION('',(0.,2.64140210063889E-13,1.));
#5048=DIRECTION('',(-0.707106521459682,0.000857098814597536,0.707106521459681));
#5049=DIRECTION('center_axis',(0.00121212032241075,0.999999265381892,-2.64140016021708E-13));
#5050=DIRECTION('ref_axis',(3.94430452610506E-31,2.64140210063889E-13,1.));
#5051=DIRECTION('',(-2.17915673170439E-10,0.,-1.));
#5052=DIRECTION('',(-0.707106521459682,0.000857098814597536,0.707106521459681));
#5053=DIRECTION('center_axis',(0.00121212032241075,0.999999265381892,-2.64140016021708E-13));
#5054=DIRECTION('ref_axis',(3.94430452610506E-31,2.64140210063889E-13,1.));
#5055=DIRECTION('',(-0.999999265381892,0.00121212032241075,0.));
#5056=DIRECTION('center_axis',(5.38289556222671E-16,4.44088883614153E-13,
1.));
#5057=DIRECTION('ref_axis',(0.999999265381892,-0.00121212032241075,1.4791141972894E-30));
#5058=DIRECTION('',(-0.00121212032159556,-0.999999265381893,4.44089209850128E-13));
#5059=DIRECTION('',(-0.999999265381892,0.00121212032241075,9.86076131526265E-32));
#5060=DIRECTION('',(0.00121212032233604,0.999999265381892,-4.44089209850128E-13));
#5061=DIRECTION('',(-1.,0.,5.38289556222671E-16));
#5062=DIRECTION('center_axis',(0.707106002006427,-0.000857098184403607,
0.707107040913319));
#5063=DIRECTION('ref_axis',(0.707106521459682,-0.000857098814597536,-0.707106521459681));
#5064=DIRECTION('',(0.00121212032241075,0.999999265381892,-2.64140016021708E-13));
#5065=DIRECTION('',(-0.707107300639994,0.,0.70710626173272));
#5066=DIRECTION('',(-0.707106521459682,0.000857098814597536,0.707106521459681));
#5067=DIRECTION('center_axis',(0.00121212032241075,0.999999265381892,-2.64140016021708E-13));
#5068=DIRECTION('ref_axis',(-3.20169481167132E-16,-2.6413982197967E-13,
-1.));
#5069=DIRECTION('',(0.00495844283448651,-6.01023347828262E-6,0.999987706828706));
#5070=DIRECTION('center_axis',(0.00121212032241075,0.999999265381892,-2.64140016021708E-13));
#5071=DIRECTION('ref_axis',(3.94430452610506E-31,2.64140210063889E-13,1.));
#5072=DIRECTION('center_axis',(-0.99998697221963,0.00121210542079502,0.00495844647705076));
#5073=DIRECTION('ref_axis',(0.00495845011952844,-5.0821976835258E-21,0.999987706810645));
#5074=DIRECTION('',(0.00456436433029507,0.647208724356751,0.762299175976708));
#5075=DIRECTION('',(0.00495845011952844,0.,0.999987706810645));
#5076=DIRECTION('',(0.00121212032159776,0.999999265381893,0.));
#5077=DIRECTION('',(-0.00495844283448651,6.01023347828262E-6,-0.999987706828706));
#5078=DIRECTION('',(-0.00121212032241075,-0.999999265381892,2.64140016021708E-13));
#5079=DIRECTION('',(-0.00495845011952844,0.,-0.999987706810645));
#5080=DIRECTION('',(0.00121212032159776,0.999999265381893,0.));
#5081=DIRECTION('center_axis',(0.,0.,1.));
#5082=DIRECTION('ref_axis',(1.,0.,0.));
#5083=DIRECTION('',(-1.,0.,0.));
#5084=DIRECTION('',(0.,1.,0.));
#5085=DIRECTION('',(1.,0.,0.));
#5086=DIRECTION('center_axis',(0.,1.,0.));
#5087=DIRECTION('ref_axis',(0.,0.,1.));
#5088=DIRECTION('center_axis',(0.,1.,0.));
#5089=DIRECTION('ref_axis',(-1.,0.,0.));
#5090=DIRECTION('',(-0.707106781186548,0.,0.707106781186547));
#5091=DIRECTION('center_axis',(-0.00121212032241075,-0.999999265381892,
2.64140016021708E-13));
#5092=DIRECTION('ref_axis',(3.94430452610506E-31,2.64140210063889E-13,1.));
#5093=DIRECTION('center_axis',(0.00121212032241075,0.999999265381892,-2.64140016021708E-13));
#5094=DIRECTION('ref_axis',(3.94430452610506E-31,2.64140210063889E-13,1.));
#5095=DIRECTION('center_axis',(-0.00121212032241075,-0.999999265381892,
2.64140016021708E-13));
#5096=DIRECTION('ref_axis',(3.94430452610506E-31,2.64140210063889E-13,1.));
#5097=DIRECTION('',(0.707106521459682,-0.000857098814597536,-0.707106521459681));
#5098=DIRECTION('center_axis',(-0.00121212032241075,-0.999999265381892,
2.64140016021708E-13));
#5099=DIRECTION('ref_axis',(-0.941374815085691,0.00114106038252554,-0.337360571945781));
#5100=DIRECTION('',(0.999999265381892,-0.00121212032241075,0.));
#5101=DIRECTION('center_axis',(0.00121212032241075,0.999999265381892,-2.64140016021708E-13));
#5102=DIRECTION('ref_axis',(3.94430452610506E-31,2.64140210063889E-13,1.));
#5103=DIRECTION('center_axis',(-0.00121212032159776,-0.999999265381893,
0.));
#5104=DIRECTION('ref_axis',(-0.941374815085692,0.00114106038184932,-0.337360571945781));
#5105=DIRECTION('center_axis',(0.,1.,0.));
#5106=DIRECTION('ref_axis',(-1.,0.,4.60148759154296E-11));
#5107=DIRECTION('',(-0.00121212032159776,-0.999999265381893,0.));
#5108=DIRECTION('center_axis',(0.,-1.,0.));
#5109=DIRECTION('ref_axis',(-1.,0.,0.));
#5110=DIRECTION('',(-1.,0.,0.));
#5111=DIRECTION('',(0.,0.,1.));
#5112=DIRECTION('',(-1.,0.,0.));
#5113=DIRECTION('center_axis',(0.,-0.762307116750895,0.647215466248248));
#5114=DIRECTION('ref_axis',(1.,0.,0.));
#5115=DIRECTION('',(0.60624565305828,-0.514715859767193,-0.606245653058279));
#5116=DIRECTION('',(0.,-0.647215466248248,-0.762307116750895));
#5117=DIRECTION('center_axis',(0.707106781186547,0.,0.707106781186548));
#5118=DIRECTION('ref_axis',(0.707106781186548,0.,-0.707106781186547));
#5119=DIRECTION('',(0.,1.,0.));
#5120=DIRECTION('center_axis',(0.,1.,0.));
#5121=DIRECTION('ref_axis',(0.,0.,1.));
#5122=DIRECTION('center_axis',(0.,1.,0.));
#5123=DIRECTION('ref_axis',(-1.,0.,0.));
#5124=DIRECTION('center_axis',(-0.00121212032241075,-0.999999265381892,
2.64140016021708E-13));
#5125=DIRECTION('ref_axis',(3.94430452610506E-31,2.64140210063889E-13,1.));
#5126=DIRECTION('',(0.00121212032241075,0.999999265381892,-2.64140016021708E-13));
#5127=DIRECTION('center_axis',(0.,0.,-1.));
#5128=DIRECTION('ref_axis',(-1.,0.,0.));
#5129=DIRECTION('',(0.,-1.,0.));
#5130=DIRECTION('center_axis',(1.,0.,0.));
#5131=DIRECTION('ref_axis',(0.,0.,-1.));
#5132=DIRECTION('center_axis',(0.,1.,0.));
#5133=DIRECTION('ref_axis',(0.,0.,1.));
#5134=DIRECTION('',(0.,0.,-1.));
#5135=DIRECTION('',(1.,0.,0.));
#5136=DIRECTION('',(0.707106781186548,0.,0.707106781186547));
#5137=DIRECTION('center_axis',(0.,1.,0.));
#5138=DIRECTION('ref_axis',(-1.,0.,1.97215081427377E-31));
#5139=DIRECTION('center_axis',(4.38448737173004E-15,-5.31453014721381E-18,
1.));
#5140=DIRECTION('ref_axis',(-0.999999265381893,0.00121212032190883,4.38449059265622E-15));
#5141=DIRECTION('',(0.,1.,5.31453014721381E-18));
#5142=DIRECTION('',(1.,3.72252596912474E-15,-4.38448737173004E-15));
#5143=DIRECTION('',(0.00121212032159799,0.999999265381893,-7.70371977754894E-34));
#5144=DIRECTION('',(-0.999999265381894,0.00121212032118504,4.38449059265622E-15));
#5145=DIRECTION('',(-0.00121212032118504,-0.999999265381894,-1.28004101346106E-12));
#5146=DIRECTION('',(0.999999265381894,-0.00121212032118504,-4.38449059265622E-15));
#5147=DIRECTION('center_axis',(1.,0.,0.));
#5148=DIRECTION('ref_axis',(0.,0.,-1.));
#5149=DIRECTION('',(0.,1.28004195380306E-12,-1.));
#5150=DIRECTION('',(0.,-1.,0.));
#5151=DIRECTION('',(0.,-0.647215466248248,0.762307116750895));
#5152=DIRECTION('center_axis',(0.00121212032118504,0.999999265381894,1.28004101346106E-12));
#5153=DIRECTION('ref_axis',(1.55156372489504E-15,1.28004007311975E-12,-1.));
#5154=DIRECTION('center_axis',(0.00121212032118504,0.999999265381894,1.28004101346106E-12));
#5155=DIRECTION('ref_axis',(5.32481111024183E-30,-1.28004195380306E-12,
1.));
#5156=DIRECTION('',(0.707107300639993,0.,0.70710626173272));
#5157=DIRECTION('',(1.05603461231441E-9,0.,-1.));
#5158=DIRECTION('',(-0.707106521459682,0.000857098814449179,-0.707106521459681));
#5159=DIRECTION('center_axis',(0.,1.,0.));
#5160=DIRECTION('ref_axis',(0.,0.,1.));
#5161=DIRECTION('center_axis',(0.,1.,0.));
#5162=DIRECTION('ref_axis',(-1.,0.,1.97215081427377E-31));
#5163=DIRECTION('',(0.707106781186548,0.,0.707106781186547));
#5164=DIRECTION('center_axis',(-0.00121212032118504,-0.999999265381894,
-1.28004101346106E-12));
#5165=DIRECTION('ref_axis',(5.32481111024183E-30,-1.28004195380306E-12,
1.));
#5166=DIRECTION('center_axis',(0.00121212032118504,0.999999265381894,1.28004101346106E-12));
#5167=DIRECTION('ref_axis',(5.32481111024183E-30,-1.28004195380306E-12,
1.));
#5168=DIRECTION('center_axis',(-0.00121212032118504,-0.999999265381894,
-1.28004101346106E-12));
#5169=DIRECTION('ref_axis',(5.32481111024183E-30,-1.28004195380306E-12,
1.));
#5170=DIRECTION('',(-0.707106521459682,0.000857098814449179,-0.707106521459681));
#5171=DIRECTION('center_axis',(-0.00121212032118504,-0.999999265381894,
-1.28004101346106E-12));
#5172=DIRECTION('ref_axis',(-0.707106261733103,0.000857098497818832,0.707106781186548));
#5173=DIRECTION('',(-1.55156372489504E-15,-1.28004007311975E-12,1.));
#5174=DIRECTION('center_axis',(0.00121212032118504,0.999999265381894,1.28004101346106E-12));
#5175=DIRECTION('ref_axis',(5.32481111024183E-30,-1.28004195380306E-12,
1.));
#5176=DIRECTION('center_axis',(-0.00121212032159799,-0.999999265381893,
7.70371977754894E-34));
#5177=DIRECTION('ref_axis',(-0.707106261733102,0.000857098499015957,0.707106781186548));
#5178=DIRECTION('center_axis',(0.,0.762307116750895,0.647215466248248));
#5179=DIRECTION('ref_axis',(-0.00187282157105266,-0.647214331205867,0.76230577986862));
#5180=DIRECTION('',(-0.00121212032159799,-0.999999265381893,7.70371977754894E-34));
#5181=DIRECTION('center_axis',(0.,-0.762307116750895,-0.647215466248248));
#5182=DIRECTION('ref_axis',(-1.,0.,0.));
#5183=DIRECTION('',(-0.000784503353992919,-0.64721526708529,0.762306882171612));
#5184=DIRECTION('',(0.60624565305828,-0.514715859767193,0.606245653058279));
#5185=DIRECTION('',(1.,0.,0.));
#5186=DIRECTION('center_axis',(0.,0.,-1.));
#5187=DIRECTION('ref_axis',(-1.,0.,0.));
#5188=DIRECTION('',(-0.00121212032159799,-0.999999265381893,0.));
#5189=DIRECTION('',(0.,1.,0.));
#5190=DIRECTION('center_axis',(0.707106781186547,0.,-0.707106781186548));
#5191=DIRECTION('ref_axis',(-0.707106781186548,0.,-0.707106781186547));
#5192=DIRECTION('center_axis',(-0.00121212032118504,-0.999999265381894,
-1.28004101346106E-12));
#5193=DIRECTION('ref_axis',(-0.102983327296045,0.000124828276733134,-0.994683074510136));
#5194=DIRECTION('',(-0.00121212032118504,-0.999999265381894,-1.28004101346106E-12));
#5195=DIRECTION('center_axis',(-0.999999265381893,0.00121212032159799,0.));
#5196=DIRECTION('ref_axis',(0.,0.,-1.));
#5197=DIRECTION('center_axis',(0.,-0.762307116750895,0.647215466248248));
#5198=DIRECTION('ref_axis',(1.,0.,0.));
#5199=DIRECTION('',(-1.,-1.91697989882666E-12,-2.25786850863583E-12));
#5200=DIRECTION('',(0.000784503353992919,0.64721526708529,0.762306882171612));
#5201=DIRECTION('',(1.,0.,0.));
#5202=DIRECTION('',(0.000784503354284052,0.64721526708529,0.762306882171612));
#5203=DIRECTION('',(1.,0.,0.));
#5204=DIRECTION('',(-0.000784503353992919,-0.64721526708529,-0.762306882171612));
#5205=DIRECTION('center_axis',(0.,0.762307116750895,-0.647215466248248));
#5206=DIRECTION('ref_axis',(-0.00187282157105246,-0.647214331205867,-0.76230577986862));
#5207=DIRECTION('center_axis',(-0.501508285306172,0.49848715105734,0.707106781186547));
#5208=DIRECTION('ref_axis',(0.81567557605464,2.77555756156289E-16,0.578509597697334));
#5209=DIRECTION('',(0.000991091585578888,0.817650558154547,-0.575713976282518));
#5210=DIRECTION('',(0.815346281321023,-0.000988298523260303,0.578972766891508));
#5211=DIRECTION('center_axis',(-0.501508285306172,0.49848715105734,0.707106781186547));
#5212=DIRECTION('ref_axis',(-0.289309317694256,-0.866896524100061,0.40594400500379));
#5213=DIRECTION('',(-0.704967289694016,-0.709239818722463,0.));
#5214=DIRECTION('center_axis',(-0.501508285306172,0.49848715105734,0.707106781186547));
#5215=DIRECTION('ref_axis',(0.81567557605464,2.77555756156289E-16,0.578509597697334));
#5216=DIRECTION('',(0.000991091585358929,0.817650558154474,-0.575713976282622));
#5217=DIRECTION('center_axis',(-0.501508285306172,0.49848715105734,0.707106781186547));
#5218=DIRECTION('ref_axis',(-0.289309317694256,-0.866896524100061,0.40594400500379));
#5219=DIRECTION('',(0.815346281321023,-0.000988298523260303,0.578972766891508));
#5220=DIRECTION('',(-0.704967289694016,-0.709239818722463,0.));
#5221=DIRECTION('center_axis',(0.00121212032241075,0.999999265381892,-2.64140016021708E-13));
#5222=DIRECTION('ref_axis',(-3.20169481167132E-16,-2.6413982197967E-13,
-1.));
#5223=DIRECTION('center_axis',(0.00121212032241075,0.999999265381892,-2.64140016021708E-13));
#5224=DIRECTION('ref_axis',(-1.61061381880123E-16,2.64140405289807E-13,
1.));
#5225=DIRECTION('',(-3.20169481167131E-16,-2.64139821979669E-13,-1.));
#5226=DIRECTION('',(0.999999265381892,-0.00121212032241075,0.));
#5227=DIRECTION('center_axis',(-0.00121212032131605,-0.999999265381894,
3.97015753605081E-13));
#5228=DIRECTION('ref_axis',(2.95822839457879E-31,3.97016045260256E-13,1.));
#5229=DIRECTION('',(0.00121212032131605,0.999999265381894,-3.97015753605081E-13));
#5230=DIRECTION('center_axis',(0.00121212032131605,0.999999265381894,-3.97015753605081E-13));
#5231=DIRECTION('ref_axis',(2.95822839457879E-31,3.97016045260256E-13,1.));
#5232=DIRECTION('',(0.00121212032131605,0.999999265381894,-3.97015753605081E-13));
#5233=DIRECTION('center_axis',(-0.00121212032131605,-0.999999265381894,
3.97015753605081E-13));
#5234=DIRECTION('ref_axis',(2.95822839457879E-31,3.97016045260256E-13,1.));
#5235=DIRECTION('',(-0.999999265381894,0.00121212032131605,-2.25787016730814E-12));
#5236=DIRECTION('center_axis',(-0.00121212032131605,-0.999999265381894,
3.97015753605081E-13));
#5237=DIRECTION('ref_axis',(0.707106261733901,-0.000857098499098296,-0.707106781185749));
#5238=DIRECTION('',(4.81230862939259E-16,3.97015461950119E-13,1.));
#5239=DIRECTION('',(3.82391556268926E-13,3.96552540343704E-13,1.));
#5240=DIRECTION('',(0.999999265381894,-0.00121212032131605,0.));
#5241=DIRECTION('center_axis',(0.00121212032131605,0.999999265381894,-3.97015753605081E-13));
#5242=DIRECTION('ref_axis',(2.95822839457879E-31,3.97016045260256E-13,1.));
#5243=DIRECTION('center_axis',(-0.00121212032131605,-0.999999265381894,
3.97015753605081E-13));
#5244=DIRECTION('ref_axis',(2.95822839457879E-31,3.97016045260256E-13,1.));
#5245=DIRECTION('center_axis',(0.00121212032241075,0.999999265381892,-2.64140016021708E-13));
#5246=DIRECTION('ref_axis',(-1.61061381880123E-16,2.64140405289807E-13,
1.));
#5247=DIRECTION('',(0.00121212032131605,0.999999265381894,-3.97015753605081E-13));
#5248=DIRECTION('',(-0.00121212032131605,-0.999999265381894,3.97015753605081E-13));
#5249=DIRECTION('center_axis',(0.00121212032241075,0.999999265381892,-2.64140016021708E-13));
#5250=DIRECTION('ref_axis',(-3.20169481167132E-16,-2.6413982197967E-13,
-1.));
#5251=DIRECTION('',(3.20169481167131E-16,2.64139821979669E-13,1.));
#5252=DIRECTION('',(-0.999999265381892,0.00121212032241075,-2.25787016730814E-12));
#5253=DIRECTION('center_axis',(-0.999999265381893,0.00121212032159799,0.));
#5254=DIRECTION('ref_axis',(0.,0.,-1.));
#5255=DIRECTION('',(-0.00121212032159799,-0.999999265381893,-3.94430452610506E-31));
#5256=DIRECTION('',(-0.00121212032159799,-0.999999265381893,0.));
#5257=DIRECTION('center_axis',(0.,0.,1.));
#5258=DIRECTION('ref_axis',(-0.999999265381893,0.00121212032159796,0.));
#5259=DIRECTION('',(0.00121212032159799,0.999999265381893,0.));
#5260=DIRECTION('center_axis',(-0.999999265381893,0.00121212032159799,3.81910605964433E-13));
#5261=DIRECTION('ref_axis',(-3.80707267509964E-13,9.92985685888361E-13,
-1.));
#5262=DIRECTION('',(0.00121212032159799,0.999999265381893,0.));
#5263=DIRECTION('center_axis',(0.,0.,1.));
#5264=DIRECTION('ref_axis',(1.,0.,0.));
#5265=DIRECTION('',(-0.00121212032159799,-0.999999265381893,0.));
#5266=DIRECTION('center_axis',(0.999999265381893,-0.00121212032159799,0.));
#5267=DIRECTION('ref_axis',(0.,0.,1.));
#5268=DIRECTION('',(-0.00121212032159799,-0.999999265381893,-3.94430452610506E-31));
#5269=DIRECTION('center_axis',(-0.00121212032159799,-0.999999265381893,
-3.94430452610506E-31));
#5270=DIRECTION('ref_axis',(0.707106261733901,-0.000857098499016925,-0.707106781185749));
#5271=DIRECTION('',(0.00121212032233604,0.999999265381892,-4.44089209850128E-13));
#5272=DIRECTION('center_axis',(2.25786850863583E-12,-2.73681031332405E-15,
-1.));
#5273=DIRECTION('ref_axis',(0.999999265381894,-0.00121212032089318,2.25787016730814E-12));
#5274=DIRECTION('center_axis',(0.,-1.,0.));
#5275=DIRECTION('ref_axis',(1.,0.,0.));
#5276=DIRECTION('',(1.,0.,0.));
#5277=DIRECTION('',(0.,0.,-1.));
#5278=DIRECTION('',(-1.,0.,0.));
#5279=DIRECTION('',(0.,0.,1.));
#5280=DIRECTION('center_axis',(0.,0.,-1.));
#5281=DIRECTION('ref_axis',(-1.,0.,0.));
#5282=DIRECTION('',(0.,1.,0.));
#5283=DIRECTION('',(-1.,0.,0.));
#5284=DIRECTION('',(0.,1.,0.));
#5285=DIRECTION('center_axis',(1.,0.,0.));
#5286=DIRECTION('ref_axis',(0.,0.,-1.));
#5287=DIRECTION('',(0.,-1.,0.));
#5288=DIRECTION('',(0.,0.,-1.));
#5289=DIRECTION('center_axis',(0.,0.,1.));
#5290=DIRECTION('ref_axis',(1.,0.,0.));
#5291=DIRECTION('',(0.,-1.,0.));
#5292=DIRECTION('',(1.,0.,0.));
#5293=DIRECTION('center_axis',(1.,0.,0.));
#5294=DIRECTION('ref_axis',(0.,0.,-1.));
#5295=DIRECTION('',(0.,0.,1.));
#5296=DIRECTION('center_axis',(1.,0.,0.));
#5297=DIRECTION('ref_axis',(0.,0.,-1.));
#5298=DIRECTION('',(0.,0.,-1.));
#5299=DIRECTION('',(0.,-1.,0.));
#5300=DIRECTION('',(0.,0.,1.));
#5301=DIRECTION('',(0.,1.,0.));
#5302=DIRECTION('center_axis',(0.,-1.,0.));
#5303=DIRECTION('ref_axis',(1.,0.,0.));
#5304=DIRECTION('',(1.,0.,0.));
#5305=DIRECTION('',(0.,0.,-1.));
#5306=DIRECTION('',(1.,0.,0.));
#5307=DIRECTION('',(0.,0.,1.));
#5308=DIRECTION('',(1.,0.,0.));
#5309=DIRECTION('',(0.,0.,-1.));
#5310=DIRECTION('',(1.,0.,0.));
#5311=DIRECTION('',(0.043105217086137,0.,0.999070538180341));
#5312=DIRECTION('',(1.,0.,-1.00746794822581E-16));
#5313=DIRECTION('',(0.,0.,-1.));
#5314=DIRECTION('',(1.,0.,0.));
#5315=DIRECTION('',(0.,0.,1.));
#5316=DIRECTION('',(1.,0.,0.));
#5317=DIRECTION('',(0.,0.,-1.));
#5318=DIRECTION('',(-1.,0.,0.));
#5319=DIRECTION('',(0.,0.,-1.));
#5320=DIRECTION('',(1.,0.,0.));
#5321=DIRECTION('',(0.,0.,1.));
#5322=DIRECTION('',(-1.,0.,0.));
#5323=DIRECTION('',(0.,0.,1.));
#5324=DIRECTION('',(-1.,0.,0.));
#5325=DIRECTION('',(-1.,0.,0.));
#5326=DIRECTION('',(0.,0.,-1.));
#5327=DIRECTION('',(1.,0.,0.));
#5328=DIRECTION('',(0.,0.,1.));
#5329=DIRECTION('',(-1.,0.,0.));
#5330=DIRECTION('',(-0.043105217086137,0.,-0.999070538180341));
#5331=DIRECTION('',(-1.,0.,0.));
#5332=DIRECTION('',(0.,0.,1.));
#5333=DIRECTION('center_axis',(0.,-1.,0.));
#5334=DIRECTION('ref_axis',(0.,0.,-1.));
#5335=DIRECTION('center_axis',(0.,-1.,0.));
#5336=DIRECTION('ref_axis',(0.,0.,-1.));
#5337=DIRECTION('center_axis',(0.,-1.,0.));
#5338=DIRECTION('ref_axis',(0.,0.,-1.));
#5339=DIRECTION('center_axis',(0.,-1.,0.));
#5340=DIRECTION('ref_axis',(0.,0.,1.));
#5341=DIRECTION('center_axis',(0.,0.,1.));
#5342=DIRECTION('ref_axis',(1.,0.,0.));
#5343=DIRECTION('',(-1.,0.,0.));
#5344=DIRECTION('',(0.,1.,0.));
#5345=DIRECTION('center_axis',(0.,0.,-1.));
#5346=DIRECTION('ref_axis',(-1.,0.,0.));
#5347=DIRECTION('',(0.,-1.,0.));
#5348=DIRECTION('',(1.,0.,0.));
#5349=DIRECTION('center_axis',(0.,-0.762307116750895,-0.647215466248248));
#5350=DIRECTION('ref_axis',(-1.,0.,0.));
#5351=DIRECTION('',(1.,0.,0.));
#5352=DIRECTION('',(-0.86427064418292,-0.325566912801999,0.383461130875368));
#5353=DIRECTION('',(0.0907286035422459,-0.644546126466308,0.759163099311704));
#5354=DIRECTION('',(0.757555848749651,-0.422483069494998,0.49761148702103));
#5355=DIRECTION('',(0.,0.647215466248248,-0.762307116750895));
#5356=DIRECTION('',(-1.,-3.72252596912474E-15,4.38448737173004E-15));
#5357=DIRECTION('center_axis',(0.,-0.762307116750895,-0.647215466248248));
#5358=DIRECTION('ref_axis',(-0.00187282157105247,-0.647214331205867,0.76230577986862));
#5359=DIRECTION('',(0.000784503353992919,0.64721526708529,-0.762306882171612));
#5360=DIRECTION('',(1.,0.,0.));
#5361=DIRECTION('',(0.999835004832035,-0.0117565956808094,0.0138472224840287));
#5362=DIRECTION('',(0.,-0.647215466248248,0.762307116750895));
#5363=DIRECTION('',(-1.,0.,0.));
#5364=DIRECTION('',(0.,-0.647215466248248,0.762307116750895));
#5365=DIRECTION('',(-1.,0.,0.));
#5366=DIRECTION('',(0.,0.647215466248248,-0.762307116750895));
#5367=DIRECTION('',(-1.,9.12637584078305E-16,-1.07492815242828E-15));
#5368=DIRECTION('',(0.,0.647215466248248,-0.762307116750895));
#5369=DIRECTION('',(1.,0.,0.));
#5370=DIRECTION('',(-0.00078450335400646,-0.64721526708529,0.762306882171612));
#5371=DIRECTION('center_axis',(0.,-0.762307116750895,-0.647215466248248));
#5372=DIRECTION('ref_axis',(-0.00187282157105276,-0.647214331205867,0.76230577986862));
#5373=DIRECTION('',(-1.,0.,0.));
#5374=DIRECTION('',(0.000784503353992919,0.64721526708529,-0.762306882171612));
#5375=DIRECTION('',(1.,2.73624784441459E-12,-3.22282348579025E-12));
#5376=DIRECTION('',(0.000784503353992919,0.64721526708529,-0.762306882171612));
#5377=DIRECTION('center_axis',(0.990237649886131,0.139389371000774,0.));
#5378=DIRECTION('ref_axis',(0.139389371000774,-0.990237649886131,0.));
#5379=DIRECTION('center_axis',(0.990237649886131,0.139389371000774,0.));
#5380=DIRECTION('ref_axis',(0.139389371000774,-0.990237649886131,0.));
#5381=DIRECTION('',(0.990237649886131,0.139389371000774,0.));
#5382=DIRECTION('center_axis',(-0.990237649886131,-0.139389371000774,0.));
#5383=DIRECTION('ref_axis',(0.139389371000774,-0.990237649886131,0.));
#5384=DIRECTION('center_axis',(0.990237649886131,0.139389371000774,0.));
#5385=DIRECTION('ref_axis',(0.139389371000774,-0.990237649886131,0.));
#5386=DIRECTION('center_axis',(0.990237649886131,0.139389371000774,0.));
#5387=DIRECTION('ref_axis',(0.139389371000774,-0.990237649886131,0.));
#5388=DIRECTION('',(0.990237649886131,0.139389371000774,0.));
#5389=DIRECTION('center_axis',(-0.990237649886131,-0.139389371000774,0.));
#5390=DIRECTION('ref_axis',(0.139389371000774,-0.990237649886131,0.));
#5391=DIRECTION('',(-8.85194916157358E-6,0.647215466222893,-0.762307116721028));
#5392=DIRECTION('center_axis',(2.16748685592664E-15,-1.78478100574738E-16,
-1.));
#5393=DIRECTION('ref_axis',(1.,4.81278762604429E-31,2.16748685592664E-15));
#5394=DIRECTION('',(-1.,3.14132189982623E-23,-2.16748685592664E-15));
#5395=DIRECTION('',(0.,1.,-1.78478100574738E-16));
#5396=DIRECTION('',(1.,1.2470841234614E-16,2.16748685592664E-15));
#5397=DIRECTION('',(0.,1.,-1.78478100574738E-16));
#5398=DIRECTION('',(-1.,1.84024389280879E-15,-2.16748685592664E-15));
#5399=DIRECTION('center_axis',(0.,0.,-1.));
#5400=DIRECTION('ref_axis',(1.,0.,0.));
#5401=DIRECTION('',(-0.00245811479736909,-0.999996978831258,0.));
#5402=DIRECTION('',(-1.,0.,0.));
#5403=DIRECTION('',(-0.00134668399375173,0.999999093220699,0.));
#5404=DIRECTION('',(1.,0.,0.));
#5405=DIRECTION('center_axis',(-1.24708412346139E-16,1.,-3.31409858097057E-16));
#5406=DIRECTION('ref_axis',(0.,3.31409858097057E-16,1.));
#5407=DIRECTION('',(0.00011471362787131,0.,0.999999993420392));
#5408=DIRECTION('',(6.27880299658356E-5,0.,-0.999999998028832));
#5409=DIRECTION('',(-1.,-1.2470841234614E-16,-2.16748685592664E-15));
#5410=DIRECTION('',(0.,-3.31409858097057E-16,-1.));
#5411=DIRECTION('',(-1.,-1.24708412346139E-16,-9.93352648610774E-19));
#5412=DIRECTION('',(-1.,-8.68415707534042E-23,1.54993185989943E-38));
#5413=DIRECTION('',(0.,3.31409858097057E-16,1.));
#5414=DIRECTION('',(-1.,-1.24708412346139E-16,2.22577205612301E-32));
#5415=DIRECTION('center_axis',(0.,-1.,0.));
#5416=DIRECTION('ref_axis',(0.,0.,-1.));
#5417=DIRECTION('',(1.,0.,0.));
#5418=DIRECTION('',(0.,-3.31409858097057E-16,-1.));
#5419=DIRECTION('',(-1.,0.,0.));
#5420=DIRECTION('',(0.,3.31409858097057E-16,1.));
#5421=DIRECTION('center_axis',(0.,-1.78478100574738E-16,-1.));
#5422=DIRECTION('ref_axis',(1.,0.,0.));
#5423=DIRECTION('',(0.,-1.,0.));
#5424=DIRECTION('',(1.,0.,0.));
#5425=DIRECTION('',(0.,-1.,1.78478100574738E-16));
#5426=DIRECTION('',(1.,0.,0.));
#5427=DIRECTION('center_axis',(0.,-0.00796514941123067,0.999968277694276));
#5428=DIRECTION('ref_axis',(1.,0.,0.));
#5429=DIRECTION('',(-1.,0.,0.));
#5430=DIRECTION('center_axis',(0.,-1.78478100574738E-16,-1.));
#5431=DIRECTION('ref_axis',(1.,0.,0.));
#5432=DIRECTION('',(-1.,0.,0.));
#5433=DIRECTION('',(0.,-1.,1.78478100574738E-16));
#5434=DIRECTION('',(1.,1.24708412346139E-16,-2.22577205612301E-32));
#5435=DIRECTION('',(0.,-1.,1.78478100574738E-16));
#5436=DIRECTION('',(-4.75625971746828E-6,-0.647215466240947,0.762307116742256));
#5437=DIRECTION('center_axis',(0.,1.78478100574738E-16,1.));
#5438=DIRECTION('ref_axis',(-1.,0.,0.));
#5439=DIRECTION('',(0.,-1.,1.78478100574738E-16));
#5440=DIRECTION('',(0.,1.,-1.78478100574738E-16));
#5441=DIRECTION('',(-1.,-1.24708412346139E-16,2.22577205612301E-32));
#5442=DIRECTION('',(0.,1.,-1.78478100574738E-16));
#5443=DIRECTION('',(-1.,0.,0.));
#5444=DIRECTION('',(0.,-1.,1.78478100574738E-16));
#5445=DIRECTION('',(-1.,-1.24708412346139E-16,2.22577205612301E-32));
#5446=DIRECTION('center_axis',(5.38289556222671E-16,4.44088883614153E-13,
1.));
#5447=DIRECTION('ref_axis',(0.999999265381892,-0.00121212032241075,1.4791141972894E-30));
#5448=DIRECTION('',(-1.,0.,0.));
#5449=DIRECTION('',(0.00121212032233604,0.999999265381892,-4.44089209850128E-13));
#5450=DIRECTION('',(0.999999265381892,-0.00121212032241075,6.11964374255185E-32));
#5451=DIRECTION('',(0.00121212032233604,0.999999265381892,-4.44089209850128E-13));
#5452=DIRECTION('center_axis',(0.707106002006427,-0.000857098184403607,
0.707107040913319));
#5453=DIRECTION('ref_axis',(0.707106521459682,-0.000857098814597536,-0.707106521459681));
#5454=DIRECTION('',(0.707107300639993,0.,-0.70710626173272));
#5455=DIRECTION('',(0.707106521459682,-0.000857098814597536,-0.707106521459681));
#5456=DIRECTION('center_axis',(0.999999265381892,-0.00121212032233604,0.));
#5457=DIRECTION('ref_axis',(0.,0.,-1.));
#5458=DIRECTION('',(0.,0.,-1.));
#5459=DIRECTION('',(0.00121212032233604,0.999999265381892,-4.44089209850128E-13));
#5460=DIRECTION('',(0.,5.04870979341448E-29,-1.));
#5461=DIRECTION('',(0.00121212032233604,0.999999265381892,-4.44089209850128E-13));
#5462=DIRECTION('center_axis',(0.999999265381892,-0.00121212032233604,0.));
#5463=DIRECTION('ref_axis',(0.,0.,-1.));
#5464=DIRECTION('',(0.,0.,-1.));
#5465=DIRECTION('',(0.,5.04870979341448E-29,-1.));
#5466=DIRECTION('',(0.00121212032233604,0.999999265381892,-4.44089209850128E-13));
#5467=DIRECTION('center_axis',(-0.57897234156742,0.000701784657190157,0.815346880289754));
#5468=DIRECTION('ref_axis',(0.815346281321172,-0.000988298522812776,0.578972766891299));
#5469=DIRECTION('',(-0.815346281321172,0.000988298522812776,-0.578972766891299));
#5470=DIRECTION('',(0.00121212032233604,0.999999265381892,-4.44089209850128E-13));
#5471=DIRECTION('',(0.815346281321172,-0.000988298522812776,0.578972766891299));
#5472=DIRECTION('',(0.00121212032233604,0.999999265381892,-4.44089209850128E-13));
#5473=DIRECTION('center_axis',(-0.999999265381892,0.00121212032233604,-9.90746314968021E-38));
#5474=DIRECTION('ref_axis',(-9.91956701650548E-38,-9.97968560448428E-38,
1.));
#5475=DIRECTION('',(9.91956701650547E-38,9.97968560448428E-38,-1.));
#5476=DIRECTION('',(-9.91956701650548E-38,-5.04870980339416E-29,1.));
#5477=DIRECTION('',(0.00121212032233604,0.999999265381892,-4.44089209850128E-13));
#5478=DIRECTION('center_axis',(-0.578972341567421,0.000701784656465985,
-0.815346880289754));
#5479=DIRECTION('ref_axis',(-0.815346281321172,0.000988298522812776,0.578972766891299));
#5480=DIRECTION('',(0.815346281321172,-0.000988298522812776,-0.578972766891299));
#5481=DIRECTION('',(-0.815346281321172,0.000988298522812776,0.578972766891299));
#5482=DIRECTION('',(0.00121212032233604,0.999999265381892,-4.44089209850128E-13));
#5483=DIRECTION('center_axis',(0.999999265381892,-0.00121212032233604,0.));
#5484=DIRECTION('ref_axis',(0.,0.,-1.));
#5485=DIRECTION('',(0.,0.,-1.));
#5486=DIRECTION('',(0.00121212032233604,0.999999265381892,-4.44089209850128E-13));
#5487=DIRECTION('',(0.,5.04870979341448E-29,-1.));
#5488=DIRECTION('',(0.00121212032233604,0.999999265381892,-4.44089209850128E-13));
#5489=DIRECTION('center_axis',(0.00121212032241075,0.999999265381892,-2.64140016021708E-13));
#5490=DIRECTION('ref_axis',(-3.20169481167132E-16,-2.6413982197967E-13,
-1.));
#5491=DIRECTION('center_axis',(0.00121212032241075,0.999999265381892,-2.64140016021708E-13));
#5492=DIRECTION('ref_axis',(0.707106261733096,-0.000857098499403883,0.707106781186554));
#5493=DIRECTION('',(1.65604781871956E-14,-9.92560186458698E-13,-1.));
#5494=DIRECTION('',(0.999999265381893,-0.00121212032167408,6.11964373883265E-32));
#5495=DIRECTION('',(-0.999999265381893,0.00121212032167365,-6.11964373883048E-32));
#5496=DIRECTION('',(0.999999265381893,-0.00121212032167365,6.11964373883048E-32));
#5497=DIRECTION('',(-0.707106521459682,0.000857098814597536,0.707106521459681));
#5498=DIRECTION('',(0.,2.64140210063889E-13,1.));
#5499=DIRECTION('',(-0.999999265381893,0.00121212032159772,-6.11964373844711E-32));
#5500=DIRECTION('center_axis',(0.00121212032241075,0.999999265381892,-2.64140016021708E-13));
#5501=DIRECTION('ref_axis',(-0.941374815085691,0.00114106038252554,-0.337360571945781));
#5502=DIRECTION('',(0.00495844283448852,-6.01023151695349E-6,0.999987706828706));
#5503=DIRECTION('',(-0.999999265381893,0.00121212032167408,-6.11964373883265E-32));
#5504=DIRECTION('',(-1.65602130530929E-14,9.9254429551935E-13,-1.));
#5505=DIRECTION('center_axis',(0.00121212032241075,0.999999265381892,-2.64140016021708E-13));
#5506=DIRECTION('ref_axis',(0.7071062617339,-0.000857098499778408,-0.707106781185749));
#5507=DIRECTION('',(-0.999999265381893,0.00121212032159796,-6.11964373844832E-32));
#5508=DIRECTION('',(0.999999265381893,-0.00121212032159796,6.11964373844832E-32));
#5509=DIRECTION('center_axis',(-0.00121212032131605,-0.999999265381894,
3.97015753605081E-13));
#5510=DIRECTION('ref_axis',(2.95822839457879E-31,3.97016045260256E-13,1.));
#5511=DIRECTION('center_axis',(-0.00121212032131605,-0.999999265381894,
3.97015753605081E-13));
#5512=DIRECTION('ref_axis',(2.95822839457879E-31,3.97016045260256E-13,1.));
#5513=DIRECTION('center_axis',(-0.00121212032241075,-0.999999265381892,
2.64140016021708E-13));
#5514=DIRECTION('ref_axis',(3.94430452610506E-31,2.64140210063889E-13,1.));
#5515=DIRECTION('center_axis',(1.0765791113567E-15,8.88177767228308E-13,
-1.));
#5516=DIRECTION('ref_axis',(-0.999999265381894,0.00121212032118504,-3.7470892997998E-30));
#5517=DIRECTION('',(1.,0.,0.));
#5518=DIRECTION('',(0.00121212032055969,0.999999265381894,8.88178419700257E-13));
#5519=DIRECTION('',(-0.999999265381894,0.00121212032118504,1.22392874727272E-31));
#5520=DIRECTION('',(0.00121212032055969,0.999999265381894,8.88178419700257E-13));
#5521=DIRECTION('center_axis',(-0.999999265381894,0.00121212032055969,0.));
#5522=DIRECTION('ref_axis',(0.,0.,1.));
#5523=DIRECTION('',(0.,0.,-1.));
#5524=DIRECTION('',(0.00121212032055969,0.999999265381894,8.88178419700257E-13));
#5525=DIRECTION('',(0.,1.0097419586829E-28,1.));
#5526=DIRECTION('',(0.00121212032055969,0.999999265381894,8.88178419700257E-13));
#5527=DIRECTION('center_axis',(0.999999265381894,-0.00121212032055969,0.));
#5528=DIRECTION('ref_axis',(0.,0.,-1.));
#5529=DIRECTION('',(0.,0.,-1.));
#5530=DIRECTION('',(0.00121212032055969,0.999999265381894,8.88178419700257E-13));
#5531=DIRECTION('',(0.,-1.0097419586829E-28,-1.));
#5532=DIRECTION('center_axis',(0.707106002006428,-0.000857098182833516,
-0.70710704091332));
#5533=DIRECTION('ref_axis',(-0.707106521459681,0.000857098816098639,-0.70710652145968));
#5534=DIRECTION('',(-0.707107300639993,0.,-0.70710626173272));
#5535=DIRECTION('',(-0.707106521459681,0.000857098816098639,-0.70710652145968));
#5536=DIRECTION('center_axis',(0.00121212032118504,0.999999265381894,1.28004101346106E-12));
#5537=DIRECTION('ref_axis',(1.55156372489504E-15,1.28004007311975E-12,-1.));
#5538=DIRECTION('center_axis',(0.00121212032118504,0.999999265381894,1.28004101346106E-12));
#5539=DIRECTION('ref_axis',(-0.707106261733104,0.000857098497818832,0.707106781186548));
#5540=DIRECTION('',(0.999999265381893,-0.00121212032190883,-4.38449059265621E-15));
#5541=DIRECTION('',(0.,-1.28004195380306E-12,1.));
#5542=DIRECTION('',(0.707106521459682,-0.000857098814449178,0.707106521459681));
#5543=DIRECTION('',(-0.999999265381893,0.00121212032167365,1.2239287477661E-31));
#5544=DIRECTION('',(0.999999265381893,-0.00121212032167408,-1.22392874776653E-31));
#5545=DIRECTION('',(0.,1.0097419586829E-28,1.));
#5546=DIRECTION('center_axis',(-0.00121212032118504,-0.999999265381894,
-1.28004101346106E-12));
#5547=DIRECTION('ref_axis',(5.32481111024183E-30,-1.28004195380306E-12,
1.));
#5548=DIRECTION('center_axis',(-0.707106781186547,0.,0.707106781186548));
#5549=DIRECTION('ref_axis',(0.707106781186548,0.,0.707106781186547));
#5550=DIRECTION('',(0.,1.,0.));
#5551=DIRECTION('',(-0.707106781186548,0.,-0.707106781186547));
#5552=DIRECTION('center_axis',(1.,0.,0.));
#5553=DIRECTION('ref_axis',(0.,0.,-1.));
#5554=DIRECTION('',(0.,-1.,0.));
#5555=DIRECTION('',(0.,0.,1.));
#5556=DIRECTION('',(0.,-1.,-5.31453014721381E-18));
#5557=DIRECTION('',(0.,0.,1.));
#5558=DIRECTION('',(0.,-0.647215466248248,-0.762307116750895));
#5559=DIRECTION('',(0.,0.,-1.));
#5560=DIRECTION('',(0.,1.,-4.44088883614153E-13));
#5561=DIRECTION('',(0.,1.,0.));
#5562=DIRECTION('center_axis',(-1.,0.,0.));
#5563=DIRECTION('ref_axis',(0.,0.707106781186547,-0.707106781186547));
#5564=DIRECTION('',(0.,0.,1.));
#5565=DIRECTION('center_axis',(-1.,0.,0.));
#5566=DIRECTION('ref_axis',(0.,0.707106781186546,0.707106781186549));
#5567=DIRECTION('',(0.,-1.,0.));
#5568=DIRECTION('center_axis',(-1.,0.,0.));
#5569=DIRECTION('ref_axis',(0.,-0.707106781186549,0.707106781186546));
#5570=DIRECTION('',(0.,0.,-1.));
#5571=DIRECTION('center_axis',(-1.,0.,0.));
#5572=DIRECTION('ref_axis',(0.,-0.707106781186547,-0.707106781186547));
#5573=DIRECTION('center_axis',(1.,0.,0.));
#5574=DIRECTION('ref_axis',(0.,1.,0.));
#5575=DIRECTION('center_axis',(1.,0.,0.));
#5576=DIRECTION('ref_axis',(0.,1.,0.));
#5577=DIRECTION('center_axis',(-0.00121212032159799,-0.999999265381893,
0.));
#5578=DIRECTION('ref_axis',(0.707106261733097,-0.00085709849901595,0.707106781186554));
#5579=DIRECTION('',(-0.00121212032159799,-0.999999265381893,0.));
#5580=DIRECTION('',(0.00121212032233604,0.999999265381892,-4.44089209850128E-13));
#5581=DIRECTION('center_axis',(0.,0.,1.));
#5582=DIRECTION('ref_axis',(-0.999999265381893,0.00121212032159796,0.));
#5583=DIRECTION('',(0.704967289694017,0.709239818722463,0.));
#5584=DIRECTION('',(-0.00121212032159799,-0.999999265381893,0.));
#5585=DIRECTION('center_axis',(-0.00121212032159799,-0.999999265381893,
-3.94430452610506E-31));
#5586=DIRECTION('ref_axis',(0.707106261733901,-0.000857098499016925,-0.707106781185749));
#5587=DIRECTION('',(-0.00121212032159799,-0.999999265381893,-3.94430452610506E-31));
#5588=DIRECTION('center_axis',(0.,-0.762307116750895,0.647215466248248));
#5589=DIRECTION('ref_axis',(-0.00187282157105269,-0.647214331205867,-0.76230577986862));
#5590=DIRECTION('',(0.00121212032233604,0.999999265381892,-4.44089209850128E-13));
#5591=DIRECTION('center_axis',(0.999999265381893,-0.00121212032159799,0.));
#5592=DIRECTION('ref_axis',(0.,0.,1.));
#5593=DIRECTION('',(0.00121212032159799,0.999999265381893,0.));
#5594=DIRECTION('',(0.000784503353992919,0.64721526708529,0.762306882171612));
#5595=DIRECTION('center_axis',(-0.00121212032159799,-0.999999265381893,
7.70371977754894E-34));
#5596=DIRECTION('ref_axis',(-0.707106261733102,0.000857098499015957,0.707106781186548));
#5597=DIRECTION('',(-0.00121212032159799,-0.999999265381893,7.70371977754894E-34));
#5598=DIRECTION('',(0.00121212032159799,0.999999265381893,-7.70371977754894E-34));
#5599=DIRECTION('center_axis',(4.38448737173004E-15,-5.31453014721381E-18,
1.));
#5600=DIRECTION('ref_axis',(-0.999999265381893,0.00121212032190883,4.38449059265622E-15));
#5601=DIRECTION('center_axis',(-0.00121212032159776,-0.999999265381893,
0.));
#5602=DIRECTION('ref_axis',(-0.941374815085692,0.00114106038184932,-0.337360571945781));
#5603=DIRECTION('',(-0.00121212032159776,-0.999999265381893,0.));
#5604=DIRECTION('center_axis',(0.,-1.,0.));
#5605=DIRECTION('ref_axis',(-1.,0.,7.19589209234765E-11));
#5606=DIRECTION('',(-0.00121212032159776,-0.999999265381893,0.));
#5607=DIRECTION('center_axis',(0.,-1.,0.));
#5608=DIRECTION('ref_axis',(-1.,0.,0.));
#5609=DIRECTION('',(1.,0.,0.));
#5610=DIRECTION('',(0.,0.,-1.));
#5611=DIRECTION('',(-1.,0.,0.));
#5612=DIRECTION('center_axis',(-0.999999265381893,0.00121212032159772,0.));
#5613=DIRECTION('ref_axis',(0.,0.,1.));
#5614=DIRECTION('',(-0.00121212032159772,-0.999999265381893,0.));
#5615=DIRECTION('',(0.,0.,1.));
#5616=DIRECTION('',(-0.000784503353992942,-0.64721526708529,-0.762306882171612));
#5617=DIRECTION('center_axis',(0.,0.,-1.));
#5618=DIRECTION('ref_axis',(-1.,0.,0.));
#5619=DIRECTION('',(-1.,0.,0.));
#5620=DIRECTION('',(-0.999999265381893,0.00121212032159772,0.));
#5621=DIRECTION('center_axis',(-0.99998697221963,0.00121210542079502,0.00495844647705076));
#5622=DIRECTION('ref_axis',(0.00495845011952844,-5.0821976835258E-21,0.999987706810645));
#5623=DIRECTION('',(-0.00456436433029507,-0.647208724356751,-0.762299175976708));
#5624=DIRECTION('',(-0.00121212032159776,-0.999999265381893,0.));
#5625=DIRECTION('center_axis',(-0.00121212032159772,-0.999999265381893,
0.));
#5626=DIRECTION('ref_axis',(0.,0.,1.));
#5627=DIRECTION('',(0.,0.,1.));
#5628=DIRECTION('',(0.999998246268144,-0.00121211908630139,-0.00142766521200951));
#5629=DIRECTION('center_axis',(0.,-1.,0.));
#5630=DIRECTION('ref_axis',(-1.,0.,0.));
#5631=DIRECTION('',(1.,0.,0.));
#5632=DIRECTION('center_axis',(-0.00121212032118504,-0.999999265381894,
-1.28004101346106E-12));
#5633=DIRECTION('ref_axis',(5.32481111024183E-30,-1.28004195380306E-12,
1.));
#5634=DIRECTION('',(-0.00121212032118504,-0.999999265381894,-1.28004101346106E-12));
#5635=DIRECTION('center_axis',(-0.00121212032118504,-0.999999265381894,
-1.28004101346106E-12));
#5636=DIRECTION('ref_axis',(5.32481111024183E-30,-1.28004195380306E-12,
1.));
#5637=DIRECTION('center_axis',(-0.00121212032118504,-0.999999265381894,
-1.28004101346106E-12));
#5638=DIRECTION('ref_axis',(5.32481111024183E-30,-1.28004195380306E-12,
1.));
#5639=DIRECTION('center_axis',(-0.00121212032241075,-0.999999265381892,
2.64140016021708E-13));
#5640=DIRECTION('ref_axis',(3.94430452610506E-31,2.64140210063889E-13,1.));
#5641=DIRECTION('',(-0.00121212032241075,-0.999999265381892,2.64140016021708E-13));
#5642=DIRECTION('center_axis',(-0.00121212032241075,-0.999999265381892,
2.64140016021708E-13));
#5643=DIRECTION('ref_axis',(3.94430452610506E-31,2.64140210063889E-13,1.));
#5644=DIRECTION('center_axis',(-0.00121212032241075,-0.999999265381892,
2.64140016021708E-13));
#5645=DIRECTION('ref_axis',(3.94430452610506E-31,2.64140210063889E-13,1.));
#5646=DIRECTION('center_axis',(-0.00121212032131605,-0.999999265381894,
3.97015753605081E-13));
#5647=DIRECTION('ref_axis',(2.95822839457879E-31,3.97016045260256E-13,1.));
#5648=DIRECTION('',(-0.00121212032131605,-0.999999265381894,3.97015753605081E-13));
#5649=DIRECTION('center_axis',(-0.00121212032131605,-0.999999265381894,
3.97015753605081E-13));
#5650=DIRECTION('ref_axis',(2.95822839457879E-31,3.97016045260256E-13,1.));
#5651=DIRECTION('center_axis',(-0.00121212032131605,-0.999999265381894,
3.97015753605081E-13));
#5652=DIRECTION('ref_axis',(2.95822839457879E-31,3.97016045260256E-13,1.));
#5653=DIRECTION('center_axis',(-0.00121212032131605,-0.999999265381894,
3.97015753605081E-13));
#5654=DIRECTION('ref_axis',(2.95822839457879E-31,3.97016045260256E-13,1.));
#5655=DIRECTION('',(-0.00121212032131605,-0.999999265381894,3.97015753605081E-13));
#5656=DIRECTION('center_axis',(-0.00121212032131605,-0.999999265381894,
3.97015753605081E-13));
#5657=DIRECTION('ref_axis',(2.95822839457879E-31,3.97016045260256E-13,1.));
#5658=DIRECTION('center_axis',(-0.00121212032131605,-0.999999265381894,
3.97015753605081E-13));
#5659=DIRECTION('ref_axis',(2.95822839457879E-31,3.97016045260256E-13,1.));
#5660=DIRECTION('center_axis',(0.999999265381893,-0.00121212032159799,1.77635683939842E-14));
#5661=DIRECTION('ref_axis',(-1.65604781871957E-14,9.92560186458698E-13,
1.));
#5662=DIRECTION('',(-0.00121212032159799,-0.999999265381893,0.));
#5663=DIRECTION('center_axis',(-0.999999265381893,0.00121212032159799,0.));
#5664=DIRECTION('ref_axis',(0.,0.,-1.));
#5665=DIRECTION('',(0.000991091585578888,0.817650558154547,0.575713976282518));
#5666=DIRECTION('',(0.00121212032159799,0.999999265381893,0.));
#5667=DIRECTION('',(-0.00121212032159799,-0.999999265381893,0.));
#5668=DIRECTION('center_axis',(-0.999999265381893,0.00121212032159799,0.));
#5669=DIRECTION('ref_axis',(0.,0.,-1.));
#5670=DIRECTION('',(0.,0.,1.));
#5671=DIRECTION('',(0.000991091585578888,0.817650558154547,0.575713976282518));
#5672=DIRECTION('',(-0.00121212032159799,-0.999999265381893,0.));
#5673=DIRECTION('center_axis',(-3.22282348579026E-12,3.90645270980053E-15,
-1.));
#5674=DIRECTION('ref_axis',(0.999999265381894,-0.00121212032089318,-3.22282585333649E-12));
#5675=DIRECTION('',(-0.704967289695626,-0.709239818720864,2.26921452613322E-12));
#5676=DIRECTION('center_axis',(-0.501508285306172,0.498487151057341,-0.707106781186547));
#5677=DIRECTION('ref_axis',(-0.81567557605464,-2.22044604925031E-16,0.578509597697334));
#5678=DIRECTION('',(-0.704967289694016,-0.709239818722463,0.));
#5679=DIRECTION('',(-0.86427064418292,-0.325566912801999,0.383461130875368));
#5680=DIRECTION('',(0.109007035654797,-0.774398148387225,-0.623237494019889));
#5681=DIRECTION('',(0.704967289694016,0.709239818722463,0.));
#5682=DIRECTION('center_axis',(0.,0.,-1.));
#5683=DIRECTION('ref_axis',(-1.,0.,0.));
#5684=DIRECTION('',(-0.704967289694016,-0.709239818722463,0.));
#5685=DIRECTION('center_axis',(0.,0.,-1.));
#5686=DIRECTION('ref_axis',(-1.,0.,0.));
#5687=DIRECTION('',(0.,1.,0.));
#5688=DIRECTION('',(1.,0.,0.));
#5689=DIRECTION('',(0.,-1.,0.));
#5690=DIRECTION('',(1.,0.,0.));
#5691=DIRECTION('',(1.,0.,0.));
#5692=DIRECTION('',(1.,0.,0.));
#5693=DIRECTION('',(0.,1.,0.));
#5694=DIRECTION('',(1.,0.,0.));
#5695=DIRECTION('',(-1.28869636316147E-14,-1.,0.));
#5696=DIRECTION('',(0.00121212032159799,0.999999265381893,0.));
#5697=DIRECTION('',(0.,-1.,0.));
#5698=DIRECTION('',(-1.,0.,0.));
#5699=DIRECTION('',(0.,1.,0.));
#5700=DIRECTION('',(1.,0.,0.));
#5701=DIRECTION('center_axis',(-0.999999265381893,0.00121212032159799,3.81910605964433E-13));
#5702=DIRECTION('ref_axis',(-3.80707267509964E-13,9.92985685888361E-13,
-1.));
#5703=DIRECTION('',(-0.000784503354284052,-0.64721526708529,-0.762306882171612));
#5704=DIRECTION('',(-0.00121212032159799,-0.999999265381893,0.));
#5705=DIRECTION('',(-0.000991091585358929,-0.817650558154474,0.575713976282622));
#5706=DIRECTION('',(-0.00121212032159799,-0.999999265381893,0.));
#5707=DIRECTION('center_axis',(0.,0.,1.));
#5708=DIRECTION('ref_axis',(-0.999999265381893,0.00121212032159796,0.));
#5709=DIRECTION('',(-1.,0.,0.));
#5710=DIRECTION('',(0.704967289694016,0.709239818722463,0.));
#5711=DIRECTION('',(-0.00121212032159799,-0.999999265381893,0.));
#5712=DIRECTION('center_axis',(-0.999999265381893,0.00121212032159799,0.));
#5713=DIRECTION('ref_axis',(0.,0.,-1.));
#5714=DIRECTION('',(-0.000784503353992919,-0.64721526708529,-0.762306882171612));
#5715=DIRECTION('',(-0.000991091585578888,-0.817650558154547,0.575713976282518));
#5716=DIRECTION('',(0.,0.,1.));
#5717=DIRECTION('',(-0.00121212032159799,-0.999999265381893,0.));
#5718=DIRECTION('center_axis',(2.25786850863583E-12,-2.73681031332405E-15,
-1.));
#5719=DIRECTION('ref_axis',(0.999999265381894,-0.00121212032089318,2.25787016730814E-12));
#5720=DIRECTION('',(1.,1.91697989882666E-12,2.25786850863583E-12));
#5721=DIRECTION('',(-0.704967289694017,-0.709239818722463,-1.58978238816798E-12));
#5722=DIRECTION('center_axis',(0.,0.,1.));
#5723=DIRECTION('ref_axis',(1.,0.,0.));
#5724=DIRECTION('',(-1.,0.,0.));
#5725=DIRECTION('',(0.704967289694016,0.709239818722463,0.));
#5726=DIRECTION('center_axis',(0.,0.,1.));
#5727=DIRECTION('ref_axis',(1.,0.,0.));
#5728=DIRECTION('',(-1.,0.,0.));
#5729=DIRECTION('center_axis',(0.,0.,1.));
#5730=DIRECTION('ref_axis',(1.,0.,0.));
#5731=DIRECTION('',(0.704967289694016,0.709239818722463,0.));
#5732=DIRECTION('',(-1.,0.,0.));
#5733=DIRECTION('',(0.,-1.,0.));
#5734=DIRECTION('',(1.,0.,0.));
#5735=DIRECTION('center_axis',(-0.501508285306172,0.49848715105734,0.707106781186547));
#5736=DIRECTION('ref_axis',(0.81567557605464,2.77555756156289E-16,0.578509597697334));
#5737=DIRECTION('',(-0.704967289694016,-0.709239818722463,0.));
#5738=DIRECTION('',(-0.109007035654797,0.774398148387226,-0.623237494019888));
#5739=DIRECTION('',(0.86427064418292,0.325566912801999,0.383461130875368));
#5740=DIRECTION('center_axis',(-0.999999265381893,0.00121212032159799,0.));
#5741=DIRECTION('ref_axis',(0.,0.,-1.));
#5742=DIRECTION('center_axis',(0.,-0.762307116750895,-0.647215466248248));
#5743=DIRECTION('ref_axis',(-1.,0.,0.));
#5744=DIRECTION('',(1.,0.,0.));
#5745=DIRECTION('',(-0.60624565305828,0.514715859767193,-0.606245653058279));
#5746=DIRECTION('',(0.,0.647215466248248,-0.762307116750895));
#5747=DIRECTION('',(-1.,0.,0.));
#5748=DIRECTION('',(-0.757555848749651,0.422483069494998,-0.49761148702103));
#5749=DIRECTION('',(0.0907286035422459,-0.644546126466308,0.759163099311704));
#5750=DIRECTION('center_axis',(0.707106781186547,0.,-0.707106781186548));
#5751=DIRECTION('ref_axis',(-0.707106781186548,0.,-0.707106781186547));
#5752=DIRECTION('',(0.,1.,0.));
#5753=DIRECTION('',(0.707106781186548,0.,0.707106781186547));
#5754=DIRECTION('',(0.,-1.,0.));
#5755=DIRECTION('center_axis',(0.707106781186547,0.,0.707106781186548));
#5756=DIRECTION('ref_axis',(0.707106781186548,0.,-0.707106781186547));
#5757=DIRECTION('',(0.,1.,0.));
#5758=DIRECTION('',(-0.707106781186548,0.,0.707106781186547));
#5759=DIRECTION('',(0.60624565305828,-0.514715859767193,-0.606245653058279));
#5760=DIRECTION('center_axis',(0.,-0.762307116750895,0.647215466248248));
#5761=DIRECTION('ref_axis',(1.,0.,0.));
#5762=DIRECTION('',(1.,0.,0.));
#5763=DIRECTION('',(-0.757555848749651,0.422483069494998,0.49761148702103));
#5764=DIRECTION('',(-0.0907286035422459,0.644546126466308,0.759163099311704));
#5765=DIRECTION('',(0.86427064418292,0.325566912801999,0.383461130875368));
#5766=DIRECTION('center_axis',(-1.,0.,0.));
#5767=DIRECTION('ref_axis',(0.,1.,0.));
#5768=DIRECTION('center_axis',(-1.,0.,0.));
#5769=DIRECTION('ref_axis',(0.,1.,0.));
#5770=DIRECTION('',(-1.,0.,0.));
#5771=DIRECTION('center_axis',(-1.,0.,0.));
#5772=DIRECTION('ref_axis',(0.,1.,0.));
#5773=DIRECTION('center_axis',(-1.,0.,0.));
#5774=DIRECTION('ref_axis',(0.,1.,0.));
#5775=DIRECTION('',(-1.,0.,0.));
#5776=DIRECTION('center_axis',(0.,0.,-1.));
#5777=DIRECTION('ref_axis',(-1.,0.,0.));
#5778=DIRECTION('',(-1.,0.,0.));
#5779=DIRECTION('',(0.,-1.,0.));
#5780=DIRECTION('',(1.,0.,0.));
#5781=DIRECTION('',(0.,1.,0.));
#5782=DIRECTION('',(1.,0.,0.));
#5783=DIRECTION('center_axis',(0.,1.,0.));
#5784=DIRECTION('ref_axis',(0.,0.,1.));
#5785=DIRECTION('',(0.,0.,1.));
#5786=DIRECTION('',(0.707106781186548,0.,-0.707106781186547));
#5787=DIRECTION('center_axis',(-0.707106781186547,0.,-0.707106781186548));
#5788=DIRECTION('ref_axis',(-0.707106781186548,0.,0.707106781186547));
#5789=DIRECTION('center_axis',(-1.,0.,0.));
#5790=DIRECTION('ref_axis',(0.,0.,1.));
#5791=DIRECTION('',(0.,-1.,0.));
#5792=DIRECTION('',(0.,0.,-1.));
#5793=DIRECTION('',(0.,1.,0.));
#5794=DIRECTION('center_axis',(0.,0.,1.));
#5795=DIRECTION('ref_axis',(1.,0.,0.));
#5796=DIRECTION('',(1.,0.,0.));
#5797=DIRECTION('',(0.,1.,0.));
#5798=DIRECTION('',(1.,0.,0.));
#5799=DIRECTION('',(0.,-1.,0.));
#5800=DIRECTION('center_axis',(0.,1.,0.));
#5801=DIRECTION('ref_axis',(0.,0.,1.));
#5802=DIRECTION('',(-1.,0.,0.));
#5803=DIRECTION('',(0.,0.,-1.));
#5804=DIRECTION('',(0.,0.,1.));
#5805=DIRECTION('center_axis',(-1.,0.,0.));
#5806=DIRECTION('ref_axis',(0.,0.,1.));
#5807=DIRECTION('',(0.,1.,0.));
#5808=DIRECTION('',(0.,0.,1.));
#5809=DIRECTION('',(0.,1.,0.));
#5810=DIRECTION('',(0.,0.,1.));
#5811=DIRECTION('',(0.,1.,0.));
#5812=DIRECTION('center_axis',(0.,0.,-1.));
#5813=DIRECTION('ref_axis',(-1.,0.,0.));
#5814=DIRECTION('',(-1.,0.,0.));
#5815=DIRECTION('center_axis',(0.,1.,0.));
#5816=DIRECTION('ref_axis',(0.,0.,1.));
#5817=DIRECTION('center_axis',(0.,0.,1.));
#5818=DIRECTION('ref_axis',(1.,0.,0.));
#5819=DIRECTION('',(0.,1.,0.));
#5820=DIRECTION('',(1.,0.,0.));
#5821=DIRECTION('center_axis',(0.,0.,-1.));
#5822=DIRECTION('ref_axis',(-1.,0.,0.));
#5823=DIRECTION('',(-1.,0.,0.));
#5824=DIRECTION('',(0.,1.,0.));
#5825=DIRECTION('center_axis',(1.,0.,0.));
#5826=DIRECTION('ref_axis',(0.,0.,-1.));
#5827=DIRECTION('',(0.,0.,-1.));
#5828=DIRECTION('center_axis',(0.,1.,0.));
#5829=DIRECTION('ref_axis',(0.,0.,1.));
#5830=DIRECTION('center_axis',(-0.709239818722463,0.704967289694016,0.));
#5831=DIRECTION('ref_axis',(0.704967289694016,0.709239818722463,0.));
#5832=DIRECTION('center_axis',(0.709239818722463,-0.704967289694016,0.));
#5833=DIRECTION('ref_axis',(0.704967289694016,0.709239818722463,0.));
#5834=DIRECTION('',(2.25829162733971E-16,2.27197824326297E-16,-1.));
#5835=DIRECTION('center_axis',(0.709239818722463,-0.704967289694016,0.));
#5836=DIRECTION('ref_axis',(0.704967289694016,0.709239818722463,0.));
#5837=DIRECTION('',(0.,0.,-1.));
#5838=DIRECTION('',(-0.704967289694016,-0.709239818722463,7.52241485493343E-17));
#5839=DIRECTION('',(0.,0.,1.));
#5840=DIRECTION('',(0.704967289694016,0.709239818722463,7.52241485493343E-17));
#5841=DIRECTION('',(0.,0.,-1.));
#5842=DIRECTION('center_axis',(0.999999265381893,-0.00121212032159708,0.));
#5843=DIRECTION('ref_axis',(0.,0.,1.));
#5844=DIRECTION('center_axis',(-0.999999265381893,0.00121212032159708,0.));
#5845=DIRECTION('ref_axis',(0.,0.,1.));
#5846=DIRECTION('',(-0.00101911698721865,-0.840771514509451,0.541389159283828));
#5847=DIRECTION('',(0.,0.,1.));
#5848=DIRECTION('center_axis',(-0.00121212032159743,-0.999999265381893,
-2.27471389540021E-16));
#5849=DIRECTION('ref_axis',(-2.75722693843386E-19,-2.2747122243542E-16,
1.));
#5850=DIRECTION('',(0.999999265381893,-0.00121212032159743,0.));
#5851=DIRECTION('',(2.25829162733971E-16,2.27197824326297E-16,-1.));
#5852=DIRECTION('',(-0.999999265381893,0.00121212032159743,0.));
#5853=DIRECTION('center_axis',(-0.999999265381893,0.00121212032159743,0.));
#5854=DIRECTION('ref_axis',(0.00121212032159743,0.999999265381893,-1.83697019872103E-16));
#5855=DIRECTION('center_axis',(-0.709239818722463,0.704967289694016,0.));
#5856=DIRECTION('ref_axis',(0.704967289694016,0.709239818722463,0.));
#5857=DIRECTION('center_axis',(-0.999999265381893,0.00121212032159708,0.));
#5858=DIRECTION('ref_axis',(0.,0.,1.));
#5859=DIRECTION('center_axis',(0.709239818722463,-0.704967289694016,0.));
#5860=DIRECTION('ref_axis',(0.704967289694016,0.709239818722463,0.));
#5861=DIRECTION('center_axis',(0.999999265381893,-0.00121212032159708,0.));
#5862=DIRECTION('ref_axis',(0.,0.,1.));
#5863=DIRECTION('center_axis',(0.709239818722463,-0.704967289694016,0.));
#5864=DIRECTION('ref_axis',(0.704967289694016,0.709239818722463,0.));
#5865=DIRECTION('center_axis',(-0.709239818722463,0.704967289694016,0.));
#5866=DIRECTION('ref_axis',(0.704967289694016,0.709239818722463,0.));
#5867=DIRECTION('',(0.,0.,1.));
#5868=DIRECTION('',(0.704967289694016,0.709239818722463,0.));
#5869=DIRECTION('',(0.,0.,-1.));
#5870=DIRECTION('',(-0.704967289694016,-0.709239818722463,0.));
#5871=DIRECTION('',(0.,0.,1.));
#5872=DIRECTION('center_axis',(-0.709239818722463,0.704967289694016,0.));
#5873=DIRECTION('ref_axis',(-0.704967289694016,-0.709239818722463,0.));
#5874=DIRECTION('',(0.704967289694017,0.709239818722463,0.));
#5875=DIRECTION('',(0.,0.,1.));
#5876=DIRECTION('',(0.704967289694016,0.709239818722463,-7.52241485493343E-17));
#5877=DIRECTION('',(0.,0.,1.));
#5878=DIRECTION('',(-0.704967289694016,-0.709239818722463,-7.52241485493343E-17));
#5879=DIRECTION('',(0.,0.,1.));
#5880=DIRECTION('',(-0.704967289694016,-0.709239818722463,0.));
#5881=DIRECTION('center_axis',(0.999999265381893,-0.00121212032159708,0.));
#5882=DIRECTION('ref_axis',(0.,0.,1.));
#5883=DIRECTION('',(0.00101911698721865,0.840771514509451,0.541389159283828));
#5884=DIRECTION('',(0.,0.,1.));
#5885=DIRECTION('',(-0.00101911698721865,-0.840771514509451,0.541389159283828));
#5886=DIRECTION('center_axis',(0.,0.,1.));
#5887=DIRECTION('ref_axis',(1.,0.,0.));
#5888=DIRECTION('',(0.,1.,0.));
#5889=DIRECTION('',(1.,0.,0.));
#5890=DIRECTION('',(0.,1.,0.));
#5891=DIRECTION('center_axis',(-1.,0.,0.));
#5892=DIRECTION('ref_axis',(0.,0.,1.));
#5893=DIRECTION('',(0.,0.,1.));
#5894=DIRECTION('',(0.,1.,0.));
#5895=DIRECTION('center_axis',(0.,0.,-1.));
#5896=DIRECTION('ref_axis',(-1.,0.,0.));
#5897=DIRECTION('',(-1.,0.,0.));
#5898=DIRECTION('',(0.,1.,0.));
#5899=DIRECTION('center_axis',(1.,0.,0.));
#5900=DIRECTION('ref_axis',(0.,0.,-1.));
#5901=DIRECTION('',(0.,0.,-1.));
#5902=DIRECTION('',(0.,1.,0.));
#5903=DIRECTION('center_axis',(0.,0.,1.));
#5904=DIRECTION('ref_axis',(1.,0.,0.));
#5905=DIRECTION('',(1.,0.,0.));
#5906=DIRECTION('',(0.,1.,0.));
#5907=DIRECTION('center_axis',(-0.999070538180341,0.,0.043105217086137));
#5908=DIRECTION('ref_axis',(0.043105217086137,0.,0.999070538180342));
#5909=DIRECTION('',(0.043105217086137,0.,0.999070538180341));
#5910=DIRECTION('',(0.,1.,0.));
#5911=DIRECTION('center_axis',(0.,0.,1.));
#5912=DIRECTION('ref_axis',(1.,0.,0.));
#5913=DIRECTION('',(1.,0.,0.));
#5914=DIRECTION('',(0.,1.,0.));
#5915=DIRECTION('center_axis',(1.,0.,0.));
#5916=DIRECTION('ref_axis',(0.,0.,-1.));
#5917=DIRECTION('',(0.,0.,-1.));
#5918=DIRECTION('center_axis',(0.,1.,0.));
#5919=DIRECTION('ref_axis',(0.,0.,1.));
#5920=DIRECTION('center_axis',(0.,0.,-1.));
#5921=DIRECTION('ref_axis',(-1.,0.,0.));
#5922=DIRECTION('',(0.,1.,0.));
#5923=DIRECTION('',(-1.,0.,0.));
#5924=DIRECTION('',(0.,1.,0.));
#5925=DIRECTION('center_axis',(1.,0.,0.));
#5926=DIRECTION('ref_axis',(0.,0.,-1.));
#5927=DIRECTION('',(0.,0.,-1.));
#5928=DIRECTION('',(0.,1.,0.));
#5929=DIRECTION('center_axis',(-1.9168373740322E-17,0.,1.));
#5930=DIRECTION('ref_axis',(1.,0.,1.9168373740322E-17));
#5931=DIRECTION('',(1.,0.,1.9168373740322E-17));
#5932=DIRECTION('',(0.,1.,0.));
#5933=DIRECTION('center_axis',(-1.,0.,0.));
#5934=DIRECTION('ref_axis',(0.,0.,1.));
#5935=DIRECTION('',(0.,0.,1.));
#5936=DIRECTION('',(0.,1.,0.));
#5937=DIRECTION('center_axis',(0.,0.,-1.));
#5938=DIRECTION('ref_axis',(-1.,0.,0.));
#5939=DIRECTION('',(-1.,0.,0.));
#5940=DIRECTION('',(0.,1.,0.));
#5941=DIRECTION('center_axis',(0.999070538180341,0.,-0.043105217086137));
#5942=DIRECTION('ref_axis',(-0.043105217086137,0.,-0.999070538180342));
#5943=DIRECTION('',(-0.043105217086137,0.,-0.999070538180341));
#5944=DIRECTION('',(0.,1.,0.));
#5945=DIRECTION('center_axis',(-1.00746794822581E-16,0.,-1.));
#5946=DIRECTION('ref_axis',(-1.,0.,1.00746794822581E-16));
#5947=DIRECTION('',(-1.,0.,1.00746794822581E-16));
#5948=DIRECTION('',(0.,1.,0.));
#5949=DIRECTION('center_axis',(-1.,0.,0.));
#5950=DIRECTION('ref_axis',(0.,0.,1.));
#5951=DIRECTION('',(0.,0.,1.));
#5952=DIRECTION('center_axis',(0.,1.,0.));
#5953=DIRECTION('ref_axis',(0.,0.,1.));
#5954=DIRECTION('center_axis',(-1.24708412346139E-16,1.,-3.31409858097057E-16));
#5955=DIRECTION('ref_axis',(0.,3.31409858097057E-16,1.));
#5956=DIRECTION('',(0.,-3.31409858097057E-16,-1.));
#5957=DIRECTION('',(0.,-3.31409858097057E-16,-1.));
#5958=DIRECTION('center_axis',(-1.24708412346139E-16,1.,-3.31409858097057E-16));
#5959=DIRECTION('ref_axis',(0.,3.31409858097057E-16,1.));
#5960=DIRECTION('',(0.,3.31409858097057E-16,1.));
#5961=DIRECTION('',(0.,3.31409858097057E-16,1.));
#5962=DIRECTION('center_axis',(0.,-0.762307116750895,-0.647215466248248));
#5963=DIRECTION('ref_axis',(-1.,0.,0.));
#5964=DIRECTION('',(0.,-0.647215466248248,0.762307116750895));
#5965=DIRECTION('',(0.,0.647215466248248,-0.762307116750895));
#5966=DIRECTION('center_axis',(-1.,0.,0.));
#5967=DIRECTION('ref_axis',(0.,-2.22044604925031E-16,-1.));
#5968=DIRECTION('center_axis',(1.,0.,0.));
#5969=DIRECTION('ref_axis',(0.,2.22044604925031E-16,1.));
#5970=DIRECTION('center_axis',(0.,-0.00796514941123067,0.999968277694276));
#5971=DIRECTION('ref_axis',(1.,0.,0.));
#5972=DIRECTION('',(-0.00245901306649163,-0.999965254412983,-0.0079651253295792));
#5973=DIRECTION('',(0.00134717611466629,-0.999967370280909,-0.00796514218331833));
#5974=DIRECTION('',(0.,0.647215466248241,-0.762307116750901));
#5975=DIRECTION('',(0.,-0.647215466248237,0.762307116750904));
#5976=DIRECTION('center_axis',(2.16748685592664E-15,-1.78478100574738E-16,
-1.));
#5977=DIRECTION('ref_axis',(1.,4.81278762604429E-31,2.16748685592664E-15));
#5978=DIRECTION('',(1.,-1.84024389280879E-15,2.16748685592664E-15));
#5979=DIRECTION('',(0.,-1.,1.78478100574738E-16));
#5980=DIRECTION('',(-1.,-4.81278762604429E-31,-2.16748685592664E-15));
#5981=DIRECTION('',(0.,-1.,1.78478100574738E-16));
#5982=DIRECTION('center_axis',(0.,-0.762307116750895,-0.647215466248248));
#5983=DIRECTION('ref_axis',(-1.,0.,0.));
#5984=DIRECTION('',(0.,0.647215466248248,-0.762307116750895));
#5985=DIRECTION('center_axis',(-1.,0.,0.));
#5986=DIRECTION('ref_axis',(0.,-2.22044604925031E-16,-1.));
#5987=DIRECTION('',(0.,-1.,1.78478100574738E-16));
#5988=DIRECTION('',(0.,-2.22044604925031E-16,-1.));
#5989=DIRECTION('center_axis',(1.,0.,0.));
#5990=DIRECTION('ref_axis',(0.,2.22044604925031E-16,1.));
#5991=DIRECTION('',(0.,-0.647215466248248,0.762307116750895));
#5992=DIRECTION('',(0.,-2.22044604925031E-16,-1.));
#5993=DIRECTION('center_axis',(1.,0.,0.));
#5994=DIRECTION('ref_axis',(0.,2.22044604925031E-16,1.));
#5995=DIRECTION('',(0.,-2.22044604925031E-16,-1.));
#5996=DIRECTION('',(0.,-1.,1.78478100574738E-16));
#5997=DIRECTION('center_axis',(0.,1.78478100574738E-16,1.));
#5998=DIRECTION('ref_axis',(-1.,0.,0.));
#5999=DIRECTION('',(-1.,0.,0.));
#6000=DIRECTION('',(0.,-1.,1.78478100574738E-16));
#6001=DIRECTION('',(0.,-1.,1.78478100574738E-16));
#6002=DIRECTION('',(1.,0.,0.));
#6003=DIRECTION('center_axis',(0.,1.,-2.22044604925031E-16));
#6004=DIRECTION('ref_axis',(-1.,0.,0.));
#6005=DIRECTION('',(0.,-2.22044604925031E-16,-1.));
#6006=DIRECTION('',(-1.,-2.38681996928731E-31,-1.07492815242828E-15));
#6007=DIRECTION('',(0.,-2.22044604925031E-16,-1.));
#6008=DIRECTION('center_axis',(-1.,0.,0.));
#6009=DIRECTION('ref_axis',(0.,-2.22044604925031E-16,-1.));
#6010=DIRECTION('',(0.,-1.,1.78478100574738E-16));
#6011=DIRECTION('center_axis',(-1.,0.,0.));
#6012=DIRECTION('ref_axis',(0.,-2.22044604925031E-16,-1.));
#6013=DIRECTION('',(0.,-1.,1.78478100574738E-16));
#6014=DIRECTION('center_axis',(-1.07492815242828E-15,1.78478100574738E-16,
1.));
#6015=DIRECTION('ref_axis',(-1.,-2.38681996928731E-31,-1.07492815242828E-15));
#6016=DIRECTION('center_axis',(0.,-0.762307116750895,-0.647215466248248));
#6017=DIRECTION('ref_axis',(-1.,0.,0.));
#6018=DIRECTION('center_axis',(0.,1.78478100574738E-16,1.));
#6019=DIRECTION('ref_axis',(-1.,0.,0.));
#6020=DIRECTION('',(0.,-1.,1.78478100574738E-16));
#6021=DIRECTION('',(1.,0.,0.));
#6022=DIRECTION('',(0.,-1.,1.78478100574738E-16));
#6023=DIRECTION('center_axis',(1.,0.,0.));
#6024=DIRECTION('ref_axis',(0.,2.22044604925031E-16,1.));
#6025=DIRECTION('',(0.,-2.22044604925031E-16,-1.));
#6026=DIRECTION('center_axis',(1.,0.,0.));
#6027=DIRECTION('ref_axis',(0.,2.22044604925031E-16,1.));
#6028=DIRECTION('',(0.,-1.,1.78478100574738E-16));
#6029=DIRECTION('',(0.,-2.22044604925031E-16,-1.));
#6030=DIRECTION('center_axis',(0.0138481795477697,-1.78460986196179E-16,
-0.999904109364099));
#6031=DIRECTION('ref_axis',(0.999904109364099,3.07491355661542E-18,0.0138481795477697));
#6032=DIRECTION('',(-0.999904109364099,-3.07491355661542E-18,-0.0138481795477697));
#6033=DIRECTION('center_axis',(0.,1.,-2.22044604925031E-16));
#6034=DIRECTION('ref_axis',(-1.,0.,0.));
#6035=DIRECTION('',(0.,-2.22044604925031E-16,-1.));
#6036=DIRECTION('center_axis',(-1.,0.,0.));
#6037=DIRECTION('ref_axis',(0.,-2.22044604925031E-16,-1.));
#6038=DIRECTION('center_axis',(0.,1.,0.));
#6039=DIRECTION('ref_axis',(0.,0.,1.));
#6040=DIRECTION('',(0.,0.,1.));
#6041=DIRECTION('center_axis',(-1.,0.,0.));
#6042=DIRECTION('ref_axis',(0.,-1.,0.));
#6043=DIRECTION('',(0.,0.,1.));
#6044=DIRECTION('center_axis',(1.,0.,0.));
#6045=DIRECTION('ref_axis',(0.,1.,0.));
#6046=DIRECTION('',(0.,0.,1.));
#6047=DIRECTION('center_axis',(0.,-1.,0.));
#6048=DIRECTION('ref_axis',(1.,0.,0.));
#6049=DIRECTION('center_axis',(0.,1.,0.));
#6050=DIRECTION('ref_axis',(0.,0.,1.));
#6051=DIRECTION('center_axis',(1.,0.,0.));
#6052=DIRECTION('ref_axis',(0.,0.707106781186546,0.707106781186549));
#6053=DIRECTION('',(1.,0.,0.));
#6054=DIRECTION('center_axis',(1.,0.,0.));
#6055=DIRECTION('ref_axis',(0.,0.707106781186546,0.707106781186549));
#6056=DIRECTION('',(-1.,0.,0.));
#6057=DIRECTION('center_axis',(0.,1.,0.));
#6058=DIRECTION('ref_axis',(0.,0.,1.));
#6059=DIRECTION('',(-1.,0.,0.));
#6060=DIRECTION('',(0.,0.,-1.));
#6061=DIRECTION('center_axis',(-1.,0.,0.));
#6062=DIRECTION('ref_axis',(0.,-0.707106781186549,0.707106781186546));
#6063=DIRECTION('center_axis',(1.,0.,0.));
#6064=DIRECTION('ref_axis',(0.,-0.707106781186549,0.707106781186546));
#6065=DIRECTION('',(-1.,0.,0.));
#6066=DIRECTION('',(1.,0.,0.));
#6067=DIRECTION('center_axis',(0.,-1.,0.));
#6068=DIRECTION('ref_axis',(0.,0.,-1.));
#6069=DIRECTION('',(0.,0.,1.));
#6070=DIRECTION('',(1.,0.,0.));
#6071=DIRECTION('center_axis',(1.,0.,0.));
#6072=DIRECTION('ref_axis',(0.,-0.707106781186547,-0.707106781186547));
#6073=DIRECTION('center_axis',(1.,0.,0.));
#6074=DIRECTION('ref_axis',(0.,-0.707106781186547,-0.707106781186547));
#6075=DIRECTION('',(-1.,0.,0.));
#6076=DIRECTION('center_axis',(-1.,0.,0.));
#6077=DIRECTION('ref_axis',(0.,0.707106781186547,-0.707106781186547));
#6078=DIRECTION('center_axis',(1.,0.,0.));
#6079=DIRECTION('ref_axis',(0.,0.707106781186547,-0.707106781186547));
#6080=DIRECTION('',(1.,0.,0.));
#6081=DIRECTION('center_axis',(0.,0.,1.));
#6082=DIRECTION('ref_axis',(0.,1.,0.));
#6083=DIRECTION('',(0.,1.,0.));
#6084=DIRECTION('center_axis',(0.,0.,-1.));
#6085=DIRECTION('ref_axis',(0.,-1.,0.));
#6086=DIRECTION('',(0.,-1.,0.));
#6087=DIRECTION('center_axis',(-1.51237226120663E-15,1.,1.32226802362922E-30));
#6088=DIRECTION('ref_axis',(0.,1.32226802362922E-30,-1.));
#6089=DIRECTION('center_axis',(0.,1.,0.));
#6090=DIRECTION('ref_axis',(0.,0.,-1.));
#6091=DIRECTION('',(-1.51237226120663E-15,1.,1.32226802362922E-30));
#6092=DIRECTION('center_axis',(-1.51237226120663E-15,1.,1.32226802362922E-30));
#6093=DIRECTION('ref_axis',(0.,1.32226802362922E-30,-1.));
#6094=DIRECTION('center_axis',(0.,1.,0.));
#6095=DIRECTION('ref_axis',(0.,0.,-1.));
#6096=DIRECTION('',(-1.51237226120663E-15,1.,1.32226802362922E-30));
#6097=DIRECTION('center_axis',(-1.51237226120663E-15,1.,1.32226802362922E-30));
#6098=DIRECTION('ref_axis',(0.,1.32226802362922E-30,-1.));
#6099=DIRECTION('center_axis',(0.,1.,0.));
#6100=DIRECTION('ref_axis',(0.,0.,-1.));
#6101=DIRECTION('',(-1.51237226120663E-15,1.,1.32226802362922E-30));
#6102=DIRECTION('center_axis',(0.,-1.,0.));
#6103=DIRECTION('ref_axis',(0.,0.,1.));
#6104=DIRECTION('',(0.,-1.,0.));
#6105=DIRECTION('center_axis',(0.,1.,0.));
#6106=DIRECTION('ref_axis',(0.,0.,1.));
#6107=DIRECTION('center_axis',(1.,0.,0.));
#6108=DIRECTION('ref_axis',(0.,0.,-1.));
#6109=DIRECTION('',(0.,-0.647215466248248,-0.762307116750895));
#6110=DIRECTION('',(0.,0.,-1.));
#6111=DIRECTION('center_axis',(-0.487068314529221,-0.873363874328257,0.));
#6112=DIRECTION('ref_axis',(0.873363874328257,-0.487068314529221,0.));
#6113=DIRECTION('',(0.,0.,-1.));
#6114=DIRECTION('center_axis',(0.999999265381893,-0.00121212032159708,0.));
#6115=DIRECTION('ref_axis',(0.,0.,1.));
#6116=DIRECTION('',(0.00101911698721865,0.840771514509451,0.541389159283828));
#6117=DIRECTION('center_axis',(-0.478639564137166,0.47575619326887,0.737943231020447));
#6118=DIRECTION('ref_axis',(0.838974946115316,1.38777878078145E-16,0.54417004676002));
#6119=DIRECTION('',(0.112646163305547,-0.800250917408575,0.588990077233288));
#6120=DIRECTION('center_axis',(-0.478639564137166,0.47575619326887,-0.737943231020447));
#6121=DIRECTION('ref_axis',(-0.838974946115316,-1.38777878078145E-16,0.54417004676002));
#6122=DIRECTION('',(-0.112646163305547,0.800250917408575,0.588990077233288));
#6123=DIRECTION('center_axis',(-0.990237649886131,-0.139389371000774,0.));
#6124=DIRECTION('ref_axis',(0.,0.,1.));
#6125=DIRECTION('',(-0.109007035654797,0.774398148387226,-0.623237494019888));
#6126=DIRECTION('',(0.109007035654797,-0.774398148387225,-0.623237494019889));
#6127=DIRECTION('center_axis',(-0.501508285306172,0.498487151057341,-0.707106781186547));
#6128=DIRECTION('ref_axis',(-0.81567557605464,-2.22044604925031E-16,0.578509597697334));
#6129=DIRECTION('center_axis',(-0.501508285306172,0.49848715105734,0.707106781186547));
#6130=DIRECTION('ref_axis',(0.81567557605464,2.77555756156289E-16,0.578509597697334));
#6131=DIRECTION('center_axis',(-0.487068314529221,-0.873363874328257,0.));
#6132=DIRECTION('ref_axis',(0.873363874328257,-0.487068314529221,0.));
#6133=DIRECTION('',(0.,0.,1.));
#6134=DIRECTION('',(0.,0.,1.));
#6135=DIRECTION('',(0.757555848749651,-0.422483069494998,-0.49761148702103));
#6136=DIRECTION('center_axis',(-0.478639564137166,0.47575619326887,0.737943231020447));
#6137=DIRECTION('ref_axis',(0.838974946115316,1.38777878078145E-16,0.54417004676002));
#6138=DIRECTION('',(-0.112646163305547,0.800250917408575,-0.588990077233288));
#6139=DIRECTION('',(-0.704967289694016,-0.709239818722463,0.));
#6140=DIRECTION('center_axis',(-0.478639564137166,0.47575619326887,-0.737943231020447));
#6141=DIRECTION('ref_axis',(-0.838974946115316,-1.38777878078145E-16,0.54417004676002));
#6142=DIRECTION('',(0.112646163305547,-0.800250917408575,-0.588990077233288));
#6143=DIRECTION('',(0.704967289694016,0.709239818722463,0.));
#6144=DIRECTION('center_axis',(-0.709239818722463,0.704967289694016,0.));
#6145=DIRECTION('ref_axis',(-0.704967289694016,-0.709239818722463,0.));
#6146=DIRECTION('',(0.,0.,-1.));
#6147=DIRECTION('',(0.,0.,-1.));
#6148=DIRECTION('center_axis',(-0.990237649886131,-0.139389371000774,0.));
#6149=DIRECTION('ref_axis',(0.,0.,1.));
#6150=DIRECTION('',(-0.0907286035422459,0.644546126466308,0.759163099311704));
#6151=DIRECTION('center_axis',(0.,-1.,0.));
#6152=DIRECTION('ref_axis',(1.,0.,0.));
#6153=DIRECTION('',(1.,0.,0.));
#6154=DIRECTION('center_axis',(0.,-0.762307116750895,0.647215466248248));
#6155=DIRECTION('ref_axis',(1.,0.,0.));
#6156=CARTESIAN_POINT('',(0.,0.,0.));
#6157=CARTESIAN_POINT('Origin',(85.0325882597428,21.6048655889832,13.5682246312276));
#6158=CARTESIAN_POINT('',(-18.3813342255402,21.7302157981209,-29.865));
#6159=CARTESIAN_POINT('',(-17.5518871606618,21.7292104077386,-29.865));
#6160=CARTESIAN_POINT('',(55.1511069697815,21.6410855663149,-29.865));
#6161=CARTESIAN_POINT('',(-17.5518871606618,21.7292104077389,-28.9569198897333));
#6162=CARTESIAN_POINT('',(-17.5518871606621,21.7292104077442,-8.64838768438751));
#6163=CARTESIAN_POINT('',(-18.5625167583915,21.7304354133124,-29.7363433117186));
#6164=CARTESIAN_POINT('Origin',(-19.5333813284067,21.7316122187332,-27.4325593370763));
#6165=CARTESIAN_POINT('',(7.80843011980166,21.6984706291933,-48.4622030223742));
#6166=CARTESIAN_POINT('Origin',(85.0325882597428,21.6048655889832,13.5682246312276));
#6167=CARTESIAN_POINT('',(-23.113850867872,21.7359521819343,-26.0011540344234));
#6168=CARTESIAN_POINT('',(-23.113850867872,21.7359521819342,-26.5044667915421));
#6169=CARTESIAN_POINT('',(-23.113850867872,21.7359521819396,-5.71646470159802));
#6170=CARTESIAN_POINT('',(-22.0284236090253,21.7346365125285,-27.275222527738));
#6171=CARTESIAN_POINT('',(7.80843011980166,21.6984706291933,-48.4622030223742));
#6172=CARTESIAN_POINT('',(-21.5830331737603,21.7340966453342,-26.0011540344234));
#6173=CARTESIAN_POINT('Origin',(-19.5333813284067,21.7316122187332,-27.4325593370763));
#6174=CARTESIAN_POINT('',(34.240350182231,21.666431938195,-26.0011540344234));
#6175=CARTESIAN_POINT('Origin',(-10.8111476757299,32.0210259158756,-27.9793932188134));
#6176=CARTESIAN_POINT('',(-23.115972938908,19.9852435771526,-27.737154034422));
#6177=CARTESIAN_POINT('',(-22.0155330473845,21.092352801343,-27.7371540344284));
#6178=CARTESIAN_POINT('',(-16.6104079341901,26.5302362485361,-27.737154034443));
#6179=CARTESIAN_POINT('Origin',(-19.5306021757962,24.0244131231084,-27.4325593370773));
#6180=CARTESIAN_POINT('',(-23.1092662294899,25.5182788473998,-23.8413018215464));
#6181=CARTESIAN_POINT('Origin',(-19.5428855638461,13.8906179789232,-27.4325593370732));
#6182=CARTESIAN_POINT('',(-22.0361811926768,4.05763292973295,-27.7371540344256));
#6183=CARTESIAN_POINT('',(-22.0242587771968,13.8936257040293,-27.7371540344256));
#6184=CARTESIAN_POINT('',(-21.6044598246852,4.05710963110592,-26.0011540344234));
#6185=CARTESIAN_POINT('Origin',(-19.5548079793266,4.05462520462687,-27.4325593370693));
#6186=CARTESIAN_POINT('',(-21.592537409202,13.8931024054022,-26.0011540344234));
#6187=CARTESIAN_POINT('Origin',(-23.1126448081521,22.7309514509137,-25.0011540344239));
#6188=CARTESIAN_POINT('',(-23.1394009839797,0.657106391779085,-26.0011540344234));
#6189=CARTESIAN_POINT('',(-23.1126448081521,22.7309514509142,-26.0011540344234));
#6190=CARTESIAN_POINT('',(-23.137614435997,2.13100847758797,-27.737154034422));
#6191=CARTESIAN_POINT('',(-23.1343003938286,4.8650932667399,-30.9574298177753));
#6192=CARTESIAN_POINT('',(-23.1126448081521,22.7309514509137,-27.737154034422));
#6193=CARTESIAN_POINT('Origin',(-16.55068183556,22.7229975564029,-26.0011540344234));
#6194=CARTESIAN_POINT('',(-19.6904306571712,0.657106391779081,-26.0011540344234));
#6195=CARTESIAN_POINT('',(-9.14593964380164,0.657106391779079,-26.0011540344234));
#6196=CARTESIAN_POINT('',(-19.6863122593387,4.05478460375468,-26.0011540344234));
#6197=CARTESIAN_POINT('',(-18.0640612627631,4.05281823891093,-26.0011540344234));
#6198=CARTESIAN_POINT('',(-19.6636795486938,22.7267708869636,-26.0011540344234));
#6199=CARTESIAN_POINT('Origin',(-24.1126440735308,22.7321635712353,-27.7371540344188));
#6200=CARTESIAN_POINT('',(-19.3116438322372,2.13100847759844,-27.7371540344344));
#6201=CARTESIAN_POINT('',(-12.9269207627648,2.13100847761591,-27.7371540344549));
#6202=CARTESIAN_POINT('',(-19.3093125362897,4.05432763439286,-27.7371540344344));
#6203=CARTESIAN_POINT('',(-19.2866798256448,22.7263139176023,-27.7371540344344));
#6204=CARTESIAN_POINT('',(-21.845042381749,4.05740124632583,-27.7371540344262));
#6205=CARTESIAN_POINT('Origin',(-19.6636795486938,22.7267708869636,-28.1141540344234));
#6206=CARTESIAN_POINT('',(-17.5752545796562,2.45108974852057,-28.1141540344143));
#6207=CARTESIAN_POINT('Origin',(-19.6882561318904,2.45108974852824,-28.1141540344234));
#6208=CARTESIAN_POINT('',(-17.5733138116006,4.05222339351491,-28.114154034415));
#6209=CARTESIAN_POINT('Origin',(-19.6863122593387,4.05478460375414,-28.1141540344234));
#6210=CARTESIAN_POINT('',(-17.5506811009419,22.7242096767263,-28.1141540344233));
#6211=CARTESIAN_POINT('Origin',(-19.5548079793266,4.05462520462687,-27.4325593370693));
#6212=CARTESIAN_POINT('',(-18.9775455331858,4.05392549257018,-29.865));
#6213=CARTESIAN_POINT('',(-19.3093125362897,4.05432763439201,-29.865));
#6214=CARTESIAN_POINT('',(2.84669552478103,4.02747186705321,-29.865));
#6215=CARTESIAN_POINT('',(-17.5733138115868,4.05222339351456,-28.9569198897328));
#6216=CARTESIAN_POINT('Origin',(-19.5548079793266,4.05462520462687,-27.4325593370693));
#6217=CARTESIAN_POINT('',(-17.5733138115868,4.05222339351448,-29.1487796685315));
#6218=CARTESIAN_POINT('',(-19.3093125362897,4.05432763439271,-28.0848566857426));
#6219=CARTESIAN_POINT('Origin',(-19.2866798256448,22.7263139176028,-28.7371540344234));
#6220=CARTESIAN_POINT('',(-19.3094540287134,3.93759638481595,-29.865));
#6221=CARTESIAN_POINT('',(-19.2937020180864,16.9330051529092,-29.865));
#6222=CARTESIAN_POINT('',(-19.3072150203979,5.78477824525957,-32.0406585736615));
#6223=CARTESIAN_POINT('Origin',(-1.74119745204332,0.309118193651319,-25.5912845337518));
#6224=CARTESIAN_POINT('',(-17.5734527534155,3.93759638481595,-29.865));
#6225=CARTESIAN_POINT('',(-17.5705785531994,6.30881156315092,-32.6578785698999));
#6226=CARTESIAN_POINT('',(11.7577949513025,3.93759638481595,-29.865));
#6227=CARTESIAN_POINT('Origin',(-17.5506811009419,22.7242096767235,-30.865000000001));
#6228=CARTESIAN_POINT('',(-17.5577032933835,16.9309009120304,-29.865));
#6229=CARTESIAN_POINT('',(-17.5613913961035,13.8882161678109,-28.9569198897331));
#6230=CARTESIAN_POINT('Origin',(-19.5428855638461,13.8906179789232,-27.4325593370732));
#6231=CARTESIAN_POINT('',(-18.9568215147214,21.1512407071872,-29.865));
#6232=CARTESIAN_POINT('',(-18.9656231176889,13.8899182668665,-29.865));
#6233=CARTESIAN_POINT('Origin',(-19.5306021757962,24.0244131231084,-27.4325593370773));
#6234=CARTESIAN_POINT('Origin',(-10.8111476757299,32.0210259158756,-27.9793932188134));
#6235=CARTESIAN_POINT('',(-5.74503841181517,34.4430952228382,-29.865));
#6236=CARTESIAN_POINT('Origin',(25.2567873546483,11.0856872832915,-29.865));
#6237=CARTESIAN_POINT('Origin',(85.0325882597428,21.6048655889832,13.5682246312276));
#6238=CARTESIAN_POINT('',(87.2948563025375,21.6021234458987,11.0310378886122));
#6239=CARTESIAN_POINT('',(87.2948563025375,21.602123445899,12.1757864376269));
#6240=CARTESIAN_POINT('',(87.2948563025375,21.6021234458976,6.78411231561037));
#6241=CARTESIAN_POINT('',(86.3083010430111,21.603319270457,13.1623416971532));
#6242=CARTESIAN_POINT('',(85.4764071226937,21.6043276267249,13.9942356174707));
#6243=CARTESIAN_POINT('',(86.220253342403,21.6034259950267,11.6572148309638));
#6244=CARTESIAN_POINT('Origin',(83.8847131448,21.6062569527595,12.5489795939327));
#6245=CARTESIAN_POINT('',(86.2202532756729,21.603425995023,11.3141839242245));
#6246=CARTESIAN_POINT('',(86.2202532713233,21.603425995023,-8.64838768496499));
#6247=CARTESIAN_POINT('',(86.1149921333064,21.6035535840367,11.4194449687729));
#6248=CARTESIAN_POINT('',(83.4619725233531,21.6067693656347,14.0724646765443));
#6249=CARTESIAN_POINT('',(85.8711288067048,21.6038491761977,11.0310378886122));
#6250=CARTESIAN_POINT('Origin',(83.8847131448,21.6062569527595,12.5489795939327));
#6251=CARTESIAN_POINT('',(83.5507817789035,21.6066617180513,11.0310378886122));
#6252=CARTESIAN_POINT('Origin',(82.0958563025375,22.6034259950307,14.817));
#6253=CARTESIAN_POINT('',(82.3516947674055,21.608115156855,14.8170000000004));
#6254=CARTESIAN_POINT('',(82.351689083573,21.603425995023,14.8170000000004));
#6255=CARTESIAN_POINT('',(82.3529008271255,22.6031144259069,14.817));
#6256=CARTESIAN_POINT('',(82.717437199897,21.6076718326942,14.8170000000004));
#6257=CARTESIAN_POINT('',(83.5636192512797,21.6066461574797,14.8170000000004));
#6258=CARTESIAN_POINT('',(82.7174320534271,21.603425995023,14.8170000000004));
#6259=CARTESIAN_POINT('',(82.7186432596177,22.602671101749,14.817));
#6260=CARTESIAN_POINT('',(82.0958563025375,21.603425995023,14.8170000000004));
#6261=CARTESIAN_POINT('Origin',(82.425750300531,22.6030261235178,15.1098929590867));
#6262=CARTESIAN_POINT('',(82.7551723227862,21.6034259947923,14.77926000061));
#6263=CARTESIAN_POINT('',(82.7551777974067,21.6076260865153,14.7792594024907));
#6264=CARTESIAN_POINT('',(82.74567356196,13.766631846656,14.7792594024935));
#6265=CARTESIAN_POINT('',(93.8363941022491,21.603425995023,3.69805428755417));
#6266=CARTESIAN_POINT('',(83.4619725233531,21.6067693656347,14.0724646765443));
#6267=CARTESIAN_POINT('Origin',(85.0325882597428,21.6048655889832,13.5682246312276));
#6268=CARTESIAN_POINT('',(82.3502352308101,21.6081169259902,14.5226497973803));
#6269=CARTESIAN_POINT('',(82.3535870542677,21.6081128631741,15.198624567063));
#6270=CARTESIAN_POINT('Origin',(83.8847131448,21.6062569527595,12.5489795939327));
#6271=CARTESIAN_POINT('Origin',(82.3628113930493,22.6031024130974,16.8157008870242));
#6272=CARTESIAN_POINT('',(82.3112831377523,0.541392953813793,11.8168637541926));
#6273=CARTESIAN_POINT('',(82.3352344678495,3.93759638481594,15.817));
#6274=CARTESIAN_POINT('',(82.3508718090955,6.15490923448366,18.4286084264225));
#6275=CARTESIAN_POINT('',(82.3073909334858,0.541392953812286,11.0319099583803));
#6276=CARTESIAN_POINT('',(82.3208188643116,0.541392953813793,13.7399665595011));
#6277=CARTESIAN_POINT('',(82.3114997332954,3.93115089225379,11.031909985107));
#6278=CARTESIAN_POINT('',(82.3271439396491,16.8376211348722,11.031909985107));
#6279=CARTESIAN_POINT('',(82.3288085798853,3.93112991183459,14.5226497973962));
#6280=CARTESIAN_POINT('',(82.3296193893423,3.93112892903529,14.6861687723309));
#6281=CARTESIAN_POINT('',(82.3407309953685,13.7671226861309,14.5226497973873));
#6282=CARTESIAN_POINT('',(82.3566475946484,21.603425995023,15.817));
#6283=CARTESIAN_POINT('',(82.2433866768266,21.603425995023,-7.02471923759632));
#6284=CARTESIAN_POINT('',(82.3508371384741,16.8097996509062,15.817));
#6285=CARTESIAN_POINT('Origin',(25.2567873546483,11.0856872832915,15.817));
#6286=CARTESIAN_POINT('',(83.6536427401644,21.603425995023,15.817));
#6287=CARTESIAN_POINT('',(53.6763218285929,21.603425995023,15.817));
#6288=CARTESIAN_POINT('',(83.6536427401644,3.93759638481594,15.817));
#6289=CARTESIAN_POINT('',(83.6536427401644,7.21896823169374,15.817));
#6290=CARTESIAN_POINT('',(11.7577949513025,3.93759638481594,15.817));
#6291=CARTESIAN_POINT('Origin',(82.0958563025375,21.603425995023,-30.865));
#6292=CARTESIAN_POINT('',(84.4980738173221,21.603425995023,14.9725695676117));
#6293=CARTESIAN_POINT('Origin',(83.8847097133361,21.603425995023,12.5489795939327));
#6294=CARTESIAN_POINT('',(95.8449995213509,21.603425995023,3.62564321881347));
#6295=CARTESIAN_POINT('Origin',(83.875208909352,13.7652627129002,12.5489795939347));
#6296=CARTESIAN_POINT('',(84.5055798093436,3.92849140125195,14.9650629308207));
#6297=CARTESIAN_POINT('Origin',(83.8632864938607,3.92926993860388,12.5489795939373));
#6298=CARTESIAN_POINT('Ctrl Pts',(84.498073874363,21.603425995023,14.9725688658014));
#6299=CARTESIAN_POINT('Ctrl Pts',(84.5017403742148,12.6761150150307,14.9689023659495));
#6300=CARTESIAN_POINT('Ctrl Pts',(84.5055798093436,3.92849140125195,14.9650629308207));
#6301=CARTESIAN_POINT('Origin',(83.8632864938608,3.92926993860388,12.5489795939373));
#6302=CARTESIAN_POINT('',(86.2793675840044,3.9263413554627,13.1912751561599));
#6303=CARTESIAN_POINT('',(85.4335358719379,3.92736660602363,14.0371068682264));
#6304=CARTESIAN_POINT('',(82.3229800608727,3.93113697670521,11.0310378886122));
#6305=CARTESIAN_POINT('Origin',(82.3229800608727,3.93113697670435,11.1070378886122));
#6306=CARTESIAN_POINT('',(85.849702155762,3.92686216204213,11.0310378886122));
#6307=CARTESIAN_POINT('',(82.9554175704929,3.93037038578399,11.0310378886122));
#6308=CARTESIAN_POINT('Origin',(83.8632864938607,3.92926993860388,12.5489795939373));
#6309=CARTESIAN_POINT('Origin',(82.3386242672264,16.8376072193237,11.1070378886122));
#6310=CARTESIAN_POINT('',(82.3188712802391,0.541392953813793,11.0310378700019));
#6311=CARTESIAN_POINT('Origin',(82.3188712802391,0.541392953813793,11.1070378886122));
#6312=CARTESIAN_POINT('',(82.3386242672264,16.8376072193237,11.0310378886122));
#6313=CARTESIAN_POINT('Origin',(87.3598563025375,0.541392953813792,10.6390378886122));
#6314=CARTESIAN_POINT('',(87.2948563025375,0.541392953813791,11.8168637541926));
#6315=CARTESIAN_POINT('',(42.8093294252471,0.541392953813792,11.8168637541926));
#6316=CARTESIAN_POINT('',(87.2948563025375,0.541392953813793,11.0310378886122));
#6317=CARTESIAN_POINT('',(87.2948563025375,0.541392953813792,5.31951894430608));
#6318=CARTESIAN_POINT('',(84.7150188301612,0.541392953813793,11.0310378886122));
#6319=CARTESIAN_POINT('Origin',(-1.74119745204332,0.309118193651319,11.5432845337518));
#6320=CARTESIAN_POINT('',(87.2948563025375,0.846126186393478,12.1757864376269));
#6321=CARTESIAN_POINT('',(70.0728499670124,15.4679873959346,29.3977927731519));
#6322=CARTESIAN_POINT('',(87.2948563025375,-3.52083345391152,7.0322684193298));
#6323=CARTESIAN_POINT('Origin',(85.4742495213509,3.35224918009597,13.9963932188135));
#6324=CARTESIAN_POINT('',(87.2948563025375,-0.514469871501806,12.1757864376269));
#6325=CARTESIAN_POINT('Ctrl Pts',(86.2793675840044,3.9263413554627,13.1912751561599));
#6326=CARTESIAN_POINT('Ctrl Pts',(86.2938118776766,12.6749675324529,13.1768308624877));
#6327=CARTESIAN_POINT('Ctrl Pts',(86.3083010430111,21.603319270457,13.1623416971532));
#6328=CARTESIAN_POINT('Origin',(82.0958563025375,21.603425995023,-30.865));
#6329=CARTESIAN_POINT('Origin',(83.8847097133361,21.603425995023,12.5489795939327));
#6330=CARTESIAN_POINT('Origin',(83.875208909352,13.7652627129002,12.5489795939347));
#6331=CARTESIAN_POINT('',(85.8616245712552,13.7628549363384,11.0310378886122));
#6332=CARTESIAN_POINT('Origin',(82.070181357785,22.6034571161762,11.0310378886122));
#6333=CARTESIAN_POINT('',(87.2948563025375,9.1111340965383,11.0310378886122));
#6334=CARTESIAN_POINT('Origin',(87.2948563025375,-4.38118892309958,0.));
#6335=CARTESIAN_POINT('Origin',(82.0958563025375,21.603425995023,-30.865));
#6336=CARTESIAN_POINT('',(82.3420180170721,21.6034259949084,-28.8778089073554));
#6337=CARTESIAN_POINT('',(82.3420182039059,21.603425995023,-29.865));
#6338=CARTESIAN_POINT('',(82.3420182039059,21.603425995023,-27.5985767477663));
#6339=CARTESIAN_POINT('',(83.6536427401644,21.603425995023,-29.865));
#6340=CARTESIAN_POINT('',(53.6763218285929,21.603425995023,-29.865));
#6341=CARTESIAN_POINT('',(84.4121811584936,21.603425995023,-29.1064622367043));
#6342=CARTESIAN_POINT('',(83.9244995213509,21.603425995023,-29.5941432188135));
#6343=CARTESIAN_POINT('Origin',(83.6266155873461,21.603425995023,-26.7330910605016));
#6344=CARTESIAN_POINT('Origin',(88.2948563025415,22.5959120556372,-25.3321534955326));
#6345=CARTESIAN_POINT('',(87.2948563025375,0.0891102571712621,-25.3321534955326));
#6346=CARTESIAN_POINT('',(87.2948563025375,21.6021234458984,-25.3321534955326));
#6347=CARTESIAN_POINT('',(87.2948563025375,9.10736156626883,-25.3321534955326));
#6348=CARTESIAN_POINT('',(82.3919403012685,0.0891102571712432,-25.3321534955325));
#6349=CARTESIAN_POINT('',(43.2768294252492,0.0891102571710944,-25.3321534955324));
#6350=CARTESIAN_POINT('',(82.3965971951914,3.93104774380392,-25.3321534955325));
#6351=CARTESIAN_POINT('',(82.4192299058363,22.6030340270229,-25.3321534955325));
#6352=CARTESIAN_POINT('',(85.6757887095721,3.92707296621234,-25.3321534955326));
#6353=CARTESIAN_POINT('',(85.938708169499,3.92675427595801,-25.3321534955326));
#6354=CARTESIAN_POINT('',(85.697215360505,21.6040599803728,-25.3321534955326));
#6355=CARTESIAN_POINT('',(85.6877111250598,13.7630657405086,-25.3321534955326));
#6356=CARTESIAN_POINT('',(86.3553624166788,21.6032622263656,-25.3321534955326));
#6357=CARTESIAN_POINT('Origin',(87.2948563025375,-4.38118892309958,0.));
#6358=CARTESIAN_POINT('',(87.2948563025375,21.6021234458995,-26.2237864376269));
#6359=CARTESIAN_POINT('',(87.2948563025375,21.6021234458834,-13.5989068020836));
#6360=CARTESIAN_POINT('',(87.2948563025375,0.846126186393483,-26.2237864376269));
#6361=CARTESIAN_POINT('',(87.2948563025375,-0.514469871501806,-26.2237864376269));
#6362=CARTESIAN_POINT('',(87.2948563025375,-6.98631319280135,-16.9985367462204));
#6363=CARTESIAN_POINT('Origin',(84.4170745905357,21.6056116661563,-27.1978136042005));
#6364=CARTESIAN_POINT('',(85.8966659951007,21.6034259951772,-25.6857707293734));
#6365=CARTESIAN_POINT('Origin',(83.6266193980111,21.6065697936614,-26.7330910605016));
#6366=CARTESIAN_POINT('',(86.2202532742941,21.603425995023,-25.3621839256056));
#6367=CARTESIAN_POINT('',(84.0293956548779,21.603425995023,-27.5530383261356));
#6368=CARTESIAN_POINT('',(86.2202532763388,21.603425995023,-27.2983894638255));
#6369=CARTESIAN_POINT('',(86.2202532781689,21.603425995023,-29.0314067989704));
#6370=CARTESIAN_POINT('',(85.4271312722627,21.6043873550286,-28.0915114679017));
#6371=CARTESIAN_POINT('Origin',(82.0958563025375,21.603425995023,-30.865));
#6372=CARTESIAN_POINT('',(85.9999885006792,21.603425995023,-27.5186543130096));
#6373=CARTESIAN_POINT('Origin',(83.6266155873461,21.603425995023,-26.7330910605016));
#6374=CARTESIAN_POINT('',(83.9244995213509,21.603425995023,-29.5941432188135));
#6375=CARTESIAN_POINT('Origin',(83.6171151625727,13.7655755537973,-26.7330910605116));
#6376=CARTESIAN_POINT('',(85.9675931436593,3.92671926387098,-27.551049596505));
#6377=CARTESIAN_POINT('Origin',(83.6051927470935,3.92958277950097,-26.7330910605242));
#6378=CARTESIAN_POINT('Ctrl Pts',(85.9999884320745,21.603425995023,-27.5186543080899));
#6379=CARTESIAN_POINT('Ctrl Pts',(85.9837532703055,12.6427101218591,-27.5348894698589));
#6380=CARTESIAN_POINT('Ctrl Pts',(85.9675931436593,3.92671926387098,-27.551049596505));
#6381=CARTESIAN_POINT('Origin',(83.6051927470935,3.92958277950097,-26.7330910605242));
#6382=CARTESIAN_POINT('',(84.4231489467242,3.92859131744424,-29.0954937934401));
#6383=CARTESIAN_POINT('',(85.3349845461968,3.92748606217143,-28.1836581939676));
#6384=CARTESIAN_POINT('',(82.3205972510223,3.93113986494843,-25.4081534955325));
#6385=CARTESIAN_POINT('Origin',(82.3965971951914,3.93104774380622,-25.4081534955325));
#6386=CARTESIAN_POINT('',(82.3205972510223,3.93113986495287,-28.8778082882628));
#6387=CARTESIAN_POINT('',(82.3205972510223,3.93113986494859,-25.5326222780403));
#6388=CARTESIAN_POINT('Origin',(83.6051927470935,3.92958277950097,-26.7330910605242));
#6389=CARTESIAN_POINT('Origin',(82.4192299058363,22.6030340270229,-25.4081534955325));
#6390=CARTESIAN_POINT('',(82.3160184583676,0.153635924522373,-25.4081534955325));
#6391=CARTESIAN_POINT('Origin',(82.3920185141986,0.153635924522373,-25.4081534955325));
#6392=CARTESIAN_POINT('',(82.3432299616672,22.6031261481673,-25.4081534955325));
#6393=CARTESIAN_POINT('Origin',(-1.74119745204332,0.309118193651319,-25.5912845337518));
#6394=CARTESIAN_POINT('',(82.320605077107,3.93759638481595,-29.865));
#6395=CARTESIAN_POINT('',(82.321464371344,4.64651413038671,-30.6999816573022));
#6396=CARTESIAN_POINT('',(83.6536427401644,3.93759638481594,-29.865));
#6397=CARTESIAN_POINT('',(70.0728499670124,15.4679873959346,-43.4457927731519));
#6398=CARTESIAN_POINT('',(11.7577949513025,3.93759638481595,-29.865));
#6399=CARTESIAN_POINT('Origin',(25.2567873546483,11.0856872832915,-29.865));
#6400=CARTESIAN_POINT('',(82.3362077692256,16.8098173834739,-29.865));
#6401=CARTESIAN_POINT('',(83.6536427401644,7.21896823169374,-29.865));
#6402=CARTESIAN_POINT('Origin',(85.4742495213509,3.35224918009597,-28.0443932188135));
#6403=CARTESIAN_POINT('Ctrl Pts',(84.4231489467242,3.92859131744424,-29.0954937934401));
#6404=CARTESIAN_POINT('Ctrl Pts',(84.4175542741951,12.6436727789756,-29.1010884659693));
#6405=CARTESIAN_POINT('Ctrl Pts',(84.4121811555469,21.603425995023,-29.1064615846175));
#6406=CARTESIAN_POINT('Origin',(83.6171151625727,13.7655755537973,-26.7330910605116));
#6407=CARTESIAN_POINT('',(82.3325196665056,13.7671326392492,-28.8778082882526));
#6408=CARTESIAN_POINT('Origin',(82.3432299616672,22.6031261481635,-24.3321534955326));
#6409=CARTESIAN_POINT('Origin',(-1.74119745204332,0.309118193651319,11.5432845337518));
#6410=CARTESIAN_POINT('',(-19.690753919606,0.390414892652862,11.6390378886221));
#6411=CARTESIAN_POINT('',(-23.1397242464029,0.390414892643656,11.6390378886112));
#6412=CARTESIAN_POINT('',(-12.9269207627686,0.390414892663238,11.6390378886343));
#6413=CARTESIAN_POINT('',(-23.1370999967739,2.5554208366626,14.1890378886122));
#6414=CARTESIAN_POINT('',(-23.1330337961343,5.91003636459124,18.1401908264843));
#6415=CARTESIAN_POINT('',(-20.1251299909943,2.55542083666259,14.1890378886122));
#6416=CARTESIAN_POINT('',(-11.4209379725455,2.5554208366626,14.1890378886122));
#6417=CARTESIAN_POINT('',(-20.123454626693,3.93759638481594,15.817));
#6418=CARTESIAN_POINT('',(-20.1205788523014,6.31011025715642,18.6114082052911));
#6419=CARTESIAN_POINT('',(-17.5734527534155,3.93759638481594,15.817));
#6420=CARTESIAN_POINT('',(11.7577949513025,3.93759638481594,15.817));
#6421=CARTESIAN_POINT('',(-17.5755778420643,2.18439824939944,13.752037888619));
#6422=CARTESIAN_POINT('',(-17.5724258636629,4.78478043073338,16.8148352821887));
#6423=CARTESIAN_POINT('Origin',(-19.6885793943135,2.18439824939944,13.752037888619));
#6424=CARTESIAN_POINT('Origin',(-10.8111476757299,32.0210259158756,13.9313932188135));
#6425=CARTESIAN_POINT('',(-23.1168334889416,19.2752897993579,14.1890378886122));
#6426=CARTESIAN_POINT('',(-23.113850867872,21.7359521819444,12.4564667915348));
#6427=CARTESIAN_POINT('',(-23.1104746959723,24.5212939993585,10.4952864351871));
#6428=CARTESIAN_POINT('',(-21.6741650726898,21.7342071082525,13.4787795037981));
#6429=CARTESIAN_POINT('',(17.52926347854,21.6866878008962,41.3169116200865));
#6430=CARTESIAN_POINT('',(-21.4445176913388,20.9577408442229,14.1890378886094));
#6431=CARTESIAN_POINT('Origin',(-19.2039970895702,24.7983572560534,13.0705953714491));
#6432=CARTESIAN_POINT('',(-15.5083414605576,26.9298939006412,14.1890378886122));
#6433=CARTESIAN_POINT('Origin',(-10.8111476757299,32.0210259158756,13.9313932188135));
#6434=CARTESIAN_POINT('',(-20.1039885360596,19.9971211584469,15.817));
#6435=CARTESIAN_POINT('',(-20.1032796515999,20.5819508394063,15.4052169739671));
#6436=CARTESIAN_POINT('',(-20.097753209473,25.141265593797,12.1949687815146));
#6437=CARTESIAN_POINT('',(-18.780197016169,21.7306992681824,15.5337697961004));
#6438=CARTESIAN_POINT('Origin',(-19.2039970895702,24.7983572560534,13.0705953714491));
#6439=CARTESIAN_POINT('',(-18.3813342255283,21.730215798133,15.817));
#6440=CARTESIAN_POINT('',(17.52926347854,21.6866878008962,41.3169116200865));
#6441=CARTESIAN_POINT('',(-5.74503841181517,34.4430952228382,15.817));
#6442=CARTESIAN_POINT('Origin',(85.0325882597428,21.6048655889832,13.5682246312276));
#6443=CARTESIAN_POINT('',(-17.5518871606617,21.7292104077505,14.9436225163089));
#6444=CARTESIAN_POINT('Origin',(-19.2077148347626,21.7312174714844,13.0705953714503));
#6445=CARTESIAN_POINT('',(-17.5518871606617,21.7292104077507,15.817));
#6446=CARTESIAN_POINT('',(-17.5518871606617,21.7292104077497,12.10363125992));
#6447=CARTESIAN_POINT('',(55.1511069697815,21.641085566327,15.817));
#6448=CARTESIAN_POINT('Origin',(-19.217219070202,13.8902232316573,13.0705953714535));
#6449=CARTESIAN_POINT('',(-20.1233119383107,4.05531430033444,15.4052169739726));
#6450=CARTESIAN_POINT('',(-20.1113895228275,13.8913070746307,15.4052169739698));
#6451=CARTESIAN_POINT('',(-17.5733138115867,4.0522233935149,14.9436225163203));
#6452=CARTESIAN_POINT('Origin',(-19.2291414856824,4.05423045736095,13.0705953714574));
#6453=CARTESIAN_POINT('',(-17.5613913961035,13.8882161678112,14.943622516314));
#6454=CARTESIAN_POINT('Origin',(-19.2291414856824,4.05423045736095,13.0705953714574));
#6455=CARTESIAN_POINT('',(-19.6863122593477,4.05478460375254,11.6390378886205));
#6456=CARTESIAN_POINT('',(-21.2786870454552,4.05671475500786,11.6390378886154));
#6457=CARTESIAN_POINT('',(-21.6822091349276,4.05720387269192,11.6390378886145));
#6458=CARTESIAN_POINT('',(-17.5733138115867,4.05222339351443,13.752037888619));
#6459=CARTESIAN_POINT('Origin',(-19.6863122593387,4.05478460375323,13.752037888619));
#6460=CARTESIAN_POINT('',(-17.5733138115867,4.05222339351368,11.8548166300385));
#6461=CARTESIAN_POINT('',(-20.1233119383112,4.05531430033396,14.1890378886122));
#6462=CARTESIAN_POINT('',(-20.1233119383109,4.05531430033426,14.9438056908866));
#6463=CARTESIAN_POINT('',(-21.4650035098209,4.05694059314743,14.1890378886122));
#6464=CARTESIAN_POINT('',(-20.1762263446848,4.05537843900833,14.1890378886122));
#6465=CARTESIAN_POINT('Origin',(-19.2291414856824,4.05423045736095,13.0705953714574));
#6466=CARTESIAN_POINT('Origin',(-19.217219070202,13.8902232316573,13.0705953714535));
#6467=CARTESIAN_POINT('',(-21.2572603945401,21.7337017692479,11.6390378886154));
#6468=CARTESIAN_POINT('Origin',(-19.2077148347626,21.7312174714844,13.0705953714503));
#6469=CARTESIAN_POINT('',(-21.2667646299775,13.8927075293042,11.6390378886154));
#6470=CARTESIAN_POINT('',(-21.4530810943384,13.8929333674437,14.1890378886122));
#6471=CARTESIAN_POINT('Origin',(85.0325882597428,21.6048655889832,13.5682246312276));
#6472=CARTESIAN_POINT('',(-23.113850867872,21.7359521819442,11.6390378886112));
#6473=CARTESIAN_POINT('',(-23.113850867872,21.735952181945,14.3786312599182));
#6474=CARTESIAN_POINT('',(30.4593690632451,21.6710149456247,11.6390378887322));
#6475=CARTESIAN_POINT('Origin',(-23.1126448081521,22.7309514509137,15.1890378886086));
#6476=CARTESIAN_POINT('',(-23.1126448081521,22.7309514509137,11.6390378886112));
#6477=CARTESIAN_POINT('',(-23.1126448081521,22.7309514509142,14.1890378886122));
#6478=CARTESIAN_POINT('Origin',(-21.1006784930476,22.7285127038662,14.1890378886122));
#6479=CARTESIAN_POINT('',(-20.1006792276663,22.7273005835441,14.1890378886122));
#6480=CARTESIAN_POINT('Origin',(-20.1006792276653,22.7273005835436,16.8170160103081));
#6481=CARTESIAN_POINT('',(-20.1077014201073,16.9339918188505,15.817));
#6482=CARTESIAN_POINT('Origin',(25.2567873546483,11.0856872832915,15.817));
#6483=CARTESIAN_POINT('',(-17.5577032933835,16.9309009120309,15.817));
#6484=CARTESIAN_POINT('Origin',(-17.5506811009419,22.7242096767245,10.6390378886122));
#6485=CARTESIAN_POINT('',(-17.5506811009419,22.724209676724,13.752037888619));
#6486=CARTESIAN_POINT('Origin',(-19.6636795486938,22.7267708869636,13.752037888619));
#6487=CARTESIAN_POINT('',(-19.663679548689,22.7267708869641,11.6390378886122));
#6488=CARTESIAN_POINT('Origin',(-24.1126440735363,22.7321635712353,11.639037888609));
#6489=CARTESIAN_POINT('Origin',(-28.7391822587349,-3.38118892309958,0.));
#6490=CARTESIAN_POINT('',(85.178119325526,-3.38118892309958,1.04509653037645));
#6491=CARTESIAN_POINT('',(87.2948563025375,-3.38118892309958,1.04509653037645));
#6492=CARTESIAN_POINT('',(27.0694685333955,-3.38118892309958,1.04509653037645));
#6493=CARTESIAN_POINT('',(87.2948563025375,-3.38118892309958,-14.0485460173243));
#6494=CARTESIAN_POINT('',(87.2948563025375,-3.38118892309958,0.));
#6495=CARTESIAN_POINT('',(85.1781193255259,-3.38118892309958,-14.0485460173243));
#6496=CARTESIAN_POINT('',(29.3103370219012,-3.38118892309958,-14.0485460173243));
#6497=CARTESIAN_POINT('',(85.178119325526,-3.38118892309958,-7.86027300866216));
#6498=CARTESIAN_POINT('Origin',(82.8781193255259,-3.38118892309957,1.04509653037645));
#6499=CARTESIAN_POINT('',(85.1781193255259,14.6008110769004,1.04509653037645));
#6500=CARTESIAN_POINT('',(85.178119325526,-3.38118892309957,1.04509653037645));
#6501=CARTESIAN_POINT('',(87.2948563025375,14.6008110769004,1.04509653037645));
#6502=CARTESIAN_POINT('',(83.9985535697788,14.6008110769004,1.04509653037645));
#6503=CARTESIAN_POINT('',(87.2948563025375,-3.88118892309957,1.04509653037645));
#6504=CARTESIAN_POINT('Origin',(85.178119325526,-3.38118892309957,-15.7205460173243));
#6505=CARTESIAN_POINT('',(85.1781193255259,14.6008110769004,-14.0485460173243));
#6506=CARTESIAN_POINT('',(85.1781193255259,-3.38118892309957,-14.0485460173243));
#6507=CARTESIAN_POINT('',(85.178119325526,14.6008110769004,-11.1766353803991));
#6508=CARTESIAN_POINT('Origin',(87.3598563025373,-3.38118892309957,-14.0485460173243));
#6509=CARTESIAN_POINT('',(87.2948563025375,14.6008110769004,-14.0485460173243));
#6510=CARTESIAN_POINT('',(87.2948563025375,-3.88118892309957,-14.0485460173243));
#6511=CARTESIAN_POINT('',(86.2394220582845,14.6008110769004,-14.0485460173243));
#6512=CARTESIAN_POINT('Origin',(87.2948563025375,-4.38118892309958,0.));
#6513=CARTESIAN_POINT('',(87.2948563025375,14.6008110769004,-3.31636237173697));
#6514=CARTESIAN_POINT('Origin',(84.178119325526,-3.38118892309957,-15.7205460173243));
#6515=CARTESIAN_POINT('',(84.178119325526,-3.38118892309958,2.04509653037645));
#6516=CARTESIAN_POINT('',(84.178119325526,-3.38118892309958,-15.0485460173243));
#6517=CARTESIAN_POINT('',(84.178119325526,-3.38118892309958,-7.86027300866216));
#6518=CARTESIAN_POINT('',(84.178119325526,14.6008110769004,2.04509653037645));
#6519=CARTESIAN_POINT('',(84.178119325526,-3.38118892309957,2.04509653037645));
#6520=CARTESIAN_POINT('',(84.178119325526,14.6008110769004,-15.0485460173243));
#6521=CARTESIAN_POINT('',(84.178119325526,14.6008110769004,-11.1766353803991));
#6522=CARTESIAN_POINT('',(84.178119325526,-3.38118892309957,-15.0485460173243));
#6523=CARTESIAN_POINT('Origin',(-28.7391822587349,-3.38118892309958,0.));
#6524=CARTESIAN_POINT('',(87.3598563025373,-3.38118892309957,-15.0485460173243));
#6525=CARTESIAN_POINT('',(29.3103370219012,-3.38118892309958,-15.0485460173243));
#6526=CARTESIAN_POINT('',(87.3598563025375,-3.38118892309958,-21.2447453597069));
#6527=CARTESIAN_POINT('',(87.3598563025375,-3.38118892309958,0.));
#6528=CARTESIAN_POINT('',(-28.479185617824,-3.38118892309958,-21.2447453597069));
#6529=CARTESIAN_POINT('',(-15.2401898553891,-3.38118892309958,-21.2447453597069));
#6530=CARTESIAN_POINT('',(-28.479185617824,-3.38118892309958,7.19674535970694));
#6531=CARTESIAN_POINT('',(-28.479185617824,-3.38118892309958,0.));
#6532=CARTESIAN_POINT('',(-0.629827868726657,-3.38118892309957,7.19674535970694));
#6533=CARTESIAN_POINT('',(81.0958563025375,-3.38118892309958,7.19674535970694));
#6534=CARTESIAN_POINT('',(-0.629827868726657,-3.38118892309957,4.83729056624623));
#6535=CARTESIAN_POINT('',(-0.629827868726656,-3.38118892309958,2.41864528312311));
#6536=CARTESIAN_POINT('',(0.370172131273342,-3.38118892309957,4.83729056624623));
#6537=CARTESIAN_POINT('',(-14.1845050637308,-3.38118892309958,4.83729056624623));
#6538=CARTESIAN_POINT('',(0.43235833300611,-3.38118892309957,6.27861034682863));
#6539=CARTESIAN_POINT('',(0.270062444616215,-3.38118892309958,2.51699976882979));
#6540=CARTESIAN_POINT('',(11.4522922830667,-3.38118892309957,6.27861034682862));
#6541=CARTESIAN_POINT('',(-8.64344498783409,-3.38118892309958,6.27861034682863));
#6542=CARTESIAN_POINT('',(11.4522922830667,-3.38118892309957,4.83729056624623));
#6543=CARTESIAN_POINT('',(11.4522922830667,-3.38118892309958,2.41864528312311));
#6544=CARTESIAN_POINT('',(12.4522922830667,-3.38118892309957,4.83729056624623));
#6545=CARTESIAN_POINT('',(-8.14344498783409,-3.38118892309958,4.83729056624623));
#6546=CARTESIAN_POINT('',(12.4522922830667,-3.38118892309957,7.19674535970694));
#6547=CARTESIAN_POINT('',(12.4522922830667,-3.38118892309958,3.59837267985347));
#6548=CARTESIAN_POINT('',(87.3598563025375,-3.38118892309958,7.19674535970694));
#6549=CARTESIAN_POINT('',(81.0958563025375,-3.38118892309958,7.19674535970694));
#6550=CARTESIAN_POINT('',(87.3598563025373,-3.38118892309957,2.04509653037645));
#6551=CARTESIAN_POINT('',(87.3598563025375,-3.38118892309958,0.));
#6552=CARTESIAN_POINT('',(27.0694685333955,-3.38118892309958,2.04509653037645));
#6553=CARTESIAN_POINT('',(-22.4941384514838,-3.38118892309957,3.87828495753303));
#6554=CARTESIAN_POINT('',(-22.4941384514838,-3.38118892309957,-16.5219882936067));
#6555=CARTESIAN_POINT('',(-22.4941384514837,-3.38118892309958,-8.26099414680336));
#6556=CARTESIAN_POINT('',(-7.26849545598041,-3.38118892309957,-16.5219882936067));
#6557=CARTESIAN_POINT('',(-17.8098388573577,-3.38118892309958,-16.5219882936067));
#6558=CARTESIAN_POINT('',(-7.26849545598041,-3.38118892309957,-15.5824509203201));
#6559=CARTESIAN_POINT('',(-7.26849545598041,-3.38118892309958,-7.79122546016004));
#6560=CARTESIAN_POINT('',(-7.26889453547053,-3.38118892309957,-15.5824509203201));
#6561=CARTESIAN_POINT('',(-25.6166603551093,-3.38118892309958,-15.5824509203201));
#6562=CARTESIAN_POINT('',(-7.26889453547055,-3.38118892309957,3.87828495753303));
#6563=CARTESIAN_POINT('',(-7.26889453547053,-3.38118892309958,1.4276211214126));
#6564=CARTESIAN_POINT('',(-25.6166603551093,-3.38118892309958,3.87828495753303));
#6565=CARTESIAN_POINT('',(0.432358333006109,-3.38118892309957,-18.4399438403705));
#6566=CARTESIAN_POINT('',(-0.567641666993891,-3.38118892309957,-18.4399438403705));
#6567=CARTESIAN_POINT('',(-14.6534119628644,-3.38118892309958,-18.4399438403705));
#6568=CARTESIAN_POINT('',(-0.567641666993891,-3.38118892309957,-20.8140566469443));
#6569=CARTESIAN_POINT('',(-0.567641666993892,-3.38118892309958,-10.4070283234722));
#6570=CARTESIAN_POINT('',(12.5144784847995,-3.38118892309957,-20.8140566469443));
#6571=CARTESIAN_POINT('',(-8.1123518869677,-3.38118892309958,-20.8140566469443));
#6572=CARTESIAN_POINT('',(12.5144784847995,-3.38118892309957,-18.4399438403705));
#6573=CARTESIAN_POINT('',(12.5144784847995,-3.38118892309958,-9.21997192018523));
#6574=CARTESIAN_POINT('',(11.5144784847995,-3.38118892309957,-18.4399438403705));
#6575=CARTESIAN_POINT('',(-8.6123518869677,-3.38118892309958,-18.4399438403705));
#6576=CARTESIAN_POINT('',(11.4522922830667,-3.38118892309957,-19.8812636209529));
#6577=CARTESIAN_POINT('',(11.843048026892,-3.38118892309958,-10.8245280870514));
#6578=CARTESIAN_POINT('',(0.432358333006109,-3.38118892309957,-19.8812636209529));
#6579=CARTESIAN_POINT('',(-14.1534119628644,-3.38118892309958,-19.8812636209529));
#6580=CARTESIAN_POINT('',(0.432358333006109,-3.38118892309958,-9.21997192018523));
#6581=CARTESIAN_POINT('',(-26.8514355293927,-3.38118892309957,-17.727577745223));
#6582=CARTESIAN_POINT('Origin',(-26.8514355293927,-3.38118892309957,-19.227577745223));
#6583=CARTESIAN_POINT('',(-26.5893513396955,-3.38118892309957,6.25323459780293));
#6584=CARTESIAN_POINT('Origin',(-26.5893513396955,-3.38118892309957,4.75323459780293));
#6585=CARTESIAN_POINT('',(84.6481075265705,-3.38118892309941,6.26272843853752));
#6586=CARTESIAN_POINT('Origin',(84.6481075265705,-3.38118892309941,4.76272843853752));
#6587=CARTESIAN_POINT('',(84.4019944958035,-3.38118892309958,-19.8245457733402));
#6588=CARTESIAN_POINT('Origin',(84.4019944958035,-3.38118892309958,-18.3245457733402));
#6589=CARTESIAN_POINT('Origin',(87.3598563025373,-3.38118892309957,-15.0485460173243));
#6590=CARTESIAN_POINT('',(87.3598563025373,14.6008110769004,-15.0485460173243));
#6591=CARTESIAN_POINT('',(82.8781193255259,14.6008110769004,-15.0485460173243));
#6592=CARTESIAN_POINT('',(87.3598563025375,-3.88118892309957,-15.0485460173243));
#6593=CARTESIAN_POINT('Origin',(82.8781193255259,-3.38118892309957,2.04509653037645));
#6594=CARTESIAN_POINT('',(87.3598563025373,14.6008110769004,2.04509653037645));
#6595=CARTESIAN_POINT('',(87.3598563025375,-3.88118892309957,2.04509653037645));
#6596=CARTESIAN_POINT('',(83.9985535697788,14.6008110769004,2.04509653037645));
#6597=CARTESIAN_POINT('Origin',(-1.74119745204332,0.309118193651319,-25.5912845337518));
#6598=CARTESIAN_POINT('',(-36.0667691845482,3.93759638481594,-29.865));
#6599=CARTESIAN_POINT('',(-20.3094547633321,3.93759638481595,-29.865));
#6600=CARTESIAN_POINT('',(11.7577949513025,3.93759638481595,-29.865));
#6601=CARTESIAN_POINT('',(-36.3570026561616,3.82826672519951,-29.7362286990287));
#6602=CARTESIAN_POINT('',(-11.3943752111498,13.2315776063439,-40.8116914769346));
#6603=CARTESIAN_POINT('',(-35.9268350253805,0.772307861883869,-26.1368413056657));
#6604=CARTESIAN_POINT('',(-34.9667170131864,-6.04847766273977,-18.1031436911872));
#6605=CARTESIAN_POINT('',(-23.5298220363161,-6.14141092047897,-17.9936844964494));
#6606=CARTESIAN_POINT('',(87.3598563025375,-0.759911681659389,-24.3321534955326));
#6607=CARTESIAN_POINT('',(87.3598563025375,-6.98631319280135,-16.9985367462204));
#6608=CARTESIAN_POINT('',(82.3909111837669,-0.759911681659405,-24.3321534955325));
#6609=CARTESIAN_POINT('',(43.2768294252492,-0.759911681659551,-24.3321534955324));
#6610=CARTESIAN_POINT('',(81.3160177237489,0.15363592452237,-25.4081534955325));
#6611=CARTESIAN_POINT('Origin',(82.3920185141986,0.153635924522373,-25.4081534955325));
#6612=CARTESIAN_POINT('',(81.3206043424884,3.93759638481595,-29.865));
#6613=CARTESIAN_POINT('',(81.3214642521714,4.64702187330749,-30.7005796900474));
#6614=CARTESIAN_POINT('',(77.3652880490934,3.93759638481595,-29.865));
#6615=CARTESIAN_POINT('',(11.7577949513025,3.93759638481595,-29.865));
#6616=CARTESIAN_POINT('',(77.6303262604636,3.93447992352384,-29.8613293512811));
#6617=CARTESIAN_POINT('',(37.4182974258081,4.40731450345887,-30.4182461496694));
#6618=CARTESIAN_POINT('',(77.6303262604636,2.01082709287519,-27.5956012909461));
#6619=CARTESIAN_POINT('',(77.6303262604636,5.98744028872095,-32.2793591704217));
#6620=CARTESIAN_POINT('',(73.5060191661314,2.01082709287519,-27.5956012909461));
#6621=CARTESIAN_POINT('',(37.9445644042102,2.0108270928752,-27.5956012909461));
#6622=CARTESIAN_POINT('',(73.5060191661314,-0.819288565710776,-24.2622178656793));
#6623=CARTESIAN_POINT('',(73.5060191661314,5.42851128196375,-31.6210381292399));
#6624=CARTESIAN_POINT('',(59.5964834185438,-0.819288565710776,-24.2622178656793));
#6625=CARTESIAN_POINT('',(29.4276429832502,-0.819288565710774,-24.2622178656793));
#6626=CARTESIAN_POINT('',(59.5964834185438,2.1321677523946,-27.7385194582746));
#6627=CARTESIAN_POINT('',(59.5964834185438,4.60620399820711,-30.6525033409761));
#6628=CARTESIAN_POINT('',(55.4651448835277,2.1321677523946,-27.7385194582746));
#6629=CARTESIAN_POINT('',(28.9276429832502,2.13216775239462,-27.7385194582746));
#6630=CARTESIAN_POINT('',(55.4651448835277,3.93759638481595,-29.865));
#6631=CARTESIAN_POINT('',(55.4651448835277,5.46376754714003,-31.6625638702883));
#6632=CARTESIAN_POINT('',(-16.5734520187968,3.93759638481595,-29.865));
#6633=CARTESIAN_POINT('',(11.7577949513025,3.93759638481595,-29.865));
#6634=CARTESIAN_POINT('',(-16.5752538450225,2.4510897485282,-28.1141540344233));
#6635=CARTESIAN_POINT('',(-16.5705784340267,6.30830382023013,-32.6572805371547));
#6636=CARTESIAN_POINT('',(-19.6914597746727,-0.191915547051567,-25.0011540344234));
#6637=CARTESIAN_POINT('Origin',(-19.6882561318904,2.45108974852824,-28.1141540344234));
#6638=CARTESIAN_POINT('',(-24.1404308360999,-0.191915547051122,-25.0011540344239));
#6639=CARTESIAN_POINT('',(-9.14593964380164,-0.191915547051567,-25.0011540344234));
#6640=CARTESIAN_POINT('',(-24.1365860531141,2.98003041641589,-28.7371540344188));
#6641=CARTESIAN_POINT('',(-24.1343005130012,4.86560100966068,-30.9580278505204));
#6642=CARTESIAN_POINT('',(-20.3106154493543,2.98003041641974,-28.7371540344234));
#6643=CARTESIAN_POINT('',(-12.9269207627704,2.98003041644656,-28.737154034455));
#6644=CARTESIAN_POINT('',(-20.3072151395706,5.78528598818035,-32.0412566064067));
#6645=CARTESIAN_POINT('Origin',(-36.2361102344543,4.67688073063449,10.9534908570848));
#6646=CARTESIAN_POINT('',(-37.8104978725158,6.97991081405079,10.9534908570848));
#6647=CARTESIAN_POINT('Origin',(-37.4620244450139,4.50431668933546,10.9534908570848));
#6648=CARTESIAN_POINT('',(-36.8202602226297,7.11930018505156,10.9534908570848));
#6649=CARTESIAN_POINT('',(-36.5845836619562,7.15247485534982,10.9534908570848));
#6650=CARTESIAN_POINT('Origin',(-36.4717867951278,4.64370606033624,10.9534908570848));
#6651=CARTESIAN_POINT('Origin',(-36.2261968750112,4.60645511864551,-24.5819316099713));
#6652=CARTESIAN_POINT('',(-37.8005845130726,6.90948520206181,-24.5819316099713));
#6653=CARTESIAN_POINT('Origin',(-37.4521110855707,4.43389107734648,-24.5819316099713));
#6654=CARTESIAN_POINT('',(-36.8103468631865,7.04887457306258,-24.5819316099713));
#6655=CARTESIAN_POINT('',(-36.5746703025131,7.08204924336084,-24.5819316099713));
#6656=CARTESIAN_POINT('Origin',(-36.4618734356846,4.57328044834725,-24.5819316099713));
#6657=CARTESIAN_POINT('Ctrl Pts',(71.6011284672333,16.0934841673163,-27.7484857313239));
#6658=CARTESIAN_POINT('Ctrl Pts',(71.5910244277166,11.4291394132188,-27.7686555565168));
#6659=CARTESIAN_POINT('Ctrl Pts',(71.5809208834115,6.76479471119132,-27.7888373411655));
#6660=CARTESIAN_POINT('Ctrl Pts',(71.5708177742424,2.10045005808817,-27.8090303480693));
#6661=CARTESIAN_POINT('Ctrl Pts',(71.6011285628823,16.1098652963306,-28.1178996925913));
#6662=CARTESIAN_POINT('Ctrl Pts',(71.5910245247673,11.5471617995836,-28.1402535907509));
#6663=CARTESIAN_POINT('Ctrl Pts',(71.580921003358,6.98445836420823,-28.1626199707862));
#6664=CARTESIAN_POINT('Ctrl Pts',(71.5708179347595,2.42175498590798,-28.184998043571));
#6665=CARTESIAN_POINT('Ctrl Pts',(71.6011286678215,16.1262492894223,-28.4873135271977));
#6666=CARTESIAN_POINT('Ctrl Pts',(71.5910246311792,11.6651870057811,-28.5118507137953));
#6667=CARTESIAN_POINT('Ctrl Pts',(71.5809211348254,7.20412479408174,-28.536400952952));
#6668=CARTESIAN_POINT('Ctrl Pts',(71.570818110545,2.74306264924322,-28.5609634018211));
#6669=CARTESIAN_POINT('Ctrl Pts',(71.6011287849496,16.1426367919212,-28.8567272066041));
#6670=CARTESIAN_POINT('Ctrl Pts',(71.5910247498481,11.7832156618521,-28.8834467205369));
#6671=CARTESIAN_POINT('Ctrl Pts',(71.5809212813565,7.42379461622755,-28.9101799213192));
#6672=CARTESIAN_POINT('Ctrl Pts',(71.5708183062434,3.06437364957799,-28.9369259089056));
#6673=CARTESIAN_POINT('',(71.6011284829817,16.0961677465216,-27.8090031064787));
#6674=CARTESIAN_POINT('',(71.6010236877096,16.0961677465217,-28.8331224289411));
#6675=CARTESIAN_POINT('Ctrl Pts',(71.6011284829813,16.0961677465217,-27.8090031064787));
#6676=CARTESIAN_POINT('Ctrl Pts',(71.6011120799542,16.0961677465217,-27.9796479450827));
#6677=CARTESIAN_POINT('Ctrl Pts',(71.6010951679482,16.0961677465217,-28.1504160769991));
#6678=CARTESIAN_POINT('Ctrl Pts',(71.601060278897,16.0961677465217,-28.4917048969586));
#6679=CARTESIAN_POINT('Ctrl Pts',(71.6010422760586,16.0961677465217,-28.6624782583873));
#6680=CARTESIAN_POINT('Ctrl Pts',(71.6010236877095,16.0961677465217,-28.833122428941));
#6681=CARTESIAN_POINT('',(71.5708183062434,3.06437364957785,-28.9369259089054));
#6682=CARTESIAN_POINT('Ctrl Pts',(71.6010236877095,16.0961677465017,-28.8331224289413));
#6683=CARTESIAN_POINT('Ctrl Pts',(71.5948322947487,13.4210788184655,-28.8544305906202));
#6684=CARTESIAN_POINT('Ctrl Pts',(71.588635244828,10.7459897134379,-28.8757387466474));
#6685=CARTESIAN_POINT('Ctrl Pts',(71.5824327644255,8.07090069886481,-28.8970469067455));
#6686=CARTESIAN_POINT('Ctrl Pts',(71.5785633746324,6.40205832342133,-28.9103399075842));
#6687=CARTESIAN_POINT('Ctrl Pts',(71.5746918713154,4.73321606435235,-28.9236329101142));
#6688=CARTESIAN_POINT('Ctrl Pts',(71.5708183062434,3.06437364957786,-28.9369259089054));
#6689=CARTESIAN_POINT('',(71.5708314037425,2.10674244537046,-27.809003106903));
#6690=CARTESIAN_POINT('',(71.5708314037406,2.10674244537052,-27.8090031069031));
#6691=CARTESIAN_POINT('Ctrl Pts',(71.5708314037406,2.10674244537052,-27.8090031069031));
#6692=CARTESIAN_POINT('Ctrl Pts',(71.5746921629012,3.89574546366238,-27.809003106903));
#6693=CARTESIAN_POINT('Ctrl Pts',(71.5785581159946,5.68477720672618,-27.8090031069029));
#6694=CARTESIAN_POINT('Ctrl Pts',(71.582428850641,7.47358042429224,-27.8090031069029));
#6695=CARTESIAN_POINT('Ctrl Pts',(71.5886476981459,10.3475295430943,-27.8090031069029));
#6696=CARTESIAN_POINT('Ctrl Pts',(71.5948815079444,13.2220994688057,-27.809003106903));
#6697=CARTESIAN_POINT('Ctrl Pts',(71.6011284829812,16.0961677465215,-27.809003106903));
#6698=CARTESIAN_POINT('Origin',(56.4987495971296,22.3911677465217,-27.7942451380577));
#6699=CARTESIAN_POINT('',(61.5149866694033,16.0961677465216,-27.7942451379737));
#6700=CARTESIAN_POINT('',(60.5964834185438,16.0961677465217,-27.7942451380577));
#6701=CARTESIAN_POINT('',(59.0064248637899,16.0961677465217,-27.7942451380577));
#6702=CARTESIAN_POINT('',(60.5964834185438,16.8411677465217,-27.7942451380577));
#6703=CARTESIAN_POINT('',(60.5964834185438,19.6161677465217,-27.7942451380577));
#6704=CARTESIAN_POINT('',(60.5314834185438,16.8411677465217,-27.7942451380577));
#6705=CARTESIAN_POINT('',(61.5285872454172,16.8411677465217,-27.7942451380577));
#6706=CARTESIAN_POINT('',(60.5314834185438,2.09421260604821,-27.7942451380577));
#6707=CARTESIAN_POINT('',(60.5314834185438,22.3911677465217,-27.7942451380577));
#6708=CARTESIAN_POINT('',(61.5315852656434,2.09421260604818,-27.7942451380577));
#6709=CARTESIAN_POINT('',(27.3787760725431,2.09421260604827,-27.7942451380578));
#6710=CARTESIAN_POINT('Ctrl Pts',(61.5149866694035,16.0961677464574,-27.7942451380606));
#6711=CARTESIAN_POINT('Ctrl Pts',(61.518407231867,13.221142096375,-27.7942451312743));
#6712=CARTESIAN_POINT('Ctrl Pts',(61.5218199864313,10.3461171051968,-27.7942451373856));
#6713=CARTESIAN_POINT('Ctrl Pts',(61.5252252844503,7.47109174434647,-27.7942451375852));
#6714=CARTESIAN_POINT('Ctrl Pts',(61.5273481497176,5.67879883862562,-27.7942451377096));
#6715=CARTESIAN_POINT('Ctrl Pts',(61.5294681170904,3.88650543465926,-27.7942451329366));
#6716=CARTESIAN_POINT('Ctrl Pts',(61.5315852656433,2.09421260604817,-27.7942451380577));
#6717=CARTESIAN_POINT('Origin',(60.5790994681779,16.8411677465217,-29.7622178656793));
#6718=CARTESIAN_POINT('',(72.5377503192317,16.8411677465217,-29.7622178656793));
#6719=CARTESIAN_POINT('',(72.535919018175,16.0961677465217,-29.7622178656793));
#6720=CARTESIAN_POINT('',(72.5377503192317,16.8411677465217,-29.7622178656793));
#6721=CARTESIAN_POINT('',(60.5790994681779,16.8411677465217,-29.7622178656793));
#6722=CARTESIAN_POINT('',(72.5377503192317,16.8411677465217,-29.7622178656793));
#6723=CARTESIAN_POINT('',(60.580102748663,16.0961677465217,-29.7622178656793));
#6724=CARTESIAN_POINT('',(60.580102748663,16.0961677465217,-29.7622178656793));
#6725=CARTESIAN_POINT('',(72.5377503192317,16.0961677465217,-29.7622178656793));
#6726=CARTESIAN_POINT('Origin',(66.5584248937048,16.0961677465217,-27.0122178656793));
#6727=CARTESIAN_POINT('',(72.5360358212847,16.0961677465217,-28.744003106903));
#6728=CARTESIAN_POINT('',(72.535919018175,16.0961677465217,-29.7622178656793));
#6729=CARTESIAN_POINT('',(60.5800378903403,16.0961677465217,-28.7292451380577));
#6730=CARTESIAN_POINT('',(60.5800378903403,16.0961677465217,-28.7292451380577));
#6731=CARTESIAN_POINT('',(60.5964834185438,16.0961677465217,-28.7292451380577));
#6732=CARTESIAN_POINT('',(61.5285872454172,16.0961677465217,-28.7292451380577));
#6733=CARTESIAN_POINT('',(60.5964834185438,16.0961677465217,-27.8707315018685));
#6734=CARTESIAN_POINT('',(61.5150447840938,16.0961677465217,-28.8331224289411));
#6735=CARTESIAN_POINT('Ctrl Pts',(61.5149866694035,16.0961677464574,-27.794245137974));
#6736=CARTESIAN_POINT('Ctrl Pts',(61.5149957581436,16.0961677464574,-27.96734794291));
#6737=CARTESIAN_POINT('Ctrl Pts',(61.5150051326196,16.0961677465217,-28.1405789643074));
#6738=CARTESIAN_POINT('Ctrl Pts',(61.5150244798754,16.0961677465217,-28.4867837743633));
#6739=CARTESIAN_POINT('Ctrl Pts',(61.5150344673157,16.0961677465217,-28.6600202897587));
#6740=CARTESIAN_POINT('Ctrl Pts',(61.5150447840938,16.0961677465217,-28.8331224289411));
#6741=CARTESIAN_POINT('',(69.5480876064683,16.0961677465217,-28.8331224289411));
#6742=CARTESIAN_POINT('',(72.5060191661314,16.0961677465217,-27.809003106903));
#6743=CARTESIAN_POINT('',(72.0543834909723,16.0961677465217,-27.809003106903));
#6744=CARTESIAN_POINT('',(72.5060191661314,16.0961677465217,-28.744003106903));
#6745=CARTESIAN_POINT('',(72.5060191661314,16.0961677465217,-25.6372178656793));
#6746=CARTESIAN_POINT('',(69.5322220299181,16.0961677465217,-28.744003106903));
#6747=CARTESIAN_POINT('Origin',(66.5584248937048,16.0961677465217,-27.0122178656793));
#6748=CARTESIAN_POINT('',(60.5964834185438,16.0961677465217,-25.1972178656793));
#6749=CARTESIAN_POINT('',(72.5060191661314,16.0961677465217,-25.1972178656793));
#6750=CARTESIAN_POINT('',(63.5774541561243,16.0961677465217,-25.1972178656793));
#6751=CARTESIAN_POINT('',(60.5964834185438,16.0961677465217,-24.2622178656793));
#6752=CARTESIAN_POINT('',(60.5964834185438,16.0961677465217,-27.8707315018685));
#6753=CARTESIAN_POINT('',(72.5060191661314,16.0961677465217,-24.2622178656793));
#6754=CARTESIAN_POINT('',(63.5774541561243,16.0961677465217,-24.2622178656793));
#6755=CARTESIAN_POINT('',(72.5060191661314,16.0961677465217,-25.6372178656793));
#6756=CARTESIAN_POINT('Origin',(72.5060191661314,22.3911677465217,-28.744003106903));
#6757=CARTESIAN_POINT('',(72.5060191661314,22.3911677465217,-28.744003106903));
#6758=CARTESIAN_POINT('',(72.5060191661314,16.8411677465217,-28.744003106903));
#6759=CARTESIAN_POINT('',(76.6666880669747,22.3911677465217,-28.744003106903));
#6760=CARTESIAN_POINT('',(72.5060191661314,22.3911677465217,-28.744003106903));
#6761=CARTESIAN_POINT('',(76.6666880669747,2.98584542921562,-28.744003106903));
#6762=CARTESIAN_POINT('',(76.6666880669747,22.3911677465217,-28.744003106903));
#6763=CARTESIAN_POINT('',(72.5060191661314,2.98584542921562,-28.744003106903));
#6764=CARTESIAN_POINT('',(35.3824108570441,2.98584542921562,-28.744003106903));
#6765=CARTESIAN_POINT('Ctrl Pts',(72.5060191661313,2.98584542921562,-28.744003106903));
#6766=CARTESIAN_POINT('Ctrl Pts',(72.5086654501162,4.1471596793221,-28.744003106903));
#6767=CARTESIAN_POINT('Ctrl Pts',(72.5113152232665,5.3085753731537,-28.7440031069095));
#6768=CARTESIAN_POINT('Ctrl Pts',(72.5139683246304,6.4699908775725,-28.7440031069127));
#6769=CARTESIAN_POINT('Ctrl Pts',(72.5158008466343,7.27219146310227,-28.7440031069149));
#6770=CARTESIAN_POINT('Ctrl Pts',(72.5176349564605,8.07439195811285,-28.7440031069122));
#6771=CARTESIAN_POINT('Ctrl Pts',(72.5194706010717,8.87655887239957,-28.7440031069073));
#6772=CARTESIAN_POINT('Ctrl Pts',(72.5202685738589,9.22526872860507,-28.7440031069052));
#6773=CARTESIAN_POINT('Ctrl Pts',(72.5210668366785,9.57397223898606,-28.744003106903));
#6774=CARTESIAN_POINT('Ctrl Pts',(72.5218653851736,9.9226666524752,-28.744003106903));
#6775=CARTESIAN_POINT('Ctrl Pts',(72.5224692115465,10.1863336486195,-28.744003106903));
#6776=CARTESIAN_POINT('Ctrl Pts',(72.5230732248372,10.4500057386746,-28.7440031069028));
#6777=CARTESIAN_POINT('Ctrl Pts',(72.5236774243494,10.7136822332032,-28.7440031069027));
#6778=CARTESIAN_POINT('Ctrl Pts',(72.5277884952635,12.5077796223906,-28.7440031069023));
#6779=CARTESIAN_POINT('Ctrl Pts',(72.5319081679982,14.3020723627762,-28.744003106903));
#6780=CARTESIAN_POINT('Ctrl Pts',(72.5360358212847,16.0961677465217,-28.744003106903));
#6781=CARTESIAN_POINT('Origin',(72.5377503192317,16.8337203318222,-28.8272475260351));
#6782=CARTESIAN_POINT('',(61.5315923951669,3.06437364957782,-28.9369259089054));
#6783=CARTESIAN_POINT('Ctrl Pts',(61.5315923951669,3.06437364957785,-28.9369259089054));
#6784=CARTESIAN_POINT('Ctrl Pts',(61.5288306130828,5.23633932751308,-28.9196253289503));
#6785=CARTESIAN_POINT('Ctrl Pts',(61.5260707130447,7.40830500784216,-28.9023247489761));
#6786=CARTESIAN_POINT('Ctrl Pts',(61.5205548006071,11.7522363734384,-28.8677235889884));
#6787=CARTESIAN_POINT('Ctrl Pts',(61.5177987881997,13.9242020587073,-28.8504230089749));
#6788=CARTESIAN_POINT('Ctrl Pts',(61.5150447840938,16.0961677465217,-28.8331224289411));
#6789=CARTESIAN_POINT('',(35.3982764335942,3.06437364957781,-28.9369259089054));
#6790=CARTESIAN_POINT('Origin',(72.5060191661314,22.3911677465217,-27.809003106903));
#6791=CARTESIAN_POINT('',(72.5710191661314,2.10674244537046,-27.809003106903));
#6792=CARTESIAN_POINT('',(35.3824108570441,2.10674244537046,-27.809003106903));
#6793=CARTESIAN_POINT('',(72.5710191661314,16.8411677465217,-27.809003106903));
#6794=CARTESIAN_POINT('',(72.5710191661314,22.3911677465217,-27.809003106903));
#6795=CARTESIAN_POINT('',(72.5060191661314,16.8411677465217,-27.809003106903));
#6796=CARTESIAN_POINT('',(69.5322220299181,16.8411677465217,-27.809003106903));
#6797=CARTESIAN_POINT('',(72.5060191661314,19.6161677465217,-27.809003106903));
#6798=CARTESIAN_POINT('Ctrl Pts',(61.5149865776884,16.1430965836322,-28.8559534149157));
#6799=CARTESIAN_POINT('Ctrl Pts',(61.5205220129002,11.7835222265535,-28.8829369135912));
#6800=CARTESIAN_POINT('Ctrl Pts',(61.5260572780683,7.42394791622439,-28.9099279096146));
#6801=CARTESIAN_POINT('Ctrl Pts',(61.5315923951669,3.06437364957785,-28.9369259089054));
#6802=CARTESIAN_POINT('Ctrl Pts',(61.5149866132963,16.1265533511089,-28.4817225614948));
#6803=CARTESIAN_POINT('Ctrl Pts',(61.5205220489748,11.6640138840115,-28.5064889683398));
#6804=CARTESIAN_POINT('Ctrl Pts',(61.5260573226115,7.20147445669721,-28.5312625206212));
#6805=CARTESIAN_POINT('Ctrl Pts',(61.5315924546558,2.73893506630998,-28.5560427559701));
#6806=CARTESIAN_POINT('Ctrl Pts',(61.5149866451512,16.110012091211,-28.10749162102));
#6807=CARTESIAN_POINT('Ctrl Pts',(61.5205220812755,11.5445074806388,-28.1300403958177));
#6808=CARTESIAN_POINT('Ctrl Pts',(61.5260573625169,6.97900290396961,-28.1525959998515));
#6809=CARTESIAN_POINT('Ctrl Pts',(61.5315925080139,2.4134983587882,-28.17515800057));
#6810=CARTESIAN_POINT('Ctrl Pts',(61.5149866741554,16.0934724370707,-27.7332606096815));
#6811=CARTESIAN_POINT('Ctrl Pts',(61.5205221107039,11.4250026582536,-27.7535913125949));
#6812=CARTESIAN_POINT('Ctrl Pts',(61.5260573988871,6.75653290816858,-27.7739285555423));
#6813=CARTESIAN_POINT('Ctrl Pts',(61.5315925566869,2.08806318505255,-27.7942719348444));
#6814=CARTESIAN_POINT('',(61.5315923951669,3.06437364957784,-28.9369259089054));
#6815=CARTESIAN_POINT('Origin',(60.5964834185438,22.3911677465217,-25.1972178656793));
#6816=CARTESIAN_POINT('',(60.5964834185438,16.8411677465217,-25.1972178656793));
#6817=CARTESIAN_POINT('',(60.5964834185438,19.6161677465217,-25.1972178656793));
#6818=CARTESIAN_POINT('',(72.5060191661314,16.8411677465217,-25.1972178656793));
#6819=CARTESIAN_POINT('',(72.5060191661314,19.6161677465217,-25.1972178656793));
#6820=CARTESIAN_POINT('',(72.5710191661314,16.8411677465217,-25.1972178656793));
#6821=CARTESIAN_POINT('',(63.5774541561243,16.8411677465217,-25.1972178656793));
#6822=CARTESIAN_POINT('',(72.5710191661314,-0.110720523942622,-25.1972178656793));
#6823=CARTESIAN_POINT('',(72.5710191661314,22.3911677465217,-25.1972178656793));
#6824=CARTESIAN_POINT('',(60.5314834185438,-0.110720523942622,-25.1972178656793));
#6825=CARTESIAN_POINT('',(29.4276429832502,-0.110720523942625,-25.1972178656793));
#6826=CARTESIAN_POINT('',(60.5314834185438,16.8411677465217,-25.1972178656793));
#6827=CARTESIAN_POINT('',(60.5314834185438,22.3911677465217,-25.1972178656793));
#6828=CARTESIAN_POINT('',(63.5774541561243,16.8411677465217,-25.1972178656793));
#6829=CARTESIAN_POINT('Origin',(82.0958563025375,22.6034259950312,15.817));
#6830=CARTESIAN_POINT('',(83.1328578250947,22.6034259950212,15.8170000004318));
#6831=CARTESIAN_POINT('',(82.0958563025375,22.603425995023,15.817));
#6832=CARTESIAN_POINT('',(81.5958563025375,22.603425995023,15.817));
#6833=CARTESIAN_POINT('',(83.1328623631391,22.6071690216603,15.817));
#6834=CARTESIAN_POINT('',(83.1328563025375,22.6021690253334,15.817));
#6835=CARTESIAN_POINT('',(82.0958623631391,22.60842599135,15.817));
#6836=CARTESIAN_POINT('',(55.1523190901039,22.6410848317089,15.817));
#6837=CARTESIAN_POINT('',(82.0958563025375,22.603425995023,15.817));
#6838=CARTESIAN_POINT('Origin',(83.1328563025375,22.6021690253334,15.817));
#6839=CARTESIAN_POINT('',(86.2208578212187,22.6034259959413,12.7290015116196));
#6840=CARTESIAN_POINT('',(94.544106683424,22.603425995023,4.4057679085271));
#6841=CARTESIAN_POINT('',(85.2328731741375,22.6046235540086,13.7169891890016));
#6842=CARTESIAN_POINT('Origin',(-22.7043804573547,22.7304565850349,10.6390378886122));
#6843=CARTESIAN_POINT('',(-22.7043804573547,22.7304565850349,10.6390378886122));
#6844=CARTESIAN_POINT('',(-22.7043804573547,22.7304565850349,-25.0011540344234));
#6845=CARTESIAN_POINT('',(-22.7043804573547,22.7304565850349,-3.512));
#6846=CARTESIAN_POINT('',(-22.7043743967531,22.7354565813618,-25.0011540344234));
#6847=CARTESIAN_POINT('',(-22.7043804573547,22.7304565850349,-25.0011540344234));
#6848=CARTESIAN_POINT('',(-22.7043743967531,22.7354565813618,10.6390378886122));
#6849=CARTESIAN_POINT('',(-22.7043743967531,22.7354565813619,-3.512));
#6850=CARTESIAN_POINT('',(-22.7043804573547,22.7304565850349,10.6390378886122));
#6851=CARTESIAN_POINT('Origin',(82.0958563025375,22.603425995023,16.817));
#6852=CARTESIAN_POINT('',(82.0958563025375,22.603425995023,16.817));
#6853=CARTESIAN_POINT('',(82.0958563025375,22.603425995023,-18.9445));
#6854=CARTESIAN_POINT('',(82.0958623631391,22.60842599135,16.817));
#6855=CARTESIAN_POINT('',(82.0958623631391,22.60842599135,-18.9445));
#6856=CARTESIAN_POINT('',(82.0958563025375,22.603425995023,16.817));
#6857=CARTESIAN_POINT('Origin',(-24.1126440717195,22.7321635712342,12.4600000000001));
#6858=CARTESIAN_POINT('',(-17.9768395039318,22.7247262323641,16.817));
#6859=CARTESIAN_POINT('',(-24.1126440717194,22.7321635712343,12.46));
#6860=CARTESIAN_POINT('',(-3.75097648417552,22.7074827620372,26.9187045918439));
#6861=CARTESIAN_POINT('',(-17.9768334433302,22.729726228691,16.817));
#6862=CARTESIAN_POINT('',(-17.9768395039318,22.7247262323641,16.817));
#6863=CARTESIAN_POINT('',(-24.1126380111178,22.7371635675612,12.46));
#6864=CARTESIAN_POINT('',(-3.75097042357391,22.7124827583641,26.9187045918439));
#6865=CARTESIAN_POINT('',(-24.1126440717194,22.7321635712343,12.46));
#6866=CARTESIAN_POINT('Origin',(-24.1126440717194,22.7321635712343,-26.508));
#6867=CARTESIAN_POINT('',(-24.1126440717194,22.7321635712343,-26.508));
#6868=CARTESIAN_POINT('',(-24.1126440717194,22.7321635712343,-15.4325));
#6869=CARTESIAN_POINT('',(-24.1126380111178,22.7371635675612,-26.508));
#6870=CARTESIAN_POINT('',(-24.1126380111178,22.7371635675612,-15.4325));
#6871=CARTESIAN_POINT('',(-24.1126440717194,22.7321635712343,-26.508));
#6872=CARTESIAN_POINT('Origin',(-17.9768395039318,22.7247262323641,-30.865));
#6873=CARTESIAN_POINT('',(-17.9768395039318,22.7247262323641,-30.865));
#6874=CARTESIAN_POINT('',(-3.75097648417553,22.7074827620372,-40.9667045918439));
#6875=CARTESIAN_POINT('',(-17.9768334433302,22.729726228691,-30.865));
#6876=CARTESIAN_POINT('',(-3.75097042357392,22.7124827583641,-40.9667045918439));
#6877=CARTESIAN_POINT('',(-17.9768395039318,22.7247262323641,-30.865));
#6878=CARTESIAN_POINT('Origin',(61.5460384621304,22.6283348651326,-29.865));
#6879=CARTESIAN_POINT('',(61.5460384621304,22.6283348651326,-29.865));
#6880=CARTESIAN_POINT('',(61.5460384621304,22.6283348651326,-30.865));
#6881=CARTESIAN_POINT('',(61.5460384621304,22.6283348651326,-18.9445));
#6882=CARTESIAN_POINT('',(61.546044522732,22.6333348614595,-30.865));
#6883=CARTESIAN_POINT('',(61.5460384621304,22.6283348651326,-30.865));
#6884=CARTESIAN_POINT('',(61.546044522732,22.6333348614595,-29.865));
#6885=CARTESIAN_POINT('',(61.546044522732,22.6333348614595,-18.9445));
#6886=CARTESIAN_POINT('',(61.5460384621304,22.6283348651326,-29.865));
#6887=CARTESIAN_POINT('Origin',(85.0338003800652,22.6048648543651,13.5682246312273));
#6888=CARTESIAN_POINT('',(-19.6636734880922,22.731770883291,-25.0011540344234));
#6889=CARTESIAN_POINT('',(-16.5506757749584,22.7279975527316,-28.1141540344233));
#6890=CARTESIAN_POINT('Origin',(-19.6636734880922,22.7317708832881,-28.1141540344234));
#6891=CARTESIAN_POINT('',(-16.5506757749584,22.7279975527298,-29.865));
#6892=CARTESIAN_POINT('',(-16.5506757749583,22.7279975527288,-30.865000000001));
#6893=CARTESIAN_POINT('',(30.9580031732342,22.6704112752165,-29.865));
#6894=CARTESIAN_POINT('',(59.4405319015213,22.6358869979701,-30.865));
#6895=CARTESIAN_POINT('',(59.4405319015213,22.6358869979701,16.817));
#6896=CARTESIAN_POINT('',(87.3598563029423,22.6020453926375,11.5899999990227));
#6897=CARTESIAN_POINT('',(85.2328701438389,22.6046235576816,13.7169861586986));
#6898=CARTESIAN_POINT('',(87.3598563031451,22.6020453926313,10.0310378886122));
#6899=CARTESIAN_POINT('',(87.3598563025375,22.6020453926374,6.7841123156101));
#6900=CARTESIAN_POINT('',(82.3456188321192,22.608123256244,10.0310378886122));
#6901=CARTESIAN_POINT('',(82.0701874183866,22.6084571125031,10.0310378886122));
#6902=CARTESIAN_POINT('',(81.332699531087,22.6093510372149,10.7440379131985));
#6903=CARTESIAN_POINT('Origin',(82.3456188321192,22.6081232562412,11.1070378886122));
#6904=CARTESIAN_POINT('',(81.357853832822,22.6093205471442,15.817));
#6905=CARTESIAN_POINT('',(81.3628304814313,22.6093145148451,16.8206593335012));
#6906=CARTESIAN_POINT('',(-16.5506757749584,22.7279975527298,15.817));
#6907=CARTESIAN_POINT('',(58.8705154547367,22.6365779269965,15.817));
#6908=CARTESIAN_POINT('',(-16.5506757749584,22.7279975527319,13.752037888619));
#6909=CARTESIAN_POINT('',(-16.5506757749583,22.7279975527288,16.8170160103085));
#6910=CARTESIAN_POINT('',(-19.6636734880852,22.731770883291,10.6390378886122));
#6911=CARTESIAN_POINT('Origin',(-19.6636734880922,22.7317708832881,13.752037888619));
#6912=CARTESIAN_POINT('',(-22.7043743967531,22.7354565813618,10.6390378886122));
#6913=CARTESIAN_POINT('',(-22.7043743967531,22.7354565813618,-25.0011540344234));
#6914=CARTESIAN_POINT('',(-19.2065027144412,22.7312167369141,11.5705953714499));
#6915=CARTESIAN_POINT('Origin',(-19.2065027144412,22.7312167369147,13.0705953714499));
#6916=CARTESIAN_POINT('',(-19.5321692080853,22.731611484163,-28.9325593370767));
#6917=CARTESIAN_POINT('Origin',(-19.5321692080853,22.7316114841636,-27.4325593370767));
#6918=CARTESIAN_POINT('',(83.8859252651224,22.606256218141,11.0489795939324));
#6919=CARTESIAN_POINT('Origin',(83.8859252651224,22.6062562181414,12.5489795939324));
#6920=CARTESIAN_POINT('Origin',(83.1328563025375,22.6021690253326,-29.865));
#6921=CARTESIAN_POINT('',(82.0958563025375,22.603425995023,-29.865));
#6922=CARTESIAN_POINT('',(83.1328578250947,22.6034259950212,-29.8650000004318));
#6923=CARTESIAN_POINT('',(81.5958563025375,22.603425995023,-29.865));
#6924=CARTESIAN_POINT('',(82.0958623631391,22.60842599135,-29.865));
#6925=CARTESIAN_POINT('',(82.0958563025375,22.603425995023,-29.865));
#6926=CARTESIAN_POINT('',(83.1328623631391,22.6071690216595,-29.865));
#6927=CARTESIAN_POINT('',(54.8445622554926,22.6414578702609,-29.865));
#6928=CARTESIAN_POINT('',(83.1328563025375,22.6021690253326,-29.865));
#6929=CARTESIAN_POINT('Origin',(71.446038462137,22.6163348651326,-30.865));
#6930=CARTESIAN_POINT('',(71.4460384620987,22.6163348651326,-29.865));
#6931=CARTESIAN_POINT('',(71.4460384620987,22.6163348651326,-30.865));
#6932=CARTESIAN_POINT('',(71.446038462137,22.6163348651326,-18.9445));
#6933=CARTESIAN_POINT('',(71.4460445227003,22.6213348614595,-29.865));
#6934=CARTESIAN_POINT('',(71.4460384620987,22.6163348651326,-29.865));
#6935=CARTESIAN_POINT('',(71.4460445227003,22.6213348614595,-30.865));
#6936=CARTESIAN_POINT('',(71.4460445227386,22.6213348614595,-18.9445));
#6937=CARTESIAN_POINT('',(71.4460384620987,22.6163348651326,-30.865));
#6938=CARTESIAN_POINT('Origin',(82.0958563025375,22.603425995023,-29.865));
#6939=CARTESIAN_POINT('',(82.0958563025375,22.603425995023,-30.865));
#6940=CARTESIAN_POINT('',(82.0958563025375,22.603425995023,-18.9445));
#6941=CARTESIAN_POINT('',(82.0958623631391,22.60842599135,-30.865));
#6942=CARTESIAN_POINT('',(82.0958563025375,22.603425995023,-30.865));
#6943=CARTESIAN_POINT('',(82.0958623631391,22.60842599135,-18.9445));
#6944=CARTESIAN_POINT('Origin',(87.3598563025375,22.5970453889491,-25.638));
#6945=CARTESIAN_POINT('',(86.2208578096305,22.6034259959447,-26.7770015232078));
#6946=CARTESIAN_POINT('',(84.7371082360516,22.603425995023,-28.2607519471074));
#6947=CARTESIAN_POINT('',(85.0246308219988,22.6048759689695,-27.9732315411402));
#6948=CARTESIAN_POINT('Origin',(84.4182867108568,22.6056109315382,-27.1978136041992));
#6949=CARTESIAN_POINT('',(81.3432367568869,22.609338264812,-25.4081534955325));
#6950=CARTESIAN_POINT('',(82.4192359664379,22.6080340233555,-24.3321534955325));
#6951=CARTESIAN_POINT('Origin',(82.4192359664379,22.6080340233495,-25.4081534955325));
#6952=CARTESIAN_POINT('',(87.3598563025393,22.6020453921561,-24.3321534955326));
#6953=CARTESIAN_POINT('',(88.2948623631432,22.6009120519642,-24.3321534955326));
#6954=CARTESIAN_POINT('',(87.3598563029423,22.6020453926375,-25.6379999990227));
#6955=CARTESIAN_POINT('',(87.3598563025375,22.6020453926233,-13.5989068020823));
#6956=CARTESIAN_POINT('',(85.1835942934078,22.6046832859848,-27.8142620091297));
#6957=CARTESIAN_POINT('',(59.4405319015213,22.6358869979701,-30.865));
#6958=CARTESIAN_POINT('',(81.3432367568869,22.609338264812,-29.865));
#6959=CARTESIAN_POINT('',(30.9580031732342,22.6704112752165,-29.865));
#6960=CARTESIAN_POINT('',(81.3432367568869,22.609338264812,-29.9297231269987));
#6961=CARTESIAN_POINT('',(83.6278315183323,22.6065690590453,-28.2330910605003));
#6962=CARTESIAN_POINT('Origin',(83.6278315183323,22.6065690590433,-26.7330910605003));
#6963=CARTESIAN_POINT('Origin',(85.2463563025375,3.35224918009597,-27.7515));
#6964=CARTESIAN_POINT('',(87.3598563025375,22.603425995023,-25.638));
#6965=CARTESIAN_POINT('',(87.3598563025375,3.35224918009597,-25.638));
#6966=CARTESIAN_POINT('',(83.6803563025375,22.603425995023,-29.3175));
#6967=CARTESIAN_POINT('Origin',(87.3598563025375,-4.38118892309958,0.));
#6968=CARTESIAN_POINT('',(87.3598563025375,22.603425995023,11.59));
#6969=CARTESIAN_POINT('',(87.3598563025375,3.35224918009597,11.59));
#6970=CARTESIAN_POINT('',(87.3598563025375,22.603425995023,-15.4325));
#6971=CARTESIAN_POINT('',(87.3598563025375,9.10736156626883,-24.3321534955326));
#6972=CARTESIAN_POINT('',(87.3598563025375,14.6008110769004,-3.31636237173697));
#6973=CARTESIAN_POINT('',(87.3598563025375,-0.458607046186209,10.6390378886122));
#6974=CARTESIAN_POINT('',(87.3598563025375,-3.52083345391152,7.0322684193298));
#6975=CARTESIAN_POINT('',(87.3598563025375,-0.458607046186209,10.0310378886122));
#6976=CARTESIAN_POINT('',(87.3598563025375,-0.458607046186208,5.31951894430608));
#6977=CARTESIAN_POINT('',(87.3598563025375,9.10792823293785,10.0310378886182));
#6978=CARTESIAN_POINT('',(87.3598563025375,16.4912754616391,-11.0422838313245));
#6979=CARTESIAN_POINT('',(87.3598563025375,18.7594023361115,-11.0422838313245));
#6980=CARTESIAN_POINT('',(87.3598563025375,5.90154326926978,-11.0422838313245));
#6981=CARTESIAN_POINT('',(87.3598563025375,19.4904023361115,-10.3112838313245));
#6982=CARTESIAN_POINT('Origin',(87.3598563025375,18.7594023361115,-10.3112838313245));
#6983=CARTESIAN_POINT('',(87.3598563025375,19.4904023361115,-2.66213616403139));
#6984=CARTESIAN_POINT('',(87.3598563025375,19.4904023361115,-0.965568082015698));
#6985=CARTESIAN_POINT('',(87.3598563025375,18.7594023361115,-1.9311361640314));
#6986=CARTESIAN_POINT('Origin',(87.3598563025375,18.7594023361115,-2.66213616403139));
#6987=CARTESIAN_POINT('',(87.3598563025375,16.4912754616391,-1.9311361640314));
#6988=CARTESIAN_POINT('',(87.3598563025375,5.90154326926978,-1.9311361640314));
#6989=CARTESIAN_POINT('',(87.3598563025375,15.7602754616391,-2.66213616403139));
#6990=CARTESIAN_POINT('Origin',(87.3598563025375,16.4912754616391,-2.66213616403139));
#6991=CARTESIAN_POINT('',(87.3598563025375,15.7602754616391,-10.3112838313245));
#6992=CARTESIAN_POINT('',(87.3598563025375,15.7602754616391,-5.52114191566227));
#6993=CARTESIAN_POINT('Origin',(87.3598563025375,16.4912754616391,-10.3112838313245));
#6994=CARTESIAN_POINT('',(87.3598563025375,5.78724360466003,8.50810289382935));
#6995=CARTESIAN_POINT('Origin',(87.3598563025375,7.28724360466003,8.50810289382935));
#6996=CARTESIAN_POINT('',(87.3598563025375,5.78724360466002,-22.4935048940174));
#6997=CARTESIAN_POINT('Origin',(87.3598563025375,7.28724360466002,-22.4935048940174));
#6998=CARTESIAN_POINT('Origin',(-19.6636795486938,22.7267708869636,-28.1141540344234));
#6999=CARTESIAN_POINT('',(-19.6636795486938,22.7267708869636,-25.0011540344234));
#7000=CARTESIAN_POINT('',(-16.55068183556,22.7229975564047,-28.1141540344233));
#7001=CARTESIAN_POINT('Origin',(-16.55068183556,22.7229975564029,-25.0011540344234));
#7002=CARTESIAN_POINT('',(-24.1143655734935,21.3119261045558,-25.0011540344239));
#7003=CARTESIAN_POINT('',(-19.6279352247008,25.8255469403109,-25.0011540344234));
#7004=CARTESIAN_POINT('',(-24.112644073534,22.7321635712353,-25.0011540344239));
#7005=CARTESIAN_POINT('Origin',(-19.6636795486938,22.7267708869636,13.752037888619));
#7006=CARTESIAN_POINT('',(-16.5755771074457,2.18439824939943,13.752037888619));
#7007=CARTESIAN_POINT('',(-16.55068183556,22.7229975564024,13.752037888619));
#7008=CARTESIAN_POINT('',(-19.6917830370888,-0.45860704618038,10.639037888619));
#7009=CARTESIAN_POINT('Origin',(-19.6885793943135,2.18439824939944,13.752037888619));
#7010=CARTESIAN_POINT('',(-19.6636795486868,22.7267708869641,10.6390378886122));
#7011=CARTESIAN_POINT('Origin',(-16.55068183556,22.7229975564029,10.6390378886122));
#7012=CARTESIAN_POINT('',(-16.5734520187968,3.93759638481594,15.817));
#7013=CARTESIAN_POINT('',(-16.5577040280016,16.9296887917093,15.817));
#7014=CARTESIAN_POINT('',(-16.5724257444902,4.7842726878126,16.8142372494435));
#7015=CARTESIAN_POINT('Origin',(82.4192299058363,22.6030340270229,-25.4081534955325));
#7016=CARTESIAN_POINT('',(81.3432306962853,22.6043382684889,-25.4081534955325));
#7017=CARTESIAN_POINT('',(82.4192299058363,22.6030340270229,-24.3321534955325));
#7018=CARTESIAN_POINT('Origin',(88.2948563025415,22.5959120556372,-24.3321534955326));
#7019=CARTESIAN_POINT('Origin',(82.3386242672264,16.8376072193237,11.1070378886122));
#7020=CARTESIAN_POINT('',(82.3177672163901,-0.36945972173465,10.031037625129));
#7021=CARTESIAN_POINT('',(82.3386242672264,16.8376072193237,10.0310378886122));
#7022=CARTESIAN_POINT('',(81.3048463988995,-0.369459723363004,10.7440379043852));
#7023=CARTESIAN_POINT('Origin',(82.3177672163901,-0.369459721734651,11.1070378886122));
#7024=CARTESIAN_POINT('',(81.3257049661942,16.8388350002945,10.7440379131985));
#7025=CARTESIAN_POINT('Origin',(81.3048464271385,-0.36945972173465,10.7440379131985));
#7026=CARTESIAN_POINT('',(81.3023249374651,-0.369459721734646,10.0310378886122));
#7027=CARTESIAN_POINT('',(81.6875138924618,-0.369459721734651,10.0310378886122));
#7028=CARTESIAN_POINT('',(81.3023249374651,-0.369459721734646,10.7440379131985));
#7029=CARTESIAN_POINT('',(81.3023249374652,-0.36945972173465,10.6915379009053));
#7030=CARTESIAN_POINT('',(39.9724986260411,-0.36945972173465,10.7440379131985));
#7031=CARTESIAN_POINT('Origin',(81.302217967352,-0.45771006512776,10.6390378886122));
#7032=CARTESIAN_POINT('',(81.3022179683461,-0.457710065128962,10.0310378886122));
#7033=CARTESIAN_POINT('',(81.3161949759344,11.0733220160534,10.0310378886122));
#7034=CARTESIAN_POINT('',(81.3022179673519,-0.457710065127763,10.6400943761037));
#7035=CARTESIAN_POINT('',(81.302217967352,-0.457710065127756,10.3350378886122));
#7036=CARTESIAN_POINT('',(81.3085110473942,4.73408097010896,16.7551201460942));
#7037=CARTESIAN_POINT('Origin',(82.070181357785,22.6034571161762,10.0310378886122));
#7038=CARTESIAN_POINT('',(82.0422273406203,-0.458607046186206,10.0310378886122));
#7039=CARTESIAN_POINT('',(40.1644919528708,-0.458607046186208,10.0310378886122));
#7040=CARTESIAN_POINT('',(82.0422273406203,-0.458607046186206,10.0310378886122));
#7041=CARTESIAN_POINT('Origin',(81.3628244208297,22.6043145185182,16.8206593335012));
#7042=CARTESIAN_POINT('',(81.3352214398994,3.93759638481594,15.817));
#7043=CARTESIAN_POINT('',(81.3508796148386,6.15786336938519,18.43208788292));
#7044=CARTESIAN_POINT('',(81.3508255797788,16.8110117861288,15.817));
#7045=CARTESIAN_POINT('Origin',(82.0422273406203,-0.458607046186206,10.0310378886122));
#7046=CARTESIAN_POINT('',(82.0422273406203,-0.458607046186206,10.6390378886122));
#7047=CARTESIAN_POINT('',(82.0422273406203,-0.458607046186206,10.0310378886122));
#7048=CARTESIAN_POINT('',(39.7795486069863,-0.407379556815667,10.6993749506215));
#7049=CARTESIAN_POINT('Origin',(87.3598563025375,-0.458607046186208,10.6390378886122));
#7050=CARTESIAN_POINT('',(40.1644919528708,-0.458607046186208,10.6390378886122));
#7051=CARTESIAN_POINT('Origin',(83.6171151625727,13.7655755537973,-26.7330910605116));
#7052=CARTESIAN_POINT('',(83.6064048674147,4.92958204488478,-28.2330910605229));
#7053=CARTESIAN_POINT('',(83.6171151625727,13.7655755537992,-28.2330910605116));
#7054=CARTESIAN_POINT('Origin',(83.6064048674147,4.92958204488287,-26.7330910605229));
#7055=CARTESIAN_POINT('Origin',(83.6064048674147,4.92958204488287,-26.7330910605229));
#7056=CARTESIAN_POINT('Origin',(83.875208909352,13.7652627129002,12.5489795939347));
#7057=CARTESIAN_POINT('',(83.8644986141831,4.92926920398538,11.0489795939371));
#7058=CARTESIAN_POINT('',(83.875208909352,13.7652627128998,11.0489795939347));
#7059=CARTESIAN_POINT('Origin',(83.8644986141832,4.92926920398577,12.5489795939371));
#7060=CARTESIAN_POINT('Origin',(83.8644986141832,4.92926920398577,12.5489795939371));
#7061=CARTESIAN_POINT('Origin',(-19.5428855638461,13.8906179789232,-27.4325593370732));
#7062=CARTESIAN_POINT('',(-19.5535958590052,5.05462447000817,-28.9325593370697));
#7063=CARTESIAN_POINT('',(-19.5428855638461,13.8906179789226,-28.9325593370732));
#7064=CARTESIAN_POINT('Origin',(-19.5535958590052,5.05462447000876,-27.4325593370697));
#7065=CARTESIAN_POINT('Origin',(-19.5535958590052,5.05462447000876,-27.4325593370697));
#7066=CARTESIAN_POINT('Origin',(-19.217219070202,13.8902232316573,13.0705953714535));
#7067=CARTESIAN_POINT('',(-19.2279293653611,5.05422972274225,11.570595371457));
#7068=CARTESIAN_POINT('',(-19.217219070202,13.8902232316567,11.5705953714535));
#7069=CARTESIAN_POINT('Origin',(-19.2279293653611,5.05422972274285,13.070595371457));
#7070=CARTESIAN_POINT('Origin',(-19.2279293653611,5.05422972274285,13.070595371457));
#7071=CARTESIAN_POINT('Origin',(-16.55068183556,22.7229975564019,-30.865000000001));
#7072=CARTESIAN_POINT('',(-16.5577040280016,16.9296887917088,-29.865));
#7073=CARTESIAN_POINT('Origin',(-20.2866790910267,22.7275260379244,-28.7371540344234));
#7074=CARTESIAN_POINT('',(-20.2902157707405,19.8097652738588,-29.865));
#7075=CARTESIAN_POINT('',(-20.288274183959,21.4115743687514,-28.7371540344234));
#7076=CARTESIAN_POINT('',(-20.2832213709215,25.5801451249004,-25.8020316627659));
#7077=CARTESIAN_POINT('',(-20.2937012834683,16.9342172732308,-29.865));
#7078=CARTESIAN_POINT('',(-20.2866790910267,22.7275260379244,-28.7371540344234));
#7079=CARTESIAN_POINT('Origin',(-24.112644073534,22.7321635712353,-25.0011540344239));
#7080=CARTESIAN_POINT('',(-24.1143655734935,21.3119261045558,-26.0937864376269));
#7081=CARTESIAN_POINT('',(-24.1143655734935,21.3119261045558,-12.5005770172119));
#7082=CARTESIAN_POINT('',(-24.1189161306985,17.5577164102198,-28.7371540344188));
#7083=CARTESIAN_POINT('',(-24.1096706639415,25.1852264852522,-23.3665661828762));
#7084=CARTESIAN_POINT('',(-24.112644073534,22.7321635712353,-28.7371540344188));
#7085=CARTESIAN_POINT('Origin',(-24.112644073534,22.7321635712353,-28.7371540344188));
#7086=CARTESIAN_POINT('',(-15.9011681154692,25.8252689588372,-28.7371540344453));
#7087=CARTESIAN_POINT('Origin',(-11.312655961036,32.5195130669329,-28.6865));
#7088=CARTESIAN_POINT('',(-37.1107913150855,3.47481107690042,-30.865));
#7089=CARTESIAN_POINT('',(-9.76757701594916,30.9837418263345,-30.865));
#7090=CARTESIAN_POINT('',(-37.3067185341552,3.40100616373379,-30.7780706642654));
#7091=CARTESIAN_POINT('',(-11.8597472884701,12.9867672032647,-42.0684279578982));
#7092=CARTESIAN_POINT('',(-38.0535730633104,8.70674410090646,-26.508));
#7093=CARTESIAN_POINT('',(-39.5418614793505,19.2797111275254,-17.9988506848211));
#7094=CARTESIAN_POINT('',(-12.8577349061229,34.0552843075313,-26.508));
#7095=CARTESIAN_POINT('Origin',(25.2567873546483,11.0856872832915,-29.865));
#7096=CARTESIAN_POINT('',(-5.74503841181517,34.4430952228382,-29.865));
#7097=CARTESIAN_POINT('Origin',(25.2567873546483,11.0856872832915,-29.865));
#7098=CARTESIAN_POINT('',(55.4651448835277,22.3911677465217,-29.865));
#7099=CARTESIAN_POINT('',(55.4651448835277,16.7384275149066,-29.865));
#7100=CARTESIAN_POINT('',(56.4987495971296,22.3911677465217,-29.865));
#7101=CARTESIAN_POINT('',(41.643800752842,22.3911677465217,-29.865));
#7102=CARTESIAN_POINT('',(56.4987495971296,3.93759638481595,-29.865));
#7103=CARTESIAN_POINT('',(56.4987495971296,16.7384275149066,-29.865));
#7104=CARTESIAN_POINT('',(60.5964834185437,3.93759638481594,-29.865));
#7105=CARTESIAN_POINT('',(11.7577949513025,3.93759638481595,-29.865));
#7106=CARTESIAN_POINT('',(72.5060191661313,3.93759638481594,-29.865));
#7107=CARTESIAN_POINT('',(11.7577949513025,3.93759638481595,-29.865));
#7108=CARTESIAN_POINT('',(76.6666880669747,3.93759638481595,-29.865));
#7109=CARTESIAN_POINT('',(11.7577949513025,3.93759638481595,-29.865));
#7110=CARTESIAN_POINT('',(76.6666880669747,22.3911677465217,-29.865));
#7111=CARTESIAN_POINT('',(76.6666880669747,16.7384275149066,-29.865));
#7112=CARTESIAN_POINT('',(77.3652880490936,22.3911677465217,-29.865));
#7113=CARTESIAN_POINT('',(50.1624800339729,22.3911677465217,-29.865));
#7114=CARTESIAN_POINT('',(77.3652880490936,16.7384275149063,-29.865));
#7115=CARTESIAN_POINT('',(81.3362085038437,16.8110295037955,-29.865));
#7116=CARTESIAN_POINT('',(71.4460384620987,17.4399128197729,-29.865));
#7117=CARTESIAN_POINT('',(71.4460384620987,14.2628000515322,-29.865));
#7118=CARTESIAN_POINT('',(61.0350345105256,17.4399128197729,-29.865));
#7119=CARTESIAN_POINT('',(43.145910932587,17.4399128197729,-29.865));
#7120=CARTESIAN_POINT('',(61.0350345105256,22.6283348651326,-29.865));
#7121=CARTESIAN_POINT('',(61.0350345105256,16.8510110742121,-29.865));
#7122=CARTESIAN_POINT('',(48.3514129083735,22.6283348651326,-29.865));
#7123=CARTESIAN_POINT('Origin',(-21.1006784930472,22.7285127038652,16.8170160103085));
#7124=CARTESIAN_POINT('',(-21.1234553613117,3.93759638481594,15.817));
#7125=CARTESIAN_POINT('',(-21.1241016081108,3.40444277549325,15.1890378886122));
#7126=CARTESIAN_POINT('',(-21.1205789714741,6.31061800007739,18.6120062380364));
#7127=CARTESIAN_POINT('',(-21.1052102278928,18.9898314563602,15.817));
#7128=CARTESIAN_POINT('',(-21.1077006854892,16.9352039391721,15.817));
#7129=CARTESIAN_POINT('',(-21.1041291911448,19.8816867734599,15.1890378886122));
#7130=CARTESIAN_POINT('',(-21.0981576439247,24.8082132316492,11.7202331428445));
#7131=CARTESIAN_POINT('',(-21.1006784930476,22.7285127038662,15.1890378886122));
#7132=CARTESIAN_POINT('Origin',(-21.1006784930476,22.7285127038662,15.1890378886122));
#7133=CARTESIAN_POINT('',(-24.136071613891,3.40444277549024,15.1890378886086));
#7134=CARTESIAN_POINT('',(-11.4209379725455,3.40444277549325,15.1890378886122));
#7135=CARTESIAN_POINT('',(-24.1197766807321,16.8477626324256,15.1890378886086));
#7136=CARTESIAN_POINT('',(-14.7991016418352,26.2249266109472,15.1890378886122));
#7137=CARTESIAN_POINT('',(-24.112644073534,22.7321635712353,15.1890378886086));
#7138=CARTESIAN_POINT('Origin',(-24.112644073534,22.7321635712353,15.1890378886086));
#7139=CARTESIAN_POINT('',(-24.1407540985231,-0.458607046188906,10.639037888609));
#7140=CARTESIAN_POINT('',(-24.1330339153069,5.91054410751202,18.1407888592295));
#7141=CARTESIAN_POINT('',(-24.1143655734935,21.3119261045558,12.0457864376269));
#7142=CARTESIAN_POINT('',(-24.1108791304239,24.1882416372109,10.0205507965169));
#7143=CARTESIAN_POINT('',(-24.1143655734935,21.3119261045558,10.639037888609));
#7144=CARTESIAN_POINT('',(-24.1143655734935,21.3119261045558,7.59451894430431));
#7145=CARTESIAN_POINT('',(-24.112644073534,22.7321635712353,10.639037888609));
#7146=CARTESIAN_POINT('Origin',(-24.112644073534,22.7321635712353,10.639037888609));
#7147=CARTESIAN_POINT('',(-12.9269207627647,-0.458607046167412,10.6390378886343));
#7148=CARTESIAN_POINT('',(-21.5047115228995,23.937396240305,10.6390378886149));
#7149=CARTESIAN_POINT('Origin',(25.2567873546483,11.0856872832915,15.817));
#7150=CARTESIAN_POINT('',(-36.0667691845482,3.93759638481594,15.817));
#7151=CARTESIAN_POINT('',(11.7577949513025,3.93759638481594,15.817));
#7152=CARTESIAN_POINT('',(-5.74503841181518,34.4430952228382,15.817));
#7153=CARTESIAN_POINT('Origin',(25.2567873546483,11.0856872832915,15.817));
#7154=CARTESIAN_POINT('',(11.7577949513025,3.93759638481594,15.817));
#7155=CARTESIAN_POINT('Origin',(25.2567873546483,11.0856872832915,16.817));
#7156=CARTESIAN_POINT('',(-37.1107913150855,3.47481107690042,16.817));
#7157=CARTESIAN_POINT('',(-9.76757701594916,30.9837418263345,16.817));
#7158=CARTESIAN_POINT('',(84.0678563025375,3.47481107690042,16.817));
#7159=CARTESIAN_POINT('',(-1.74119745204332,3.47481107690042,16.817));
#7160=CARTESIAN_POINT('',(84.0678563025375,22.603425995023,16.817));
#7161=CARTESIAN_POINT('',(84.0678563025375,3.35224918009597,16.817));
#7162=CARTESIAN_POINT('',(82.0958563025375,22.603425995023,16.817));
#7163=CARTESIAN_POINT('Origin',(-11.312655961036,32.5195130669329,14.6385));
#7164=CARTESIAN_POINT('',(-38.0535730633104,8.70674410090646,12.46));
#7165=CARTESIAN_POINT('',(-12.8577349061229,34.0552843075313,12.46));
#7166=CARTESIAN_POINT('',(-37.3067185341552,3.40100616373379,16.7300706642654));
#7167=CARTESIAN_POINT('',(-39.0646700827047,15.889690182831,6.67914770186134));
#7168=CARTESIAN_POINT('',(-11.8597472884701,12.9867672032647,28.0204279578982));
#7169=CARTESIAN_POINT('Origin',(81.3432306962853,22.6043382684851,-24.3321534955326));
#7170=CARTESIAN_POINT('Origin',(-1.74119745204332,-0.453188923099577,-26.2385));
#7171=CARTESIAN_POINT('',(84.0678563025375,3.47481107690042,-30.865));
#7172=CARTESIAN_POINT('',(82.0958563025375,3.47481107690042,-30.865));
#7173=CARTESIAN_POINT('',(88.2948563025375,-0.114004658536732,-26.638));
#7174=CARTESIAN_POINT('',(70.5579503445252,14.9450176267917,-44.3749059580122));
#7175=CARTESIAN_POINT('',(88.2948563025375,-4.38118892309958,-21.612));
#7176=CARTESIAN_POINT('',(88.2948563025375,-7.74862030955224,-17.6457522124686));
#7177=CARTESIAN_POINT('',(-28.7391822587349,-4.38118892309958,-21.612));
#7178=CARTESIAN_POINT('',(-1.74119745204332,-4.38118892309958,-21.612));
#7179=CARTESIAN_POINT('',(-36.8478194218352,0.140935648629432,-26.9382752879593));
#7180=CARTESIAN_POINT('',(-23.8222200725604,-7.12334091154306,-18.3822224606584));
#7181=CARTESIAN_POINT('',(-35.8618410158444,-6.86356499999849,-18.6881932485303));
#7182=CARTESIAN_POINT('Origin',(86.1813563025375,3.35224918009597,-28.7515));
#7183=CARTESIAN_POINT('',(84.0678563025375,22.603425995023,-30.865));
#7184=CARTESIAN_POINT('',(84.0678563025375,3.35224918009597,-30.865));
#7185=CARTESIAN_POINT('',(88.2948563025375,22.603425995023,-26.638));
#7186=CARTESIAN_POINT('',(84.6316063025375,22.603425995023,-30.30125));
#7187=CARTESIAN_POINT('',(88.2948563025375,3.35224918009597,-26.638));
#7188=CARTESIAN_POINT('Origin',(86.1813563025375,3.35224918009597,14.7035));
#7189=CARTESIAN_POINT('',(88.2948563025375,-0.114004658536733,12.59));
#7190=CARTESIAN_POINT('',(88.2948563025375,22.603425995023,12.59));
#7191=CARTESIAN_POINT('',(88.2948563025375,3.35224918009597,12.59));
#7192=CARTESIAN_POINT('',(96.5521063025375,22.603425995023,4.33275000000002));
#7193=CARTESIAN_POINT('',(70.5579503445252,14.9450176267917,30.3269059580122));
#7194=CARTESIAN_POINT('Origin',(-1.74119745204332,0.309118193651319,11.5432845337518));
#7195=CARTESIAN_POINT('',(81.0958563025375,-3.38118892309958,7.19674535970694));
#7196=CARTESIAN_POINT('',(-35.9268350253805,0.772307861883869,12.0888413056657));
#7197=CARTESIAN_POINT('',(-26.1776487269182,-4.66473834302781,5.6849476531647));
#7198=CARTESIAN_POINT('',(-36.3570026561616,3.82826672519951,15.6882286990287));
#7199=CARTESIAN_POINT('',(-35.4505147356045,-2.61152464237674,8.10327585735567));
#7200=CARTESIAN_POINT('',(-11.3943752111498,13.2315776063439,26.7636914769346));
#7201=CARTESIAN_POINT('Origin',(85.9058563025373,7.28724360466002,-22.4935048940174));
#7202=CARTESIAN_POINT('',(88.2948563025375,5.78724360466002,-22.4935048940174));
#7203=CARTESIAN_POINT('Origin',(88.2948563025375,7.28724360466002,-22.4935048940174));
#7204=CARTESIAN_POINT('',(85.9058563025373,5.78724360466002,-22.4935048940174));
#7205=CARTESIAN_POINT('Origin',(85.9058563025375,7.28724360466003,8.50810289382935));
#7206=CARTESIAN_POINT('',(88.2948563025375,5.78724360466003,8.50810289382935));
#7207=CARTESIAN_POINT('Origin',(88.2948563025375,7.28724360466003,8.50810289382935));
#7208=CARTESIAN_POINT('',(85.9058563025375,5.78724360466003,8.50810289382935));
#7209=CARTESIAN_POINT('Origin',(25.2567873546483,11.0856872832915,-30.865));
#7210=CARTESIAN_POINT('',(61.0350345105256,22.6283348651326,-30.865));
#7211=CARTESIAN_POINT('',(48.3514129083735,22.6283348651326,-30.865));
#7212=CARTESIAN_POINT('',(61.0350345105256,17.4399128197729,-30.865));
#7213=CARTESIAN_POINT('',(61.0350345105256,16.8510110742121,-30.865));
#7214=CARTESIAN_POINT('',(71.4460384620987,17.4399128197729,-30.865));
#7215=CARTESIAN_POINT('',(43.145910932587,17.4399128197729,-30.865));
#7216=CARTESIAN_POINT('',(71.4460384620987,14.2628000515322,-30.865));
#7217=CARTESIAN_POINT('',(82.0958563025375,22.603425995023,-30.865));
#7218=CARTESIAN_POINT('Origin',(82.0958563025375,22.603425995023,-30.865));
#7219=CARTESIAN_POINT('',(88.2948563025375,22.603425995023,-18.9445));
#7220=CARTESIAN_POINT('',(95.6008563025375,22.603425995023,3.34900000000002));
#7221=CARTESIAN_POINT('Origin',(85.2463563025375,3.35224918009597,13.7035));
#7222=CARTESIAN_POINT('Origin',(-7.26849545598041,-3.38118892309957,-15.5824509203201));
#7223=CARTESIAN_POINT('',(-7.26849545598041,3.09781107690043,-16.5219882936067));
#7224=CARTESIAN_POINT('',(-7.26849545598041,-3.38118892309957,-16.5219882936067));
#7225=CARTESIAN_POINT('',(-7.26849545598041,3.09781107690043,-15.5824509203201));
#7226=CARTESIAN_POINT('',(-7.26849545598041,3.09781107690043,-15.8173352636417));
#7227=CARTESIAN_POINT('',(-7.26849545598041,-3.38118892309957,-15.5824509203201));
#7228=CARTESIAN_POINT('Origin',(-22.4941384514838,-3.38118892309957,-15.5824509203201));
#7229=CARTESIAN_POINT('',(-22.4941384514838,3.09781107690043,-15.5824509203201));
#7230=CARTESIAN_POINT('',(-6.88049545598041,3.09781107690043,-15.5824509203201));
#7231=CARTESIAN_POINT('',(-22.4941384514837,-2.57618892309957,-15.5824509203201));
#7232=CARTESIAN_POINT('',(-22.4941384514838,-3.38118892309957,-15.5824509203201));
#7233=CARTESIAN_POINT('',(-7.26889453547053,-2.57618892309957,-15.5824509203201));
#7234=CARTESIAN_POINT('',(-18.6878274724804,-2.57618892309957,-15.5824509203201));
#7235=CARTESIAN_POINT('',(-7.26889453547053,-3.38118892309957,-15.5824509203201));
#7236=CARTESIAN_POINT('Origin',(-14.8815164934771,-2.57618892309957,-6.36360433874744));
#7237=CARTESIAN_POINT('',(-7.26889453547053,-2.57618892309957,2.8552422428252));
#7238=CARTESIAN_POINT('',(-22.4941384514837,-2.57618892309957,2.8552422428252));
#7239=CARTESIAN_POINT('',(-11.0752055144738,-2.57618892309957,2.8552422428252));
#7240=CARTESIAN_POINT('',(-7.26889453547053,-2.57618892309957,-15.5824509203201));
#7241=CARTESIAN_POINT('',(-22.4941384514837,-2.57618892309957,2.8552422428252));
#7242=CARTESIAN_POINT('Origin',(-22.4941384514838,-3.38118892309957,-16.5219882936067));
#7243=CARTESIAN_POINT('',(-22.4941384514838,3.09781107690043,3.87828495753303));
#7244=CARTESIAN_POINT('',(-22.4941384514838,-3.38118892309957,3.87828495753303));
#7245=CARTESIAN_POINT('',(-22.4941384514838,3.09781107690043,2.8552422428252));
#7246=CARTESIAN_POINT('',(-22.4941384514838,3.09781107690043,2.8552422428252));
#7247=CARTESIAN_POINT('',(-22.4941384514838,-3.38118892309957,2.8552422428252));
#7248=CARTESIAN_POINT('',(-22.4941384514838,3.09781107690043,-16.5219882936067));
#7249=CARTESIAN_POINT('',(-22.4941384514838,3.09781107690043,-15.5824509203201));
#7250=CARTESIAN_POINT('',(-22.4941384514838,-3.38118892309957,-16.5219882936067));
#7251=CARTESIAN_POINT('Origin',(-6.88049545598041,-3.38118892309957,-16.5219882936067));
#7252=CARTESIAN_POINT('',(-22.4941384514838,3.09781107690043,-16.5219882936067));
#7253=CARTESIAN_POINT('Origin',(-14.6873169537321,3.09781107690043,-16.0522196069634));
#7254=CARTESIAN_POINT('Origin',(-22.4941384514838,-3.38118892309957,3.87828495753303));
#7255=CARTESIAN_POINT('',(-7.26889453547055,3.09781107690043,3.87828495753303));
#7256=CARTESIAN_POINT('',(-7.26889453547055,-3.38118892309957,3.87828495753303));
#7257=CARTESIAN_POINT('',(-22.4941384514838,3.09781107690043,3.87828495753303));
#7258=CARTESIAN_POINT('Origin',(-7.26889453547055,-3.38118892309957,2.8552422428252));
#7259=CARTESIAN_POINT('',(-7.26889453547055,3.09781107690043,2.8552422428252));
#7260=CARTESIAN_POINT('',(-7.26889453547055,3.09781107690043,2.8552422428252));
#7261=CARTESIAN_POINT('',(-7.26889453547055,-3.38118892309957,2.8552422428252));
#7262=CARTESIAN_POINT('Origin',(-7.26889453547055,-3.38118892309957,3.87828495753303));
#7263=CARTESIAN_POINT('',(-7.26889453547055,3.09781107690043,3.87828495753303));
#7264=CARTESIAN_POINT('Origin',(-14.8815164934772,3.09781107690043,3.36676360017912));
#7265=CARTESIAN_POINT('Origin',(-37.6060969371396,0.254391487527328,2.7545483961724));
#7266=CARTESIAN_POINT('',(-27.5220212836531,10.399582751035,-7.28617646934468));
#7267=CARTESIAN_POINT('',(-27.3162535687758,10.6065975429721,-8.35669445043906));
#7268=CARTESIAN_POINT('Origin',(-23.6742702726615,14.2706534651235,-7.09111545555189));
#7269=CARTESIAN_POINT('',(-27.5220212836531,10.399582751035,-6.89605444175911));
#7270=CARTESIAN_POINT('',(-27.5220212836531,10.399582751035,-3.22339534566176));
#7271=CARTESIAN_POINT('',(-27.3162535687758,10.6065975429721,-5.82553646066472));
#7272=CARTESIAN_POINT('Origin',(-23.6742702726615,14.2706534651235,-7.09111545555189));
#7273=CARTESIAN_POINT('',(-27.3162535687758,10.6065975429722,3.19514761099879));
#7274=CARTESIAN_POINT('',(-27.3162535687758,10.6065975429721,-7.00688161812684));
#7275=CARTESIAN_POINT('',(-36.0712860740173,1.79850423466852,3.19514761099879));
#7276=CARTESIAN_POINT('',(-27.7255524576337,10.1948180547878,3.19514761099879));
#7277=CARTESIAN_POINT('',(-36.0712860740173,1.79850423466852,-17.2089108472525));
#7278=CARTESIAN_POINT('',(-36.0712860740173,1.79850423466852,1.3772741980862));
#7279=CARTESIAN_POINT('',(-27.3162535687758,10.6065975429721,-17.2089108472525));
#7280=CARTESIAN_POINT('',(-29.7195053427096,8.18878060677203,-17.2089108472525));
#7281=CARTESIAN_POINT('',(-27.3162535687758,10.6065975429721,-7.00688161812684));
#7282=CARTESIAN_POINT('Origin',(-27.2969148674917,26.5610261033261,-16.7683116324261));
#7283=CARTESIAN_POINT('',(-27.3071709350011,18.099770407524,-7.74757150215466));
#7284=CARTESIAN_POINT('Origin',(-27.3118069444639,14.275062600483,-7.09111545555189));
#7285=CARTESIAN_POINT('',(-27.3071709350011,18.099770407524,-22.0339108472525));
#7286=CARTESIAN_POINT('',(-27.3055321948647,19.4517310201659,-22.9044646265276));
#7287=CARTESIAN_POINT('',(-27.3071709350011,18.099770407524,-8.38415581621304));
#7288=CARTESIAN_POINT('Origin',(-28.3165040631307,10.4005457604646,-9.20133908749591));
#7289=CARTESIAN_POINT('',(-28.930284898018,10.4012897372341,-7.28617646934468));
#7290=CARTESIAN_POINT('',(-28.3165040631307,10.4005457604646,-7.28617646934468));
#7291=CARTESIAN_POINT('',(-28.930284898018,10.4012897372341,-6.89605444175911));
#7292=CARTESIAN_POINT('',(-28.930284898018,10.4012897372341,-3.22339534566176));
#7293=CARTESIAN_POINT('',(-28.3165040631307,10.4005457604646,-6.89605444175911));
#7294=CARTESIAN_POINT('Origin',(-28.3118062098458,14.2762747208046,-7.09111545555189));
#7295=CARTESIAN_POINT('',(-27.3071709350011,18.099770407524,-6.43465940894912));
#7296=CARTESIAN_POINT('Origin',(-31.1042691020511,14.2796595243101,-7.09111545555189));
#7297=CARTESIAN_POINT('Origin',(-27.3118069444639,14.275062600483,-7.09111545555189));
#7298=CARTESIAN_POINT('',(-28.3157537606517,11.019545305736,-4.98089182360785));
#7299=CARTESIAN_POINT('Origin',(-25.0825338870264,14.2723604513226,-7.09111545555189));
#7300=CARTESIAN_POINT('',(-28.3157537606517,11.019545305736,-9.20133908749593));
#7301=CARTESIAN_POINT('Origin',(-28.3118062098458,14.2762747208046,-7.09111545555189));
#7302=CARTESIAN_POINT('Origin',(-25.0825338870264,14.2723604513226,-7.09111545555189));
#7303=CARTESIAN_POINT('Origin',(-38.3153367558621,0.959358777221344,2.7545483961724));
#7304=CARTESIAN_POINT('',(-28.3157537606517,11.019545305736,-16.7683116324261));
#7305=CARTESIAN_POINT('',(-28.3157537606517,11.019545305736,-7.00688161812684));
#7306=CARTESIAN_POINT('',(-37.1307769773349,2.15109770592141,-16.7683116324261));
#7307=CARTESIAN_POINT('',(-22.5421535670021,16.8281370157108,-16.7683116324261));
#7308=CARTESIAN_POINT('',(-37.1307769773349,2.1510977059214,2.7545483961724));
#7309=CARTESIAN_POINT('',(-37.1307769773349,2.15109770592141,1.3772741980862));
#7310=CARTESIAN_POINT('',(-28.3157537606517,11.019545305736,2.7545483961724));
#7311=CARTESIAN_POINT('',(-18.5542477968503,20.8402119117423,2.7545483961724));
#7312=CARTESIAN_POINT('',(-28.3157537606517,11.019545305736,-7.00688161812684));
#7313=CARTESIAN_POINT('Origin',(-19.6060187918887,25.8475961999886,0.));
#7314=CARTESIAN_POINT('',(-36.9940821599928,8.35415062965357,12.0457864376269));
#7315=CARTESIAN_POINT('',(-15.8772569396446,29.5989566089129,12.0457864376269));
#7316=CARTESIAN_POINT('',(-36.9940821599928,8.35415062965358,8.02014761099879));
#7317=CARTESIAN_POINT('',(-36.9940821599928,8.35415062965358,0.));
#7318=CARTESIAN_POINT('',(-27.3071709350011,18.099770407524,8.02014761099879));
#7319=CARTESIAN_POINT('',(-20.5964880267981,24.8511241212312,8.02014761099879));
#7320=CARTESIAN_POINT('',(-27.3071709350011,18.099770407524,-8.38415581621304));
#7321=CARTESIAN_POINT('',(-36.9940821599928,8.35415062965358,-22.0339108472525));
#7322=CARTESIAN_POINT('',(-22.590440911874,22.8450866732155,-22.0339108472525));
#7323=CARTESIAN_POINT('',(-36.9940821599928,8.35415062965358,-26.0937864376269));
#7324=CARTESIAN_POINT('',(-36.9940821599928,8.35415062965358,0.));
#7325=CARTESIAN_POINT('',(-15.8772569396446,29.5989566089129,-26.0937864376269));
#7326=CARTESIAN_POINT('Origin',(-28.2969141328736,26.5622382236477,-16.7683116324261));
#7327=CARTESIAN_POINT('',(-28.3066711268771,18.5127181702878,7.5795483961724));
#7328=CARTESIAN_POINT('',(-28.308806912384,16.7506951269373,6.44494742835199));
#7329=CARTESIAN_POINT('',(-28.3066711268771,18.5127181702878,-21.5933116324261));
#7330=CARTESIAN_POINT('',(-28.3066711268771,18.5127181702878,-8.38415581621304));
#7331=CARTESIAN_POINT('',(-28.3051420849719,19.7741777421202,-22.4055900282556));
#7332=CARTESIAN_POINT('Origin',(-0.567641666993891,-3.38118892309957,-18.4399438403705));
#7333=CARTESIAN_POINT('',(0.432358333006109,2.96681107690043,-18.4399438403705));
#7334=CARTESIAN_POINT('',(0.432358333006109,-3.38118892309957,-18.4399438403705));
#7335=CARTESIAN_POINT('',(-0.567641666993891,2.96681107690043,-18.4399438403705));
#7336=CARTESIAN_POINT('',(0.432358333006109,2.96681107690043,-18.4399438403705));
#7337=CARTESIAN_POINT('',(-0.567641666993891,-3.38118892309957,-18.4399438403705));
#7338=CARTESIAN_POINT('Origin',(-0.567641666993891,-3.38118892309957,-20.8140566469443));
#7339=CARTESIAN_POINT('',(-0.567641666993891,2.96681107690043,-20.8140566469443));
#7340=CARTESIAN_POINT('',(-0.567641666993891,2.96681107690043,-18.4399438403705));
#7341=CARTESIAN_POINT('',(-0.567641666993891,-3.38118892309957,-20.8140566469443));
#7342=CARTESIAN_POINT('Origin',(12.5144784847995,-3.38118892309957,-20.8140566469443));
#7343=CARTESIAN_POINT('',(12.5144784847995,2.96681107690043,-20.8140566469443));
#7344=CARTESIAN_POINT('',(12.5144784847995,2.96681107690043,-20.8140566469443));
#7345=CARTESIAN_POINT('',(12.5144784847995,-3.38118892309957,-20.8140566469443));
#7346=CARTESIAN_POINT('Origin',(12.5144784847995,-3.38118892309957,-18.4399438403705));
#7347=CARTESIAN_POINT('',(12.5144784847995,2.96681107690043,-18.4399438403705));
#7348=CARTESIAN_POINT('',(12.5144784847995,2.96681107690043,-18.4399438403705));
#7349=CARTESIAN_POINT('',(12.5144784847995,-3.38118892309957,-18.4399438403705));
#7350=CARTESIAN_POINT('Origin',(11.5144784847995,-3.38118892309957,-18.4399438403705));
#7351=CARTESIAN_POINT('',(11.5144784847995,2.96681107690043,-18.4399438403705));
#7352=CARTESIAN_POINT('',(11.5144784847995,2.96681107690043,-18.4399438403705));
#7353=CARTESIAN_POINT('',(11.5144784847995,-3.38118892309957,-18.4399438403705));
#7354=CARTESIAN_POINT('Origin',(11.4522922830667,-3.38118892309957,-19.8812636209529));
#7355=CARTESIAN_POINT('',(11.4522922830667,2.96681107690043,-19.8812636209529));
#7356=CARTESIAN_POINT('',(11.4522922830667,2.96681107690043,-19.8812636209529));
#7357=CARTESIAN_POINT('',(11.4522922830667,-3.38118892309957,-19.8812636209529));
#7358=CARTESIAN_POINT('Origin',(0.432358333006109,-3.38118892309957,-19.8812636209529));
#7359=CARTESIAN_POINT('',(0.432358333006109,2.96681107690043,-19.8812636209529));
#7360=CARTESIAN_POINT('',(0.432358333006109,2.96681107690043,-19.8812636209529));
#7361=CARTESIAN_POINT('',(0.432358333006109,-3.38118892309957,-19.8812636209529));
#7362=CARTESIAN_POINT('Origin',(0.432358333006109,-3.38118892309957,-18.4399438403705));
#7363=CARTESIAN_POINT('',(0.432358333006109,2.96681107690043,-18.4399438403705));
#7364=CARTESIAN_POINT('Origin',(5.9734184089028,2.96681107690043,-19.6270002436574));
#7365=CARTESIAN_POINT('Origin',(12.4522922830667,-3.38118892309957,4.83729056624623));
#7366=CARTESIAN_POINT('',(11.4522922830667,2.96681107690043,4.83729056624623));
#7367=CARTESIAN_POINT('',(11.4522922830667,-3.38118892309957,4.83729056624623));
#7368=CARTESIAN_POINT('',(12.4522922830667,2.96681107690043,4.83729056624623));
#7369=CARTESIAN_POINT('',(11.4522922830667,2.96681107690043,4.83729056624623));
#7370=CARTESIAN_POINT('',(12.4522922830667,-3.38118892309957,4.83729056624623));
#7371=CARTESIAN_POINT('Origin',(12.4522922830667,-3.38118892309957,7.19674535970694));
#7372=CARTESIAN_POINT('',(12.4522922830667,2.96681107690043,7.19674535970694));
#7373=CARTESIAN_POINT('',(12.4522922830667,2.96681107690043,4.83729056624623));
#7374=CARTESIAN_POINT('',(12.4522922830667,-3.38118892309957,7.19674535970694));
#7375=CARTESIAN_POINT('Origin',(-0.629827868726656,-3.38118892309957,7.19674535970694));
#7376=CARTESIAN_POINT('',(-0.629827868726656,2.96681107690043,7.19674535970694));
#7377=CARTESIAN_POINT('',(-28.4791856178239,2.96681107690043,7.19674535970694));
#7378=CARTESIAN_POINT('',(-0.629827868726657,-3.38118892309957,7.19674535970694));
#7379=CARTESIAN_POINT('Origin',(-0.629827868726657,-3.38118892309957,4.83729056624623));
#7380=CARTESIAN_POINT('',(-0.629827868726656,2.96681107690043,4.83729056624623));
#7381=CARTESIAN_POINT('',(-0.629827868726657,2.96681107690043,4.83729056624623));
#7382=CARTESIAN_POINT('',(-0.629827868726657,-3.38118892309957,4.83729056624623));
#7383=CARTESIAN_POINT('Origin',(0.370172131273342,-3.38118892309957,4.83729056624623));
#7384=CARTESIAN_POINT('',(0.370172131273341,2.96681107690043,4.83729056624623));
#7385=CARTESIAN_POINT('',(0.370172131273342,2.96681107690043,4.83729056624623));
#7386=CARTESIAN_POINT('',(0.370172131273342,-3.38118892309957,4.83729056624623));
#7387=CARTESIAN_POINT('Origin',(0.43235833300611,-3.38118892309957,6.27861034682863));
#7388=CARTESIAN_POINT('',(0.432358333006109,2.96681107690043,6.27861034682863));
#7389=CARTESIAN_POINT('',(0.43235833300611,2.96681107690043,6.27861034682863));
#7390=CARTESIAN_POINT('',(0.43235833300611,-3.38118892309957,6.27861034682863));
#7391=CARTESIAN_POINT('Origin',(11.4522922830667,-3.38118892309957,6.27861034682862));
#7392=CARTESIAN_POINT('',(11.4522922830667,2.96681107690043,6.27861034682862));
#7393=CARTESIAN_POINT('',(11.4522922830667,2.96681107690043,6.27861034682862));
#7394=CARTESIAN_POINT('',(11.4522922830667,-3.38118892309957,6.27861034682862));
#7395=CARTESIAN_POINT('Origin',(11.4522922830667,-3.38118892309957,4.83729056624623));
#7396=CARTESIAN_POINT('',(11.4522922830667,2.96681107690043,4.83729056624623));
#7397=CARTESIAN_POINT('Origin',(5.91123220717004,2.96681107690043,6.01701796297658));
#7398=CARTESIAN_POINT('Origin',(66.5584248937048,16.8411677465217,-27.0122178656793));
#7399=CARTESIAN_POINT('',(60.5964834185438,16.8411677465217,-27.8707315018685));
#7400=CARTESIAN_POINT('',(60.5314834185438,16.8411677465217,-25.6372178656793));
#7401=CARTESIAN_POINT('Origin',(66.5584248937048,16.8411677465217,-27.0122178656793));
#7402=CARTESIAN_POINT('',(72.5060191661314,16.8411677465217,-25.6372178656793));
#7403=CARTESIAN_POINT('',(72.5710191661314,16.8411677465217,-27.3039095783127));
#7404=CARTESIAN_POINT('Origin',(-1.74119745204332,0.259568231062511,-25.6333535390579));
#7405=CARTESIAN_POINT('',(72.5710191661314,5.37896131937494,-31.663107134546));
#7406=CARTESIAN_POINT('',(60.5314834185438,4.5566540356183,-30.6945723462823));
#7407=CARTESIAN_POINT('Origin',(60.5314834185438,22.3911677465217,-24.2622178656793));
#7408=CARTESIAN_POINT('Origin',(72.5710191661314,22.3911677465217,-27.5956012909461));
#7409=CARTESIAN_POINT('Origin',(72.5377503192317,16.8411677465217,-29.7622178656793));
#7410=CARTESIAN_POINT('',(72.5377503192317,16.8411677465217,-29.7622178656793));
#7411=CARTESIAN_POINT('',(60.5790994681779,16.8411677465217,-29.7622178656793));
#7412=CARTESIAN_POINT('Ctrl Pts',(60.5790994681779,16.8411677465217,-29.7622178656793));
#7413=CARTESIAN_POINT('Ctrl Pts',(60.5848941182998,12.5399772926198,-29.7964785771195));
#7414=CARTESIAN_POINT('Ctrl Pts',(60.5906887684218,8.23878683871785,-29.8307392885598));
#7415=CARTESIAN_POINT('Ctrl Pts',(60.5964834185437,3.93759638481594,-29.865));
#7416=CARTESIAN_POINT('Ctrl Pts',(60.5790994681779,16.8411677465217,-29.3905779915997));
#7417=CARTESIAN_POINT('Ctrl Pts',(60.5848941182998,12.4328349820728,-29.4225236764062));
#7418=CARTESIAN_POINT('Ctrl Pts',(60.5906887684218,8.02450221762395,-29.4544693612127));
#7419=CARTESIAN_POINT('Ctrl Pts',(60.5964834185437,3.61616945317508,-29.4864150460192));
#7420=CARTESIAN_POINT('Ctrl Pts',(60.5790994681779,16.8411677465217,-29.0189381175201));
#7421=CARTESIAN_POINT('Ctrl Pts',(60.5848941182998,12.3256926715259,-29.0485687756929));
#7422=CARTESIAN_POINT('Ctrl Pts',(60.5906887684218,7.81021759653005,-29.0781994338657));
#7423=CARTESIAN_POINT('Ctrl Pts',(60.5964834185437,3.29474252153423,-29.1078300920385));
#7424=CARTESIAN_POINT('Ctrl Pts',(60.5790994681779,16.8411677465217,-28.6472982434406));
#7425=CARTESIAN_POINT('Ctrl Pts',(60.5848941182998,12.2185503609789,-28.6746138749796));
#7426=CARTESIAN_POINT('Ctrl Pts',(60.5906887684218,7.59593297543614,-28.7019295065187));
#7427=CARTESIAN_POINT('Ctrl Pts',(60.5964834185437,2.97331558989337,-28.7292451380577));
#7428=CARTESIAN_POINT('',(60.5964834185438,2.97331558989337,-28.7292451380577));
#7429=CARTESIAN_POINT('',(60.5964834185437,2.97331558989337,-28.7292451380577));
#7430=CARTESIAN_POINT('Ctrl Pts',(60.5800378903403,16.0961677465204,-28.7292451380577));
#7431=CARTESIAN_POINT('Ctrl Pts',(60.5826277051081,14.0395711922613,-28.7292451336271));
#7432=CARTESIAN_POINT('Ctrl Pts',(60.5852114851562,11.9829750537468,-28.7292451380575));
#7433=CARTESIAN_POINT('Ctrl Pts',(60.5877894599019,9.92637868345337,-28.7292451380577));
#7434=CARTESIAN_POINT('Ctrl Pts',(60.5906947165815,7.60869099003485,-28.729245138058));
#7435=CARTESIAN_POINT('Ctrl Pts',(60.5935926002887,5.29100329435857,-28.7292451380577));
#7436=CARTESIAN_POINT('Ctrl Pts',(60.5964834185437,2.97331558989337,-28.7292451380577));
#7437=CARTESIAN_POINT('Ctrl Pts',(72.5377503192317,16.8411677465217,-28.6617854797284));
#7438=CARTESIAN_POINT('Ctrl Pts',(72.5271732681982,12.2227269740863,-28.6891913554533));
#7439=CARTESIAN_POINT('Ctrl Pts',(72.5165962171648,7.60428620165098,-28.7165972311782));
#7440=CARTESIAN_POINT('Ctrl Pts',(72.5060191661313,2.98584542921562,-28.744003106903));
#7441=CARTESIAN_POINT('Ctrl Pts',(72.5377503192317,16.8411677465217,-29.0285962750454));
#7442=CARTESIAN_POINT('Ctrl Pts',(72.5271732681982,12.3284770802641,-29.0582870960087));
#7443=CARTESIAN_POINT('Ctrl Pts',(72.5165962171648,7.8157864140066,-29.087977916972));
#7444=CARTESIAN_POINT('Ctrl Pts',(72.5060191661313,3.30309574774906,-29.1176687379354));
#7445=CARTESIAN_POINT('Ctrl Pts',(72.5377503192317,16.8411677465217,-29.3954070703623));
#7446=CARTESIAN_POINT('Ctrl Pts',(72.5271732681982,12.434227186442,-29.4273828365641));
#7447=CARTESIAN_POINT('Ctrl Pts',(72.5165962171648,8.02728662636223,-29.4593586027659));
#7448=CARTESIAN_POINT('Ctrl Pts',(72.5060191661313,3.6203460662825,-29.4913343689677));
#7449=CARTESIAN_POINT('Ctrl Pts',(72.5377503192317,16.8411677465217,-29.7622178656793));
#7450=CARTESIAN_POINT('Ctrl Pts',(72.5271732681982,12.5399772926198,-29.7964785771195));
#7451=CARTESIAN_POINT('Ctrl Pts',(72.5165962171648,8.23878683871786,-29.8307392885597));
#7452=CARTESIAN_POINT('Ctrl Pts',(72.5060191661313,3.93759638481594,-29.865));
#7453=CARTESIAN_POINT('',(72.5060191661313,3.93759638481594,-29.865));
#7454=CARTESIAN_POINT('Origin',(56.4987495971296,22.3911677465217,-28.7292451380577));
#7455=CARTESIAN_POINT('',(56.4987495971296,2.97331558989338,-28.7292451380577));
#7456=CARTESIAN_POINT('',(27.3787760725431,2.97331558989343,-28.7292451380578));
#7457=CARTESIAN_POINT('',(56.4987495971296,22.3911677465217,-28.7292451380577));
#7458=CARTESIAN_POINT('',(56.4987495971296,22.3911677465217,-28.7292451380577));
#7459=CARTESIAN_POINT('',(60.5964834185438,22.3911677465217,-28.7292451380577));
#7460=CARTESIAN_POINT('',(60.5964834185438,22.3911677465217,-28.7292451380577));
#7461=CARTESIAN_POINT('',(60.5964834185438,22.3911677465217,-28.7292451380577));
#7462=CARTESIAN_POINT('Origin',(-1.74119745204332,0.309118193651319,-25.5912845337518));
#7463=CARTESIAN_POINT('',(76.6666880669747,5.71180877807018,-31.9547132478082));
#7464=CARTESIAN_POINT('Origin',(72.5060191661314,22.3911677465217,-24.2622178656793));
#7465=CARTESIAN_POINT('',(72.5060191661314,22.3911677465217,-24.2622178656793));
#7466=CARTESIAN_POINT('',(72.5060191661314,19.6161677465217,-24.2622178656793));
#7467=CARTESIAN_POINT('',(72.5060191661314,22.3911677465217,-24.2622178656793));
#7468=CARTESIAN_POINT('Origin',(56.4987495971296,22.3911677465217,-29.8669607287048));
#7469=CARTESIAN_POINT('',(56.4987495971296,5.98882948464663,-32.2809954013154));
#7470=CARTESIAN_POINT('',(56.4987495971296,22.3911677465217,-28.7292451380577));
#7471=CARTESIAN_POINT('Origin',(60.5964834185438,22.3911677465217,-28.7292451380577));
#7472=CARTESIAN_POINT('',(60.5964834185438,22.3911677465217,-24.2622178656793));
#7473=CARTESIAN_POINT('',(60.5964834185438,22.3911677465217,-24.2622178656793));
#7474=CARTESIAN_POINT('',(60.5964834185438,22.3911677465217,-24.2622178656793));
#7475=CARTESIAN_POINT('Origin',(60.5964834185438,22.3911677465217,-24.2622178656793));
#7476=CARTESIAN_POINT('',(59.5964834185438,22.3911677465217,-24.2622178656793));
#7477=CARTESIAN_POINT('',(60.5964834185438,22.3911677465217,-24.2622178656793));
#7478=CARTESIAN_POINT('',(59.5964834185438,22.3911677465217,-24.2622178656793));
#7479=CARTESIAN_POINT('',(73.5060191661314,22.3911677465217,-24.2622178656793));
#7480=CARTESIAN_POINT('',(73.5060191661314,22.3911677465217,-24.2622178656793));
#7481=CARTESIAN_POINT('',(72.5060191661314,22.3911677465217,-24.2622178656793));
#7482=CARTESIAN_POINT('Origin',(58.0308141510357,22.3911677465217,-27.064589297192));
#7483=CARTESIAN_POINT('',(55.4651448835277,22.3911677465217,-27.7385194582746));
#7484=CARTESIAN_POINT('',(55.4651448835277,22.3911677465217,-27.7385194582746));
#7485=CARTESIAN_POINT('',(59.5964834185438,22.3911677465217,-27.7385194582746));
#7486=CARTESIAN_POINT('',(59.5964834185438,22.3911677465217,-27.7385194582746));
#7487=CARTESIAN_POINT('',(59.5964834185438,22.3911677465217,-24.2622178656793));
#7488=CARTESIAN_POINT('Origin',(59.5964834185438,22.3911677465217,-24.2622178656793));
#7489=CARTESIAN_POINT('',(59.5964834185438,22.3911677465217,-27.7385194582746));
#7490=CARTESIAN_POINT('Origin',(55.4651448835277,22.3911677465217,-27.7385194582746));
#7491=CARTESIAN_POINT('',(55.4651448835277,22.3911677465217,-27.7385194582746));
#7492=CARTESIAN_POINT('Origin',(59.5964834185438,22.3911677465217,-27.7385194582746));
#7493=CARTESIAN_POINT('Origin',(-1.74119745204332,0.309118193651319,-25.5912845337518));
#7494=CARTESIAN_POINT('Origin',(77.6303262604636,22.3911677465217,-27.5956012909461));
#7495=CARTESIAN_POINT('',(77.6303262604636,22.3911677465217,-27.5956012909461));
#7496=CARTESIAN_POINT('',(77.6303262604636,22.3911677465217,-27.5956012909461));
#7497=CARTESIAN_POINT('',(73.5060191661314,22.3911677465217,-27.5956012909461));
#7498=CARTESIAN_POINT('',(73.5060191661314,22.3911677465217,-27.5956012909461));
#7499=CARTESIAN_POINT('',(73.5060191661314,22.3911677465217,-27.5956012909461));
#7500=CARTESIAN_POINT('Origin',(73.5060191661314,22.3911677465217,-27.5956012909461));
#7501=CARTESIAN_POINT('',(73.5060191661314,22.3911677465217,-24.2622178656793));
#7502=CARTESIAN_POINT('Origin',(77.6303262604636,22.3911677465217,-29.8613293512811));
#7503=CARTESIAN_POINT('',(77.6303262604636,22.3911677465217,-29.8613293512811));
#7504=CARTESIAN_POINT('',(77.6303262604636,22.3911677465217,-29.8613293512811));
#7505=CARTESIAN_POINT('',(77.6303262604636,22.3911677465217,-27.5956012909461));
#7506=CARTESIAN_POINT('Origin',(76.6666880669747,22.3911677465217,-29.8746752657518));
#7507=CARTESIAN_POINT('',(77.6303262604636,22.3911677465217,-29.8613293512811));
#7508=CARTESIAN_POINT('Origin',(75.0681727132975,22.3911677465217,-27.0684465657156));
#7509=CARTESIAN_POINT('',(76.6666880669747,22.3911677465217,-28.744003106903));
#7510=CARTESIAN_POINT('Origin',(76.6666880669747,22.3911677465217,-28.744003106903));
#7511=CARTESIAN_POINT('Origin',(71.4460384620987,22.6283348651326,-30.865));
#7512=CARTESIAN_POINT('',(61.0350345105256,22.6283348651326,-30.865));
#7513=CARTESIAN_POINT('Origin',(61.0350345105256,22.6163348651326,-30.865));
#7514=CARTESIAN_POINT('',(61.0350345105256,17.4399128197729,-30.865));
#7515=CARTESIAN_POINT('Origin',(71.4460384620987,17.4399128197729,-30.865));
#7516=CARTESIAN_POINT('',(71.4460384620987,17.4399128197729,-30.865));
#7517=CARTESIAN_POINT('Origin',(61.0350345105256,17.4399128197729,-30.865));
#7518=CARTESIAN_POINT('Origin',(85.1189878140316,14.6008110769004,-6.63272474347394));
#7519=CARTESIAN_POINT('Origin',(88.2948563025373,18.7594023361115,-2.66213616403139));
#7520=CARTESIAN_POINT('',(88.2948563025375,19.4904023361115,-2.66213616403139));
#7521=CARTESIAN_POINT('',(88.2948563025373,19.4904023361115,-2.66213616403139));
#7522=CARTESIAN_POINT('',(88.2948563025375,18.7594023361115,-1.9311361640314));
#7523=CARTESIAN_POINT('Origin',(88.2948563025375,18.7594023361115,-2.66213616403139));
#7524=CARTESIAN_POINT('',(88.2948563025373,18.7594023361115,-1.9311361640314));
#7525=CARTESIAN_POINT('Origin',(88.2948563025373,19.4904023361115,-1.9311361640314));
#7526=CARTESIAN_POINT('',(88.2948563025375,19.4904023361115,-10.3112838313245));
#7527=CARTESIAN_POINT('',(88.2948563025373,19.4904023361115,-10.3112838313245));
#7528=CARTESIAN_POINT('',(88.2948563025375,19.4904023361115,-0.965568082015698));
#7529=CARTESIAN_POINT('Origin',(88.2948563025373,16.4912754616391,-2.66213616403139));
#7530=CARTESIAN_POINT('',(88.2948563025375,16.4912754616391,-1.9311361640314));
#7531=CARTESIAN_POINT('',(88.2948563025375,15.7602754616391,-2.66213616403139));
#7532=CARTESIAN_POINT('Origin',(88.2948563025375,16.4912754616391,-2.66213616403139));
#7533=CARTESIAN_POINT('',(88.2948563025373,15.7602754616391,-2.66213616403139));
#7534=CARTESIAN_POINT('',(88.2948563025373,16.4912754616391,-1.9311361640314));
#7535=CARTESIAN_POINT('Origin',(88.2948563025373,15.7602754616391,-11.0422838313245));
#7536=CARTESIAN_POINT('',(88.2948563025375,15.7602754616391,-10.3112838313245));
#7537=CARTESIAN_POINT('',(88.2948563025375,15.7602754616391,-5.52114191566227));
#7538=CARTESIAN_POINT('',(88.2948563025373,15.7602754616391,-10.3112838313245));
#7539=CARTESIAN_POINT('Origin',(88.2948563025373,16.4912754616391,-10.3112838313245));
#7540=CARTESIAN_POINT('',(88.2948563025375,16.4912754616391,-11.0422838313245));
#7541=CARTESIAN_POINT('Origin',(88.2948563025375,16.4912754616391,-10.3112838313245));
#7542=CARTESIAN_POINT('',(88.2948563025373,16.4912754616391,-11.0422838313245));
#7543=CARTESIAN_POINT('Origin',(88.2948563025373,18.7594023361115,-10.3112838313245));
#7544=CARTESIAN_POINT('',(88.2948563025375,18.7594023361115,-11.0422838313245));
#7545=CARTESIAN_POINT('Origin',(88.2948563025375,18.7594023361115,-10.3112838313245));
#7546=CARTESIAN_POINT('',(88.2948563025373,18.7594023361115,-11.0422838313245));
#7547=CARTESIAN_POINT('Origin',(88.2948563025373,16.1842754616391,-1.9311361640314));
#7548=CARTESIAN_POINT('',(88.2948563025375,5.90154326926978,-1.9311361640314));
#7549=CARTESIAN_POINT('Origin',(88.2948563025373,19.1414023361115,-11.0422838313245));
#7550=CARTESIAN_POINT('',(88.2948563025375,5.90154326926978,-11.0422838313245));
#7551=CARTESIAN_POINT('Origin',(-26.8514355293927,-6.31478007147589,-19.227577745223));
#7552=CARTESIAN_POINT('',(-26.8514355293927,-4.38118892309957,-17.727577745223));
#7553=CARTESIAN_POINT('Origin',(-26.8514355293927,-4.38118892309957,-19.227577745223));
#7554=CARTESIAN_POINT('',(-26.8514355293927,-6.31478007147589,-17.727577745223));
#7555=CARTESIAN_POINT('Origin',(-26.5893513396955,-6.31478007147589,4.75323459780293));
#7556=CARTESIAN_POINT('',(-26.5893513396955,-4.38118892309957,6.25323459780293));
#7557=CARTESIAN_POINT('Origin',(-26.5893513396955,-4.38118892309957,4.75323459780293));
#7558=CARTESIAN_POINT('',(-26.5893513396955,-6.31478007147589,6.25323459780293));
#7559=CARTESIAN_POINT('Origin',(84.6481075265705,-6.31478007147572,4.76272843853752));
#7560=CARTESIAN_POINT('',(84.6481075265705,-4.38118892309941,6.26272843853752));
#7561=CARTESIAN_POINT('Origin',(84.6481075265705,-4.38118892309941,4.76272843853752));
#7562=CARTESIAN_POINT('',(84.6481075265705,-6.31478007147572,6.26272843853752));
#7563=CARTESIAN_POINT('Origin',(84.4019944958035,-7.35518892309958,-18.3245457733402));
#7564=CARTESIAN_POINT('',(84.4019944958035,-4.38118892309958,-19.8245457733402));
#7565=CARTESIAN_POINT('',(84.4019944958035,-7.35518892309958,-19.8245457733402));
#7566=CARTESIAN_POINT('Origin',(84.4019944958035,-4.38118892309958,-18.3245457733402));
#7567=CARTESIAN_POINT('Origin',(88.2948563025375,-4.38118892309958,0.));
#7568=CARTESIAN_POINT('',(88.2948563025375,-4.38118892309958,7.564));
#7569=CARTESIAN_POINT('',(88.2948563025375,-4.28314057066241,7.67948388557804));
#7570=CARTESIAN_POINT('',(88.2948563025375,-4.38118892309958,0.));
#7571=CARTESIAN_POINT('Origin',(-42.6142132787117,4.5018072723955,0.));
#7572=CARTESIAN_POINT('',(-35.9268350253805,0.772307861883871,0.));
#7573=CARTESIAN_POINT('Origin',(-27.2969148674917,26.5610261033261,-16.7683116324261));
#7574=CARTESIAN_POINT('',(-27.3091970222768,16.428248404983,6.94382202662399));
#7575=CARTESIAN_POINT('Origin',(-23.9344886446548,18.2120845326547,-19.9187548634465));
#7576=CARTESIAN_POINT('',(-36.3801801616842,3.99292231144739,-18.8240173649801));
#7577=CARTESIAN_POINT('Origin',(-19.946582874503,22.2241594286862,5.90499162719284));
#7578=CARTESIAN_POINT('',(-37.0006021012006,8.40046901973365,8.05423825876577));
#7579=CARTESIAN_POINT('Origin',(-36.4604585926866,4.56322924576872,0.));
#7580=CARTESIAN_POINT('',(-38.0193922003163,15.6380675986813,6.1836725264818));
#7581=CARTESIAN_POINT('',(-38.4965835969621,19.0280885433757,-17.5033755094416));
#7582=CARTESIAN_POINT('Origin',(-10.8111476757299,32.0210259158756,-27.9793932188134));
#7583=CARTESIAN_POINT('Origin',(-10.8111476757299,32.0210259158756,13.9313932188135));
#7584=CARTESIAN_POINT('Origin',(-43.1012815932409,3.62844339806724,0.));
#7585=CARTESIAN_POINT('',(-36.8478194218352,0.140935648629431,12.8902752879593));
#7586=CARTESIAN_POINT('',(-36.8478194218352,0.140935648629432,0.));
#7587=CARTESIAN_POINT('',(-28.7391822587349,-4.38118892309958,7.564));
#7588=CARTESIAN_POINT('',(-28.7391822587349,-4.38118892309958,0.));
#7589=CARTESIAN_POINT('',(-26.4700467631625,-5.6466683340919,6.07348561737374));
#7590=CARTESIAN_POINT('Origin',(-24.4131282087919,18.6878407259236,-19.1808116324261));
#7591=CARTESIAN_POINT('',(-38.0535730633104,8.70674410090646,-21.5933116324261));
#7592=CARTESIAN_POINT('',(-37.4236750542645,4.23187833698805,-18.2997802230103));
#7593=CARTESIAN_POINT('',(-26.2841028505818,20.5475444361364,-21.5933116324261));
#7594=CARTESIAN_POINT('Origin',(-20.4252224386401,22.6999156219551,5.1670483961724));
#7595=CARTESIAN_POINT('',(-38.0535730633104,8.70674410090646,7.5795483961724));
#7596=CARTESIAN_POINT('',(-38.044096993781,8.63942504527431,7.53000111679601));
#7597=CARTESIAN_POINT('',(-22.29619708043,24.5596193321679,7.5795483961724));
#7598=CARTESIAN_POINT('Origin',(-20.3152586106112,26.5525634896826,0.));
#7599=CARTESIAN_POINT('',(-38.0535730633104,8.70674410090646,0.));
#7600=CARTESIAN_POINT('',(-38.0535730633104,8.70674410090646,0.));
#7601=CARTESIAN_POINT('Origin',(-37.4506962425728,4.42383987476795,0.));
#7602=CARTESIAN_POINT('',(-36.3456387382626,-3.42661197963546,8.68832541469877));
#7603=CARTESIAN_POINT('Origin',(-28.7391822587349,-4.38118892309958,0.));
#7604=CARTESIAN_POINT('',(-1.74119745204332,-4.38118892309958,7.564));
#7605=CARTESIAN_POINT('Origin',(-1.74119745204332,-0.453188923099577,12.1905));
#7606=UNCERTAINTY_MEASURE_WITH_UNIT(LENGTH_MEASURE(0.01),#7610,
'DISTANCE_ACCURACY_VALUE',
'Maximum model space distance between geometric entities at asserted c
onnectivities');
#7607=UNCERTAINTY_MEASURE_WITH_UNIT(LENGTH_MEASURE(0.01),#7610,
'DISTANCE_ACCURACY_VALUE',
'Maximum model space distance between geometric entities at asserted c
onnectivities');
#7608=(
GEOMETRIC_REPRESENTATION_CONTEXT(3)
GLOBAL_UNCERTAINTY_ASSIGNED_CONTEXT((#7606))
GLOBAL_UNIT_ASSIGNED_CONTEXT((#7610,#7612,#7613))
REPRESENTATION_CONTEXT('','3D')
);
#7609=(
GEOMETRIC_REPRESENTATION_CONTEXT(3)
GLOBAL_UNCERTAINTY_ASSIGNED_CONTEXT((#7607))
GLOBAL_UNIT_ASSIGNED_CONTEXT((#7610,#7612,#7613))
REPRESENTATION_CONTEXT('','3D')
);
#7610=(
LENGTH_UNIT()
NAMED_UNIT(*)
SI_UNIT(.MILLI.,.METRE.)
);
#7611=(
LENGTH_UNIT()
NAMED_UNIT(*)
SI_UNIT($,.METRE.)
);
#7612=(
NAMED_UNIT(*)
PLANE_ANGLE_UNIT()
SI_UNIT($,.RADIAN.)
);
#7613=(
NAMED_UNIT(*)
SI_UNIT($,.STERADIAN.)
SOLID_ANGLE_UNIT()
);
#7614=SHAPE_DEFINITION_REPRESENTATION(#7615,#7616);
#7615=PRODUCT_DEFINITION_SHAPE('',$,#7618);
#7616=SHAPE_REPRESENTATION('',(#4653),#7608);
#7617=PRODUCT_DEFINITION_CONTEXT('part definition',#7622,'design');
#7618=PRODUCT_DEFINITION('main body','main body',#7619,#7617);
#7619=PRODUCT_DEFINITION_FORMATION('',$,#7624);
#7620=PRODUCT_RELATED_PRODUCT_CATEGORY('main body','main body',(#7624));
#7621=APPLICATION_PROTOCOL_DEFINITION('international standard',
'automotive_design',2009,#7622);
#7622=APPLICATION_CONTEXT(
'Core Data for Automotive Mechanical Design Process');
#7623=PRODUCT_CONTEXT('part definition',#7622,'mechanical');
#7624=PRODUCT('main body','main body',$,(#7623));
#7625=PRESENTATION_STYLE_ASSIGNMENT((#7627));
#7626=PRESENTATION_STYLE_ASSIGNMENT((#7628));
#7627=SURFACE_STYLE_USAGE(.BOTH.,#7629);
#7628=SURFACE_STYLE_USAGE(.BOTH.,#7630);
#7629=SURFACE_SIDE_STYLE('',(#7631));
#7630=SURFACE_SIDE_STYLE('',(#7632));
#7631=SURFACE_STYLE_FILL_AREA(#7633);
#7632=SURFACE_STYLE_FILL_AREA(#7634);
#7633=FILL_AREA_STYLE('Steel - Satin',(#7635));
#7634=FILL_AREA_STYLE('Opaque(160,160,160)',(#7636));
#7635=FILL_AREA_STYLE_COLOUR('Steel - Satin',#7637);
#7636=FILL_AREA_STYLE_COLOUR('Opaque(160,160,160)',#7638);
#7637=COLOUR_RGB('Steel - Satin',0.627450980392157,0.627450980392157,0.627450980392157);
#7638=COLOUR_RGB('Opaque(160,160,160)',0.627450980392157,0.627450980392157,
0.627450980392157);
ENDSEC;
END-ISO-10303-21;
