ISO-10303-21;
HEADER;
/* Generated by software containing ST-Developer
 * from STEP Tools, Inc. (www.steptools.com) 
 */

FILE_DESCRIPTION(
/* description */ (''),
/* implementation_level */ '2;1');

FILE_NAME(
/* name */ 'Meidum_Chasis v2.step',
/* time_stamp */ '2024-08-21T17:49:40-07:00',
/* author */ (''),
/* organization */ (''),
/* preprocessor_version */ 'ST-DEVELOPER v20',
/* originating_system */ 'Autodesk Translation Framework v13.14.0.145',

/* authorisation */ '');

FILE_SCHEMA (('AUTOMOTIVE_DESIGN { 1 0 10303 214 3 1 1 }'));
ENDSEC;

DATA;
#10=MECHANICAL_DESIGN_GEOMETRIC_PRESENTATION_REPRESENTATION('',(#13),#2338);
#11=SHAPE_REPRESENTATION_RELATIONSHIP('SRR','None',#2345,#12);
#12=ADVANCED_BREP_SHAPE_REPRESENTATION('',(#14),#2337);
#13=STYLED_ITEM('',(#2354),#14);
#14=MANIFOLD_SOLID_BREP('Body1',#1234);
#15=ELLIPSE('',#1293,2.12132034355965,1.5);
#16=ELLIPSE('',#1294,2.12132034355965,1.5);
#17=ELLIPSE('',#1295,2.12132034355965,1.5);
#18=ELLIPSE('',#1297,2.12132034355965,1.5);
#19=ELLIPSE('',#1298,2.12132034355965,1.5);
#20=ELLIPSE('',#1299,2.12132034355965,1.5);
#21=ELLIPSE('',#1301,2.12132034355965,1.5);
#22=ELLIPSE('',#1302,2.12132034355965,1.5);
#23=ELLIPSE('',#1303,2.12132034355965,1.5);
#24=ELLIPSE('',#1305,2.12132034355965,1.5);
#25=ELLIPSE('',#1306,2.12132034355965,1.5);
#26=ELLIPSE('',#1307,2.12132034355965,1.5);
#27=ELLIPSE('',#1309,2.12132034355964,1.5);
#28=ELLIPSE('',#1310,2.12132034355964,1.5);
#29=ELLIPSE('',#1311,2.12132034355964,1.5);
#30=ELLIPSE('',#1313,2.12132034355964,1.5);
#31=ELLIPSE('',#1314,2.12132034355964,1.5);
#32=ELLIPSE('',#1315,2.12132034355964,1.5);
#33=ELLIPSE('',#1317,2.12132034355965,1.5);
#34=ELLIPSE('',#1318,2.12132034355965,1.5);
#35=ELLIPSE('',#1319,2.12132034355965,1.5);
#36=ELLIPSE('',#1320,2.12132034355965,1.5);
#37=ELLIPSE('',#1322,2.12132034355965,1.5);
#38=ELLIPSE('',#1323,2.12132034355965,1.5);
#39=ELLIPSE('',#1324,2.12132034355965,1.5);
#40=ELLIPSE('',#1325,2.12132034355965,1.5);
#41=ELLIPSE('',#1332,2.12132034355965,1.5);
#42=ELLIPSE('',#1334,2.12132034355965,1.5);
#43=ELLIPSE('',#1336,2.12132034355965,1.5);
#44=ELLIPSE('',#1337,2.12132034355965,1.5);
#45=ELLIPSE('',#1338,2.12132034355965,1.5);
#46=ELLIPSE('',#1339,2.12132034355965,1.5);
#47=ELLIPSE('',#1342,2.12132034355965,1.5);
#48=ELLIPSE('',#1343,2.12132034355965,1.5);
#49=ELLIPSE('',#1345,2.12132034355964,1.5);
#50=ELLIPSE('',#1347,2.12132034355964,1.5);
#51=ELLIPSE('',#1349,2.12132034355964,1.5);
#52=ELLIPSE('',#1350,2.12132034355964,1.5);
#53=ELLIPSE('',#1351,2.12132034355964,1.5);
#54=ELLIPSE('',#1352,2.12132034355964,1.5);
#55=ELLIPSE('',#1355,2.12132034355964,1.5);
#56=ELLIPSE('',#1356,2.12132034355964,1.5);
#57=PLANE('',#1260);
#58=PLANE('',#1261);
#59=PLANE('',#1264);
#60=PLANE('',#1267);
#61=PLANE('',#1268);
#62=PLANE('',#1269);
#63=PLANE('',#1272);
#64=PLANE('',#1275);
#65=PLANE('',#1276);
#66=PLANE('',#1277);
#67=PLANE('',#1280);
#68=PLANE('',#1283);
#69=PLANE('',#1284);
#70=PLANE('',#1285);
#71=PLANE('',#1288);
#72=PLANE('',#1289);
#73=PLANE('',#1369);
#74=PLANE('',#1370);
#75=PLANE('',#1371);
#76=PLANE('',#1372);
#77=PLANE('',#1373);
#78=PLANE('',#1374);
#79=FACE_BOUND('',#178,.T.);
#80=FACE_BOUND('',#180,.T.);
#81=FACE_BOUND('',#184,.T.);
#82=FACE_BOUND('',#185,.T.);
#83=FACE_BOUND('',#187,.T.);
#84=FACE_BOUND('',#188,.T.);
#85=FACE_BOUND('',#192,.T.);
#86=FACE_BOUND('',#193,.T.);
#87=FACE_BOUND('',#195,.T.);
#88=FACE_BOUND('',#196,.T.);
#89=FACE_BOUND('',#200,.T.);
#90=FACE_BOUND('',#201,.T.);
#91=FACE_BOUND('',#203,.T.);
#92=FACE_BOUND('',#204,.T.);
#93=FACE_BOUND('',#208,.T.);
#94=FACE_BOUND('',#209,.T.);
#95=FACE_BOUND('',#212,.T.);
#96=FACE_BOUND('',#213,.T.);
#97=FACE_BOUND('',#229,.T.);
#98=FACE_BOUND('',#232,.T.);
#99=FACE_BOUND('',#242,.T.);
#100=FACE_BOUND('',#243,.T.);
#101=FACE_BOUND('',#244,.T.);
#102=FACE_BOUND('',#246,.T.);
#103=FACE_BOUND('',#247,.T.);
#104=FACE_BOUND('',#248,.T.);
#105=FACE_BOUND('',#249,.T.);
#106=FACE_BOUND('',#250,.T.);
#107=FACE_BOUND('',#251,.T.);
#108=FACE_BOUND('',#252,.T.);
#109=FACE_BOUND('',#253,.T.);
#110=FACE_BOUND('',#255,.T.);
#111=FACE_BOUND('',#256,.T.);
#112=FACE_BOUND('',#257,.T.);
#113=FACE_BOUND('',#259,.T.);
#114=FACE_BOUND('',#260,.T.);
#115=FACE_BOUND('',#261,.T.);
#116=FACE_BOUND('',#262,.T.);
#117=FACE_BOUND('',#263,.T.);
#118=FACE_BOUND('',#264,.T.);
#119=FACE_BOUND('',#265,.T.);
#120=FACE_BOUND('',#266,.T.);
#121=FACE_BOUND('',#268,.T.);
#122=FACE_BOUND('',#269,.T.);
#123=FACE_BOUND('',#271,.T.);
#124=FACE_BOUND('',#272,.T.);
#125=FACE_OUTER_BOUND('',#176,.T.);
#126=FACE_OUTER_BOUND('',#177,.T.);
#127=FACE_OUTER_BOUND('',#179,.T.);
#128=FACE_OUTER_BOUND('',#181,.T.);
#129=FACE_OUTER_BOUND('',#182,.T.);
#130=FACE_OUTER_BOUND('',#183,.T.);
#131=FACE_OUTER_BOUND('',#186,.T.);
#132=FACE_OUTER_BOUND('',#189,.T.);
#133=FACE_OUTER_BOUND('',#190,.T.);
#134=FACE_OUTER_BOUND('',#191,.T.);
#135=FACE_OUTER_BOUND('',#194,.T.);
#136=FACE_OUTER_BOUND('',#197,.T.);
#137=FACE_OUTER_BOUND('',#198,.T.);
#138=FACE_OUTER_BOUND('',#199,.T.);
#139=FACE_OUTER_BOUND('',#202,.T.);
#140=FACE_OUTER_BOUND('',#205,.T.);
#141=FACE_OUTER_BOUND('',#206,.T.);
#142=FACE_OUTER_BOUND('',#207,.T.);
#143=FACE_OUTER_BOUND('',#210,.T.);
#144=FACE_OUTER_BOUND('',#211,.T.);
#145=FACE_OUTER_BOUND('',#214,.T.);
#146=FACE_OUTER_BOUND('',#215,.T.);
#147=FACE_OUTER_BOUND('',#216,.T.);
#148=FACE_OUTER_BOUND('',#217,.T.);
#149=FACE_OUTER_BOUND('',#218,.T.);
#150=FACE_OUTER_BOUND('',#219,.T.);
#151=FACE_OUTER_BOUND('',#220,.T.);
#152=FACE_OUTER_BOUND('',#221,.T.);
#153=FACE_OUTER_BOUND('',#222,.T.);
#154=FACE_OUTER_BOUND('',#223,.T.);
#155=FACE_OUTER_BOUND('',#224,.T.);
#156=FACE_OUTER_BOUND('',#225,.T.);
#157=FACE_OUTER_BOUND('',#226,.T.);
#158=FACE_OUTER_BOUND('',#227,.T.);
#159=FACE_OUTER_BOUND('',#228,.T.);
#160=FACE_OUTER_BOUND('',#230,.T.);
#161=FACE_OUTER_BOUND('',#231,.T.);
#162=FACE_OUTER_BOUND('',#233,.T.);
#163=FACE_OUTER_BOUND('',#234,.T.);
#164=FACE_OUTER_BOUND('',#235,.T.);
#165=FACE_OUTER_BOUND('',#236,.T.);
#166=FACE_OUTER_BOUND('',#237,.T.);
#167=FACE_OUTER_BOUND('',#238,.T.);
#168=FACE_OUTER_BOUND('',#239,.T.);
#169=FACE_OUTER_BOUND('',#240,.T.);
#170=FACE_OUTER_BOUND('',#241,.T.);
#171=FACE_OUTER_BOUND('',#245,.T.);
#172=FACE_OUTER_BOUND('',#254,.T.);
#173=FACE_OUTER_BOUND('',#258,.T.);
#174=FACE_OUTER_BOUND('',#267,.T.);
#175=FACE_OUTER_BOUND('',#270,.T.);
#176=EDGE_LOOP('',(#796,#797,#798,#799,#800,#801,#802,#803,#804,#805));
#177=EDGE_LOOP('',(#806,#807,#808,#809));
#178=EDGE_LOOP('',(#810));
#179=EDGE_LOOP('',(#811,#812,#813,#814));
#180=EDGE_LOOP('',(#815));
#181=EDGE_LOOP('',(#816,#817,#818,#819,#820,#821,#822,#823,#824,#825));
#182=EDGE_LOOP('',(#826,#827,#828,#829));
#183=EDGE_LOOP('',(#830,#831,#832,#833));
#184=EDGE_LOOP('',(#834));
#185=EDGE_LOOP('',(#835));
#186=EDGE_LOOP('',(#836,#837,#838,#839));
#187=EDGE_LOOP('',(#840));
#188=EDGE_LOOP('',(#841));
#189=EDGE_LOOP('',(#842,#843,#844,#845));
#190=EDGE_LOOP('',(#846,#847,#848,#849));
#191=EDGE_LOOP('',(#850,#851,#852,#853));
#192=EDGE_LOOP('',(#854));
#193=EDGE_LOOP('',(#855));
#194=EDGE_LOOP('',(#856,#857,#858,#859));
#195=EDGE_LOOP('',(#860));
#196=EDGE_LOOP('',(#861));
#197=EDGE_LOOP('',(#862,#863,#864,#865));
#198=EDGE_LOOP('',(#866,#867,#868,#869));
#199=EDGE_LOOP('',(#870,#871,#872,#873));
#200=EDGE_LOOP('',(#874));
#201=EDGE_LOOP('',(#875));
#202=EDGE_LOOP('',(#876,#877,#878,#879));
#203=EDGE_LOOP('',(#880));
#204=EDGE_LOOP('',(#881));
#205=EDGE_LOOP('',(#882,#883,#884,#885));
#206=EDGE_LOOP('',(#886,#887,#888,#889));
#207=EDGE_LOOP('',(#890,#891,#892,#893));
#208=EDGE_LOOP('',(#894));
#209=EDGE_LOOP('',(#895));
#210=EDGE_LOOP('',(#896,#897,#898,#899));
#211=EDGE_LOOP('',(#900,#901,#902,#903));
#212=EDGE_LOOP('',(#904));
#213=EDGE_LOOP('',(#905));
#214=EDGE_LOOP('',(#906,#907,#908,#909,#910,#911));
#215=EDGE_LOOP('',(#912,#913,#914,#915,#916,#917));
#216=EDGE_LOOP('',(#918,#919,#920,#921,#922,#923));
#217=EDGE_LOOP('',(#924,#925,#926,#927,#928,#929));
#218=EDGE_LOOP('',(#930,#931,#932,#933,#934,#935));
#219=EDGE_LOOP('',(#936,#937,#938,#939,#940,#941));
#220=EDGE_LOOP('',(#942,#943,#944,#945,#946,#947,#948));
#221=EDGE_LOOP('',(#949,#950,#951,#952,#953,#954,#955));
#222=EDGE_LOOP('',(#956,#957,#958,#959,#960,#961,#962,#963,#964,#965,#966,
#967));
#223=EDGE_LOOP('',(#968,#969,#970,#971,#972,#973,#974,#975,#976));
#224=EDGE_LOOP('',(#977,#978,#979,#980,#981,#982,#983,#984,#985,#986,#987,
#988,#989));
#225=EDGE_LOOP('',(#990,#991,#992,#993,#994,#995));
#226=EDGE_LOOP('',(#996,#997,#998,#999,#1000,#1001,#1002,#1003,#1004));
#227=EDGE_LOOP('',(#1005,#1006,#1007,#1008,#1009,#1010,#1011));
#228=EDGE_LOOP('',(#1012,#1013,#1014,#1015,#1016,#1017));
#229=EDGE_LOOP('',(#1018));
#230=EDGE_LOOP('',(#1019,#1020,#1021,#1022,#1023,#1024,#1025,#1026,#1027));
#231=EDGE_LOOP('',(#1028,#1029,#1030,#1031,#1032,#1033,#1034));
#232=EDGE_LOOP('',(#1035));
#233=EDGE_LOOP('',(#1036,#1037,#1038,#1039,#1040,#1041,#1042));
#234=EDGE_LOOP('',(#1043,#1044,#1045,#1046,#1047,#1048,#1049));
#235=EDGE_LOOP('',(#1050,#1051,#1052,#1053));
#236=EDGE_LOOP('',(#1054,#1055,#1056,#1057,#1058,#1059,#1060));
#237=EDGE_LOOP('',(#1061,#1062,#1063,#1064,#1065,#1066,#1067));
#238=EDGE_LOOP('',(#1068,#1069,#1070,#1071));
#239=EDGE_LOOP('',(#1072,#1073,#1074,#1075));
#240=EDGE_LOOP('',(#1076,#1077,#1078,#1079));
#241=EDGE_LOOP('',(#1080,#1081,#1082,#1083));
#242=EDGE_LOOP('',(#1084));
#243=EDGE_LOOP('',(#1085));
#244=EDGE_LOOP('',(#1086));
#245=EDGE_LOOP('',(#1087,#1088,#1089,#1090));
#246=EDGE_LOOP('',(#1091));
#247=EDGE_LOOP('',(#1092));
#248=EDGE_LOOP('',(#1093));
#249=EDGE_LOOP('',(#1094));
#250=EDGE_LOOP('',(#1095,#1096,#1097,#1098));
#251=EDGE_LOOP('',(#1099,#1100,#1101,#1102));
#252=EDGE_LOOP('',(#1103,#1104,#1105,#1106));
#253=EDGE_LOOP('',(#1107,#1108,#1109,#1110));
#254=EDGE_LOOP('',(#1111,#1112,#1113,#1114));
#255=EDGE_LOOP('',(#1115));
#256=EDGE_LOOP('',(#1116));
#257=EDGE_LOOP('',(#1117));
#258=EDGE_LOOP('',(#1118,#1119,#1120,#1121));
#259=EDGE_LOOP('',(#1122));
#260=EDGE_LOOP('',(#1123));
#261=EDGE_LOOP('',(#1124));
#262=EDGE_LOOP('',(#1125));
#263=EDGE_LOOP('',(#1126,#1127,#1128,#1129));
#264=EDGE_LOOP('',(#1130,#1131,#1132,#1133));
#265=EDGE_LOOP('',(#1134,#1135,#1136,#1137));
#266=EDGE_LOOP('',(#1138,#1139,#1140,#1141));
#267=EDGE_LOOP('',(#1142,#1143,#1144,#1145));
#268=EDGE_LOOP('',(#1146));
#269=EDGE_LOOP('',(#1147));
#270=EDGE_LOOP('',(#1148,#1149,#1150,#1151));
#271=EDGE_LOOP('',(#1152));
#272=EDGE_LOOP('',(#1153));
#273=B_SPLINE_CURVE_WITH_KNOTS('',3,(#1731,#1732,#1733,#1734,#1735,#1736,
#1737,#1738,#1739,#1740,#1741,#1742,#1743,#1744,#1745,#1746,#1747,#1748),
 .UNSPECIFIED.,.F.,.F.,(4,2,2,2,2,2,2,2,4),(0.,0.0381683733736308,0.0763367467472615,
0.114505120120892,0.152673493494523,0.187414441846769,0.222155390199015,
0.292218754897886,0.362282119596756),.UNSPECIFIED.);
#274=B_SPLINE_CURVE_WITH_KNOTS('',3,(#1750,#1751,#1752,#1753,#1754,#1755,
#1756,#1757,#1758,#1759,#1760,#1761,#1762,#1763,#1764,#1765,#1766,#1767),
 .UNSPECIFIED.,.F.,.F.,(4,2,2,2,2,2,2,2,4),(1.08684635879027,1.15690972348914,
1.22697308818801,1.26171403654025,1.2964549848925,1.33462335826613,1.37279173163976,
1.41096010501339,1.44912847838702),.UNSPECIFIED.);
#275=B_SPLINE_CURVE_WITH_KNOTS('',3,(#1772,#1773,#1774,#1775,#1776,#1777,
#1778,#1779,#1780,#1781,#1782,#1783,#1784,#1785,#1786,#1787,#1788,#1789),
 .UNSPECIFIED.,.F.,.F.,(4,2,2,2,2,2,2,2,4),(0.724564239193512,0.762732612567142,
0.800900985940773,0.839069359314404,0.877237732688035,0.911978681040281,
0.946719629392527,1.0167829940914,1.08684635879027),.UNSPECIFIED.);
#276=B_SPLINE_CURVE_WITH_KNOTS('',3,(#1790,#1791,#1792,#1793,#1794,#1795,
#1796,#1797,#1798,#1799,#1800,#1801,#1802,#1803,#1804,#1805,#1806,#1807),
 .UNSPECIFIED.,.F.,.F.,(4,2,2,2,2,2,2,2,4),(0.362282119596756,0.432345484295626,
0.502408848994496,0.537149797346742,0.571890745698988,0.610059119072619,
0.64822749244625,0.686395865819881,0.724564239193512),.UNSPECIFIED.);
#277=B_SPLINE_CURVE_WITH_KNOTS('',3,(#1815,#1816,#1817,#1818,#1819,#1820,
#1821,#1822,#1823,#1824,#1825,#1826,#1827,#1828,#1829,#1830,#1831,#1832,
#1833,#1834,#1835,#1836,#1837,#1838,#1839,#1840,#1841,#1842,#1843,#1844,
#1845,#1846,#1847,#1848,#1849,#1850,#1851,#1852,#1853,#1854,#1855,#1856,
#1857,#1858,#1859,#1860,#1861,#1862,#1863,#1864,#1865,#1866,#1867,#1868,
#1869,#1870,#1871,#1872,#1873,#1874,#1875,#1876,#1877,#1878,#1879,#1880),
 .UNSPECIFIED.,.T.,.F.,(4,2,2,2,2,2,2,2,2,2,2,2,2,2,2,2,2,2,2,2,2,2,2,2,
2,2,2,2,2,2,2,2,4),(0.,0.0381683733736307,0.0763367467472613,0.114505120120892,
0.152673493494523,0.187414441846769,0.222155390199015,0.292218754897885,
0.362282119596755,0.432345484295626,0.502408848994496,0.537149797346742,
0.571890745698988,0.610059119072619,0.648227492446249,0.68639586581988,
0.724564239193511,0.762732612567141,0.800900985940772,0.839069359314403,
0.877237732688033,0.911978681040279,0.946719629392525,1.0167829940914,1.08684635879027,
1.15690972348914,1.22697308818801,1.26171403654025,1.2964549848925,1.33462335826613,
1.37279173163976,1.41096010501339,1.44912847838702),.UNSPECIFIED.);
#278=B_SPLINE_CURVE_WITH_KNOTS('',3,(#1888,#1889,#1890,#1891,#1892,#1893,
#1894,#1895,#1896,#1897,#1898,#1899,#1900,#1901,#1902,#1903,#1904,#1905,
#1906,#1907,#1908,#1909,#1910,#1911,#1912,#1913,#1914,#1915,#1916,#1917,
#1918,#1919,#1920,#1921,#1922,#1923,#1924,#1925,#1926,#1927,#1928,#1929,
#1930,#1931,#1932,#1933,#1934,#1935,#1936,#1937,#1938,#1939,#1940,#1941,
#1942,#1943,#1944,#1945,#1946,#1947,#1948,#1949,#1950,#1951,#1952,#1953),
 .UNSPECIFIED.,.T.,.F.,(4,2,2,2,2,2,2,2,2,2,2,2,2,2,2,2,2,2,2,2,2,2,2,2,
2,2,2,2,2,2,2,2,4),(0.,0.0381683733736309,0.0763367467472617,0.114505120120893,
0.152673493494523,0.187414441846769,0.222155390199015,0.292218754897886,
0.362282119596757,0.432345484295628,0.502408848994499,0.537149797346745,
0.571890745698991,0.610059119072622,0.648227492446252,0.686395865819883,
0.724564239193514,0.762732612567145,0.800900985940776,0.839069359314407,
0.877237732688038,0.911978681040284,0.94671962939253,1.0167829940914,1.08684635879027,
1.15690972348914,1.22697308818801,1.26171403654026,1.2964549848925,1.33462335826614,
1.37279173163977,1.4109601050134,1.44912847838703),.UNSPECIFIED.);
#279=B_SPLINE_CURVE_WITH_KNOTS('',3,(#1960,#1961,#1962,#1963,#1964,#1965,
#1966,#1967,#1968,#1969,#1970,#1971,#1972,#1973,#1974,#1975,#1976,#1977),
 .UNSPECIFIED.,.F.,.F.,(4,2,2,2,2,2,2,2,4),(0.,0.0381683733736308,0.0763367467472616,
0.114505120120892,0.152673493494523,0.187414441846769,0.222155390199015,
0.292218754897886,0.362282119596757),.UNSPECIFIED.);
#280=B_SPLINE_CURVE_WITH_KNOTS('',3,(#1979,#1980,#1981,#1982,#1983,#1984,
#1985,#1986,#1987,#1988,#1989,#1990,#1991,#1992,#1993,#1994,#1995,#1996),
 .UNSPECIFIED.,.F.,.F.,(4,2,2,2,2,2,2,2,4),(1.08684635879027,1.15690972348914,
1.22697308818801,1.26171403654026,1.29645498489251,1.33462335826614,1.37279173163977,
1.4109601050134,1.44912847838703),.UNSPECIFIED.);
#281=B_SPLINE_CURVE_WITH_KNOTS('',3,(#2001,#2002,#2003,#2004,#2005,#2006,
#2007,#2008,#2009,#2010,#2011,#2012,#2013,#2014,#2015,#2016,#2017,#2018),
 .UNSPECIFIED.,.F.,.F.,(4,2,2,2,2,2,2,2,4),(0.724564239193515,0.762732612567146,
0.800900985940776,0.839069359314407,0.877237732688038,0.911978681040284,
0.94671962939253,1.0167829940914,1.08684635879027),.UNSPECIFIED.);
#282=B_SPLINE_CURVE_WITH_KNOTS('',3,(#2019,#2020,#2021,#2022,#2023,#2024,
#2025,#2026,#2027,#2028,#2029,#2030,#2031,#2032,#2033,#2034,#2035,#2036),
 .UNSPECIFIED.,.F.,.F.,(4,2,2,2,2,2,2,2,4),(0.362282119596757,0.432345484295628,
0.502408848994499,0.537149797346745,0.571890745698991,0.610059119072622,
0.648227492446253,0.686395865819884,0.724564239193515),.UNSPECIFIED.);
#283=LINE('',#1729,#376);
#284=LINE('',#1769,#377);
#285=LINE('',#1812,#378);
#286=LINE('',#1885,#379);
#287=LINE('',#1958,#380);
#288=LINE('',#1998,#381);
#289=LINE('',#2040,#382);
#290=LINE('',#2042,#383);
#291=LINE('',#2044,#384);
#292=LINE('',#2045,#385);
#293=LINE('',#2048,#386);
#294=LINE('',#2050,#387);
#295=LINE('',#2051,#388);
#296=LINE('',#2058,#389);
#297=LINE('',#2060,#390);
#298=LINE('',#2061,#391);
#299=LINE('',#2067,#392);
#300=LINE('',#2068,#393);
#301=LINE('',#2072,#394);
#302=LINE('',#2074,#395);
#303=LINE('',#2076,#396);
#304=LINE('',#2077,#397);
#305=LINE('',#2080,#398);
#306=LINE('',#2082,#399);
#307=LINE('',#2083,#400);
#308=LINE('',#2090,#401);
#309=LINE('',#2092,#402);
#310=LINE('',#2093,#403);
#311=LINE('',#2099,#404);
#312=LINE('',#2100,#405);
#313=LINE('',#2104,#406);
#314=LINE('',#2106,#407);
#315=LINE('',#2108,#408);
#316=LINE('',#2109,#409);
#317=LINE('',#2112,#410);
#318=LINE('',#2114,#411);
#319=LINE('',#2115,#412);
#320=LINE('',#2122,#413);
#321=LINE('',#2124,#414);
#322=LINE('',#2125,#415);
#323=LINE('',#2131,#416);
#324=LINE('',#2132,#417);
#325=LINE('',#2136,#418);
#326=LINE('',#2138,#419);
#327=LINE('',#2140,#420);
#328=LINE('',#2141,#421);
#329=LINE('',#2144,#422);
#330=LINE('',#2146,#423);
#331=LINE('',#2147,#424);
#332=LINE('',#2154,#425);
#333=LINE('',#2156,#426);
#334=LINE('',#2157,#427);
#335=LINE('',#2159,#428);
#336=LINE('',#2160,#429);
#337=LINE('',#2169,#430);
#338=LINE('',#2177,#431);
#339=LINE('',#2185,#432);
#340=LINE('',#2193,#433);
#341=LINE('',#2201,#434);
#342=LINE('',#2209,#435);
#343=LINE('',#2215,#436);
#344=LINE('',#2223,#437);
#345=LINE('',#2230,#438);
#346=LINE('',#2232,#439);
#347=LINE('',#2235,#440);
#348=LINE('',#2239,#441);
#349=LINE('',#2240,#442);
#350=LINE('',#2245,#443);
#351=LINE('',#2252,#444);
#352=LINE('',#2260,#445);
#353=LINE('',#2267,#446);
#354=LINE('',#2274,#447);
#355=LINE('',#2282,#448);
#356=LINE('',#2286,#449);
#357=LINE('',#2288,#450);
#358=LINE('',#2292,#451);
#359=LINE('',#2294,#452);
#360=LINE('',#2296,#453);
#361=LINE('',#2300,#454);
#362=LINE('',#2303,#455);
#363=LINE('',#2307,#456);
#364=LINE('',#2312,#457);
#365=LINE('',#2314,#458);
#366=LINE('',#2316,#459);
#367=LINE('',#2317,#460);
#368=LINE('',#2320,#461);
#369=LINE('',#2322,#462);
#370=LINE('',#2323,#463);
#371=LINE('',#2326,#464);
#372=LINE('',#2328,#465);
#373=LINE('',#2329,#466);
#374=LINE('',#2331,#467);
#375=LINE('',#2332,#468);
#376=VECTOR('',#1381,1.5);
#377=VECTOR('',#1382,1.5);
#378=VECTOR('',#1389,1.5);
#379=VECTOR('',#1396,1.5);
#380=VECTOR('',#1403,1.5);
#381=VECTOR('',#1404,1.5);
#382=VECTOR('',#1409,10.);
#383=VECTOR('',#1410,10.);
#384=VECTOR('',#1411,10.);
#385=VECTOR('',#1412,10.);
#386=VECTOR('',#1415,10.);
#387=VECTOR('',#1416,10.);
#388=VECTOR('',#1417,10.);
#389=VECTOR('',#1424,10.);
#390=VECTOR('',#1425,10.);
#391=VECTOR('',#1426,10.);
#392=VECTOR('',#1433,10.);
#393=VECTOR('',#1434,10.);
#394=VECTOR('',#1437,10.);
#395=VECTOR('',#1438,10.);
#396=VECTOR('',#1439,10.);
#397=VECTOR('',#1440,10.);
#398=VECTOR('',#1443,10.);
#399=VECTOR('',#1444,10.);
#400=VECTOR('',#1445,10.);
#401=VECTOR('',#1452,10.);
#402=VECTOR('',#1453,10.);
#403=VECTOR('',#1454,10.);
#404=VECTOR('',#1461,10.);
#405=VECTOR('',#1462,10.);
#406=VECTOR('',#1465,10.);
#407=VECTOR('',#1466,10.);
#408=VECTOR('',#1467,10.);
#409=VECTOR('',#1468,10.);
#410=VECTOR('',#1471,10.);
#411=VECTOR('',#1472,10.);
#412=VECTOR('',#1473,10.);
#413=VECTOR('',#1480,10.);
#414=VECTOR('',#1481,10.);
#415=VECTOR('',#1482,10.);
#416=VECTOR('',#1489,10.);
#417=VECTOR('',#1490,10.);
#418=VECTOR('',#1493,10.);
#419=VECTOR('',#1494,10.);
#420=VECTOR('',#1495,10.);
#421=VECTOR('',#1496,10.);
#422=VECTOR('',#1499,10.);
#423=VECTOR('',#1500,10.);
#424=VECTOR('',#1501,10.);
#425=VECTOR('',#1508,10.);
#426=VECTOR('',#1509,10.);
#427=VECTOR('',#1510,10.);
#428=VECTOR('',#1513,10.);
#429=VECTOR('',#1514,10.);
#430=VECTOR('',#1523,1.5);
#431=VECTOR('',#1532,1.5);
#432=VECTOR('',#1541,1.5);
#433=VECTOR('',#1550,1.5);
#434=VECTOR('',#1559,1.5);
#435=VECTOR('',#1568,1.5);
#436=VECTOR('',#1575,1.5);
#437=VECTOR('',#1586,1.5);
#438=VECTOR('',#1597,1.5);
#439=VECTOR('',#1598,1.5);
#440=VECTOR('',#1603,1.5);
#441=VECTOR('',#1608,1.5);
#442=VECTOR('',#1609,1.5);
#443=VECTOR('',#1614,1.5);
#444=VECTOR('',#1623,1.5);
#445=VECTOR('',#1634,1.5);
#446=VECTOR('',#1643,1.5);
#447=VECTOR('',#1652,1.5);
#448=VECTOR('',#1663,1.5);
#449=VECTOR('',#1670,1.5);
#450=VECTOR('',#1673,1.5);
#451=VECTOR('',#1678,1.5);
#452=VECTOR('',#1681,1.5);
#453=VECTOR('',#1684,1.5);
#454=VECTOR('',#1689,1.5);
#455=VECTOR('',#1692,1.5);
#456=VECTOR('',#1697,1.5);
#457=VECTOR('',#1702,10.);
#458=VECTOR('',#1703,10.);
#459=VECTOR('',#1704,10.);
#460=VECTOR('',#1705,10.);
#461=VECTOR('',#1708,10.);
#462=VECTOR('',#1709,10.);
#463=VECTOR('',#1710,10.);
#464=VECTOR('',#1713,10.);
#465=VECTOR('',#1714,10.);
#466=VECTOR('',#1715,10.);
#467=VECTOR('',#1718,10.);
#468=VECTOR('',#1719,10.);
#469=CIRCLE('',#1249,1.5);
#470=CIRCLE('',#1250,1.5);
#471=CIRCLE('',#1252,1.5);
#472=CIRCLE('',#1253,1.5);
#473=CIRCLE('',#1255,1.5);
#474=CIRCLE('',#1256,1.5);
#475=CIRCLE('',#1258,1.5);
#476=CIRCLE('',#1259,1.5);
#477=CIRCLE('',#1262,1.5);
#478=CIRCLE('',#1263,1.5);
#479=CIRCLE('',#1265,1.5);
#480=CIRCLE('',#1266,1.5);
#481=CIRCLE('',#1270,1.5);
#482=CIRCLE('',#1271,1.5);
#483=CIRCLE('',#1273,1.5);
#484=CIRCLE('',#1274,1.5);
#485=CIRCLE('',#1278,1.5);
#486=CIRCLE('',#1279,1.5);
#487=CIRCLE('',#1281,1.5);
#488=CIRCLE('',#1282,1.5);
#489=CIRCLE('',#1286,1.5);
#490=CIRCLE('',#1287,1.5);
#491=CIRCLE('',#1290,1.5);
#492=CIRCLE('',#1291,1.5);
#493=CIRCLE('',#1327,1.5);
#494=CIRCLE('',#1330,1.5);
#495=CIRCLE('',#1333,1.5);
#496=CIRCLE('',#1341,1.5);
#497=CIRCLE('',#1346,1.5);
#498=CIRCLE('',#1354,1.5);
#499=CIRCLE('',#1360,1.5);
#500=CIRCLE('',#1364,1.5);
#501=CIRCLE('',#1366,1.5);
#502=CIRCLE('',#1368,1.5);
#503=VERTEX_POINT('',#1726);
#504=VERTEX_POINT('',#1728);
#505=VERTEX_POINT('',#1730);
#506=VERTEX_POINT('',#1749);
#507=VERTEX_POINT('',#1768);
#508=VERTEX_POINT('',#1771);
#509=VERTEX_POINT('',#1809);
#510=VERTEX_POINT('',#1811);
#511=VERTEX_POINT('',#1814);
#512=VERTEX_POINT('',#1882);
#513=VERTEX_POINT('',#1884);
#514=VERTEX_POINT('',#1887);
#515=VERTEX_POINT('',#1955);
#516=VERTEX_POINT('',#1957);
#517=VERTEX_POINT('',#1959);
#518=VERTEX_POINT('',#1978);
#519=VERTEX_POINT('',#1997);
#520=VERTEX_POINT('',#2000);
#521=VERTEX_POINT('',#2038);
#522=VERTEX_POINT('',#2039);
#523=VERTEX_POINT('',#2041);
#524=VERTEX_POINT('',#2043);
#525=VERTEX_POINT('',#2047);
#526=VERTEX_POINT('',#2049);
#527=VERTEX_POINT('',#2052);
#528=VERTEX_POINT('',#2054);
#529=VERTEX_POINT('',#2057);
#530=VERTEX_POINT('',#2059);
#531=VERTEX_POINT('',#2062);
#532=VERTEX_POINT('',#2064);
#533=VERTEX_POINT('',#2070);
#534=VERTEX_POINT('',#2071);
#535=VERTEX_POINT('',#2073);
#536=VERTEX_POINT('',#2075);
#537=VERTEX_POINT('',#2079);
#538=VERTEX_POINT('',#2081);
#539=VERTEX_POINT('',#2084);
#540=VERTEX_POINT('',#2086);
#541=VERTEX_POINT('',#2089);
#542=VERTEX_POINT('',#2091);
#543=VERTEX_POINT('',#2094);
#544=VERTEX_POINT('',#2096);
#545=VERTEX_POINT('',#2102);
#546=VERTEX_POINT('',#2103);
#547=VERTEX_POINT('',#2105);
#548=VERTEX_POINT('',#2107);
#549=VERTEX_POINT('',#2111);
#550=VERTEX_POINT('',#2113);
#551=VERTEX_POINT('',#2116);
#552=VERTEX_POINT('',#2118);
#553=VERTEX_POINT('',#2121);
#554=VERTEX_POINT('',#2123);
#555=VERTEX_POINT('',#2126);
#556=VERTEX_POINT('',#2128);
#557=VERTEX_POINT('',#2134);
#558=VERTEX_POINT('',#2135);
#559=VERTEX_POINT('',#2137);
#560=VERTEX_POINT('',#2139);
#561=VERTEX_POINT('',#2143);
#562=VERTEX_POINT('',#2145);
#563=VERTEX_POINT('',#2148);
#564=VERTEX_POINT('',#2150);
#565=VERTEX_POINT('',#2153);
#566=VERTEX_POINT('',#2155);
#567=VERTEX_POINT('',#2161);
#568=VERTEX_POINT('',#2163);
#569=VERTEX_POINT('',#2166);
#570=VERTEX_POINT('',#2167);
#571=VERTEX_POINT('',#2170);
#572=VERTEX_POINT('',#2174);
#573=VERTEX_POINT('',#2175);
#574=VERTEX_POINT('',#2178);
#575=VERTEX_POINT('',#2182);
#576=VERTEX_POINT('',#2183);
#577=VERTEX_POINT('',#2186);
#578=VERTEX_POINT('',#2190);
#579=VERTEX_POINT('',#2191);
#580=VERTEX_POINT('',#2194);
#581=VERTEX_POINT('',#2198);
#582=VERTEX_POINT('',#2199);
#583=VERTEX_POINT('',#2202);
#584=VERTEX_POINT('',#2206);
#585=VERTEX_POINT('',#2207);
#586=VERTEX_POINT('',#2210);
#587=VERTEX_POINT('',#2214);
#588=VERTEX_POINT('',#2217);
#589=VERTEX_POINT('',#2222);
#590=VERTEX_POINT('',#2225);
#591=VERTEX_POINT('',#2231);
#592=VERTEX_POINT('',#2237);
#593=VERTEX_POINT('',#2242);
#594=VERTEX_POINT('',#2244);
#595=VERTEX_POINT('',#2249);
#596=VERTEX_POINT('',#2251);
#597=VERTEX_POINT('',#2257);
#598=VERTEX_POINT('',#2259);
#599=VERTEX_POINT('',#2264);
#600=VERTEX_POINT('',#2266);
#601=VERTEX_POINT('',#2271);
#602=VERTEX_POINT('',#2273);
#603=VERTEX_POINT('',#2279);
#604=VERTEX_POINT('',#2281);
#605=VERTEX_POINT('',#2290);
#606=VERTEX_POINT('',#2298);
#607=VERTEX_POINT('',#2302);
#608=VERTEX_POINT('',#2306);
#609=VERTEX_POINT('',#2310);
#610=VERTEX_POINT('',#2311);
#611=VERTEX_POINT('',#2313);
#612=VERTEX_POINT('',#2315);
#613=VERTEX_POINT('',#2319);
#614=VERTEX_POINT('',#2321);
#615=VERTEX_POINT('',#2325);
#616=VERTEX_POINT('',#2327);
#617=EDGE_CURVE('',#503,#503,#469,.T.);
#618=EDGE_CURVE('',#503,#504,#283,.T.);
#619=EDGE_CURVE('',#505,#504,#273,.T.);
#620=EDGE_CURVE('',#506,#505,#274,.T.);
#621=EDGE_CURVE('',#506,#507,#284,.T.);
#622=EDGE_CURVE('',#507,#507,#470,.T.);
#623=EDGE_CURVE('',#508,#506,#275,.T.);
#624=EDGE_CURVE('',#504,#508,#276,.T.);
#625=EDGE_CURVE('',#509,#509,#471,.T.);
#626=EDGE_CURVE('',#509,#510,#285,.T.);
#627=EDGE_CURVE('',#510,#510,#472,.T.);
#628=EDGE_CURVE('',#511,#511,#277,.T.);
#629=EDGE_CURVE('',#512,#512,#473,.T.);
#630=EDGE_CURVE('',#512,#513,#286,.T.);
#631=EDGE_CURVE('',#513,#513,#474,.T.);
#632=EDGE_CURVE('',#514,#514,#278,.T.);
#633=EDGE_CURVE('',#515,#515,#475,.T.);
#634=EDGE_CURVE('',#515,#516,#287,.T.);
#635=EDGE_CURVE('',#517,#516,#279,.T.);
#636=EDGE_CURVE('',#518,#517,#280,.T.);
#637=EDGE_CURVE('',#518,#519,#288,.T.);
#638=EDGE_CURVE('',#519,#519,#476,.T.);
#639=EDGE_CURVE('',#520,#518,#281,.T.);
#640=EDGE_CURVE('',#516,#520,#282,.T.);
#641=EDGE_CURVE('',#521,#522,#289,.T.);
#642=EDGE_CURVE('',#523,#521,#290,.T.);
#643=EDGE_CURVE('',#524,#523,#291,.T.);
#644=EDGE_CURVE('',#524,#522,#292,.T.);
#645=EDGE_CURVE('',#525,#521,#293,.T.);
#646=EDGE_CURVE('',#526,#525,#294,.T.);
#647=EDGE_CURVE('',#523,#526,#295,.T.);
#648=EDGE_CURVE('',#527,#527,#477,.T.);
#649=EDGE_CURVE('',#528,#528,#478,.T.);
#650=EDGE_CURVE('',#522,#529,#296,.T.);
#651=EDGE_CURVE('',#530,#524,#297,.T.);
#652=EDGE_CURVE('',#530,#529,#298,.T.);
#653=EDGE_CURVE('',#531,#531,#479,.T.);
#654=EDGE_CURVE('',#532,#532,#480,.T.);
#655=EDGE_CURVE('',#529,#525,#299,.T.);
#656=EDGE_CURVE('',#526,#530,#300,.T.);
#657=EDGE_CURVE('',#533,#534,#301,.T.);
#658=EDGE_CURVE('',#535,#533,#302,.T.);
#659=EDGE_CURVE('',#536,#535,#303,.T.);
#660=EDGE_CURVE('',#536,#534,#304,.T.);
#661=EDGE_CURVE('',#537,#533,#305,.T.);
#662=EDGE_CURVE('',#538,#537,#306,.T.);
#663=EDGE_CURVE('',#535,#538,#307,.T.);
#664=EDGE_CURVE('',#539,#539,#481,.T.);
#665=EDGE_CURVE('',#540,#540,#482,.T.);
#666=EDGE_CURVE('',#534,#541,#308,.T.);
#667=EDGE_CURVE('',#542,#536,#309,.T.);
#668=EDGE_CURVE('',#542,#541,#310,.T.);
#669=EDGE_CURVE('',#543,#543,#483,.T.);
#670=EDGE_CURVE('',#544,#544,#484,.T.);
#671=EDGE_CURVE('',#541,#537,#311,.T.);
#672=EDGE_CURVE('',#538,#542,#312,.T.);
#673=EDGE_CURVE('',#545,#546,#313,.T.);
#674=EDGE_CURVE('',#547,#545,#314,.T.);
#675=EDGE_CURVE('',#548,#547,#315,.T.);
#676=EDGE_CURVE('',#548,#546,#316,.T.);
#677=EDGE_CURVE('',#549,#545,#317,.T.);
#678=EDGE_CURVE('',#550,#549,#318,.T.);
#679=EDGE_CURVE('',#547,#550,#319,.T.);
#680=EDGE_CURVE('',#551,#551,#485,.T.);
#681=EDGE_CURVE('',#552,#552,#486,.T.);
#682=EDGE_CURVE('',#546,#553,#320,.T.);
#683=EDGE_CURVE('',#554,#548,#321,.T.);
#684=EDGE_CURVE('',#554,#553,#322,.T.);
#685=EDGE_CURVE('',#555,#555,#487,.T.);
#686=EDGE_CURVE('',#556,#556,#488,.T.);
#687=EDGE_CURVE('',#553,#549,#323,.T.);
#688=EDGE_CURVE('',#550,#554,#324,.T.);
#689=EDGE_CURVE('',#557,#558,#325,.T.);
#690=EDGE_CURVE('',#559,#557,#326,.T.);
#691=EDGE_CURVE('',#560,#559,#327,.T.);
#692=EDGE_CURVE('',#560,#558,#328,.T.);
#693=EDGE_CURVE('',#558,#561,#329,.T.);
#694=EDGE_CURVE('',#562,#560,#330,.T.);
#695=EDGE_CURVE('',#562,#561,#331,.T.);
#696=EDGE_CURVE('',#563,#563,#489,.T.);
#697=EDGE_CURVE('',#564,#564,#490,.T.);
#698=EDGE_CURVE('',#561,#565,#332,.T.);
#699=EDGE_CURVE('',#566,#562,#333,.T.);
#700=EDGE_CURVE('',#566,#565,#334,.T.);
#701=EDGE_CURVE('',#565,#557,#335,.T.);
#702=EDGE_CURVE('',#559,#566,#336,.T.);
#703=EDGE_CURVE('',#567,#567,#491,.T.);
#704=EDGE_CURVE('',#568,#568,#492,.T.);
#705=EDGE_CURVE('',#569,#570,#15,.T.);
#706=EDGE_CURVE('',#570,#528,#337,.T.);
#707=EDGE_CURVE('',#570,#571,#16,.T.);
#708=EDGE_CURVE('',#571,#569,#17,.T.);
#709=EDGE_CURVE('',#572,#573,#18,.T.);
#710=EDGE_CURVE('',#573,#527,#338,.T.);
#711=EDGE_CURVE('',#573,#574,#19,.T.);
#712=EDGE_CURVE('',#574,#572,#20,.T.);
#713=EDGE_CURVE('',#575,#576,#21,.T.);
#714=EDGE_CURVE('',#576,#540,#339,.T.);
#715=EDGE_CURVE('',#576,#577,#22,.T.);
#716=EDGE_CURVE('',#577,#575,#23,.T.);
#717=EDGE_CURVE('',#578,#579,#24,.T.);
#718=EDGE_CURVE('',#579,#539,#340,.T.);
#719=EDGE_CURVE('',#579,#580,#25,.T.);
#720=EDGE_CURVE('',#580,#578,#26,.T.);
#721=EDGE_CURVE('',#581,#582,#27,.T.);
#722=EDGE_CURVE('',#582,#552,#341,.T.);
#723=EDGE_CURVE('',#582,#583,#28,.T.);
#724=EDGE_CURVE('',#583,#581,#29,.T.);
#725=EDGE_CURVE('',#584,#585,#30,.T.);
#726=EDGE_CURVE('',#585,#551,#342,.T.);
#727=EDGE_CURVE('',#585,#586,#31,.T.);
#728=EDGE_CURVE('',#586,#584,#32,.T.);
#729=EDGE_CURVE('',#564,#587,#343,.T.);
#730=EDGE_CURVE('',#587,#575,#33,.T.);
#731=EDGE_CURVE('',#575,#588,#34,.T.);
#732=EDGE_CURVE('',#588,#577,#35,.T.);
#733=EDGE_CURVE('',#577,#587,#36,.T.);
#734=EDGE_CURVE('',#563,#589,#344,.T.);
#735=EDGE_CURVE('',#589,#578,#37,.T.);
#736=EDGE_CURVE('',#578,#590,#38,.T.);
#737=EDGE_CURVE('',#590,#580,#39,.T.);
#738=EDGE_CURVE('',#580,#589,#40,.T.);
#739=EDGE_CURVE('',#590,#517,#345,.T.);
#740=EDGE_CURVE('',#520,#591,#346,.T.);
#741=EDGE_CURVE('',#591,#591,#493,.T.);
#742=EDGE_CURVE('',#588,#589,#347,.T.);
#743=EDGE_CURVE('',#592,#592,#494,.T.);
#744=EDGE_CURVE('',#592,#505,#348,.T.);
#745=EDGE_CURVE('',#508,#587,#349,.T.);
#746=EDGE_CURVE('',#593,#574,#41,.T.);
#747=EDGE_CURVE('',#593,#594,#350,.T.);
#748=EDGE_CURVE('',#594,#594,#495,.T.);
#749=EDGE_CURVE('',#572,#593,#42,.T.);
#750=EDGE_CURVE('',#595,#571,#43,.T.);
#751=EDGE_CURVE('',#595,#596,#351,.T.);
#752=EDGE_CURVE('',#574,#596,#44,.T.);
#753=EDGE_CURVE('',#596,#572,#45,.T.);
#754=EDGE_CURVE('',#569,#595,#46,.T.);
#755=EDGE_CURVE('',#597,#597,#496,.T.);
#756=EDGE_CURVE('',#597,#598,#352,.T.);
#757=EDGE_CURVE('',#571,#598,#47,.T.);
#758=EDGE_CURVE('',#598,#569,#48,.T.);
#759=EDGE_CURVE('',#599,#586,#49,.T.);
#760=EDGE_CURVE('',#599,#600,#353,.T.);
#761=EDGE_CURVE('',#600,#600,#497,.T.);
#762=EDGE_CURVE('',#584,#599,#50,.T.);
#763=EDGE_CURVE('',#601,#583,#51,.T.);
#764=EDGE_CURVE('',#601,#602,#354,.T.);
#765=EDGE_CURVE('',#586,#602,#52,.T.);
#766=EDGE_CURVE('',#602,#584,#53,.T.);
#767=EDGE_CURVE('',#581,#601,#54,.T.);
#768=EDGE_CURVE('',#603,#603,#498,.T.);
#769=EDGE_CURVE('',#603,#604,#355,.T.);
#770=EDGE_CURVE('',#583,#604,#55,.T.);
#771=EDGE_CURVE('',#604,#581,#56,.T.);
#772=EDGE_CURVE('',#531,#604,#356,.T.);
#773=EDGE_CURVE('',#543,#598,#357,.T.);
#774=EDGE_CURVE('',#605,#605,#499,.T.);
#775=EDGE_CURVE('',#605,#567,#358,.T.);
#776=EDGE_CURVE('',#532,#602,#359,.T.);
#777=EDGE_CURVE('',#544,#596,#360,.T.);
#778=EDGE_CURVE('',#606,#606,#500,.T.);
#779=EDGE_CURVE('',#606,#568,#361,.T.);
#780=EDGE_CURVE('',#555,#607,#362,.T.);
#781=EDGE_CURVE('',#607,#607,#501,.T.);
#782=EDGE_CURVE('',#556,#608,#363,.T.);
#783=EDGE_CURVE('',#608,#608,#502,.T.);
#784=EDGE_CURVE('',#609,#610,#364,.T.);
#785=EDGE_CURVE('',#609,#611,#365,.T.);
#786=EDGE_CURVE('',#612,#611,#366,.T.);
#787=EDGE_CURVE('',#610,#612,#367,.T.);
#788=EDGE_CURVE('',#610,#613,#368,.T.);
#789=EDGE_CURVE('',#614,#612,#369,.T.);
#790=EDGE_CURVE('',#613,#614,#370,.T.);
#791=EDGE_CURVE('',#613,#615,#371,.T.);
#792=EDGE_CURVE('',#616,#614,#372,.T.);
#793=EDGE_CURVE('',#615,#616,#373,.T.);
#794=EDGE_CURVE('',#615,#609,#374,.T.);
#795=EDGE_CURVE('',#611,#616,#375,.T.);
#796=ORIENTED_EDGE('',*,*,#617,.F.);
#797=ORIENTED_EDGE('',*,*,#618,.T.);
#798=ORIENTED_EDGE('',*,*,#619,.F.);
#799=ORIENTED_EDGE('',*,*,#620,.F.);
#800=ORIENTED_EDGE('',*,*,#621,.T.);
#801=ORIENTED_EDGE('',*,*,#622,.F.);
#802=ORIENTED_EDGE('',*,*,#621,.F.);
#803=ORIENTED_EDGE('',*,*,#623,.F.);
#804=ORIENTED_EDGE('',*,*,#624,.F.);
#805=ORIENTED_EDGE('',*,*,#618,.F.);
#806=ORIENTED_EDGE('',*,*,#625,.F.);
#807=ORIENTED_EDGE('',*,*,#626,.T.);
#808=ORIENTED_EDGE('',*,*,#627,.F.);
#809=ORIENTED_EDGE('',*,*,#626,.F.);
#810=ORIENTED_EDGE('',*,*,#628,.F.);
#811=ORIENTED_EDGE('',*,*,#629,.F.);
#812=ORIENTED_EDGE('',*,*,#630,.T.);
#813=ORIENTED_EDGE('',*,*,#631,.F.);
#814=ORIENTED_EDGE('',*,*,#630,.F.);
#815=ORIENTED_EDGE('',*,*,#632,.F.);
#816=ORIENTED_EDGE('',*,*,#633,.F.);
#817=ORIENTED_EDGE('',*,*,#634,.T.);
#818=ORIENTED_EDGE('',*,*,#635,.F.);
#819=ORIENTED_EDGE('',*,*,#636,.F.);
#820=ORIENTED_EDGE('',*,*,#637,.T.);
#821=ORIENTED_EDGE('',*,*,#638,.F.);
#822=ORIENTED_EDGE('',*,*,#637,.F.);
#823=ORIENTED_EDGE('',*,*,#639,.F.);
#824=ORIENTED_EDGE('',*,*,#640,.F.);
#825=ORIENTED_EDGE('',*,*,#634,.F.);
#826=ORIENTED_EDGE('',*,*,#641,.F.);
#827=ORIENTED_EDGE('',*,*,#642,.F.);
#828=ORIENTED_EDGE('',*,*,#643,.F.);
#829=ORIENTED_EDGE('',*,*,#644,.T.);
#830=ORIENTED_EDGE('',*,*,#645,.F.);
#831=ORIENTED_EDGE('',*,*,#646,.F.);
#832=ORIENTED_EDGE('',*,*,#647,.F.);
#833=ORIENTED_EDGE('',*,*,#642,.T.);
#834=ORIENTED_EDGE('',*,*,#648,.F.);
#835=ORIENTED_EDGE('',*,*,#649,.F.);
#836=ORIENTED_EDGE('',*,*,#650,.F.);
#837=ORIENTED_EDGE('',*,*,#644,.F.);
#838=ORIENTED_EDGE('',*,*,#651,.F.);
#839=ORIENTED_EDGE('',*,*,#652,.T.);
#840=ORIENTED_EDGE('',*,*,#653,.F.);
#841=ORIENTED_EDGE('',*,*,#654,.F.);
#842=ORIENTED_EDGE('',*,*,#655,.F.);
#843=ORIENTED_EDGE('',*,*,#652,.F.);
#844=ORIENTED_EDGE('',*,*,#656,.F.);
#845=ORIENTED_EDGE('',*,*,#646,.T.);
#846=ORIENTED_EDGE('',*,*,#657,.F.);
#847=ORIENTED_EDGE('',*,*,#658,.F.);
#848=ORIENTED_EDGE('',*,*,#659,.F.);
#849=ORIENTED_EDGE('',*,*,#660,.T.);
#850=ORIENTED_EDGE('',*,*,#661,.F.);
#851=ORIENTED_EDGE('',*,*,#662,.F.);
#852=ORIENTED_EDGE('',*,*,#663,.F.);
#853=ORIENTED_EDGE('',*,*,#658,.T.);
#854=ORIENTED_EDGE('',*,*,#664,.F.);
#855=ORIENTED_EDGE('',*,*,#665,.F.);
#856=ORIENTED_EDGE('',*,*,#666,.F.);
#857=ORIENTED_EDGE('',*,*,#660,.F.);
#858=ORIENTED_EDGE('',*,*,#667,.F.);
#859=ORIENTED_EDGE('',*,*,#668,.T.);
#860=ORIENTED_EDGE('',*,*,#669,.F.);
#861=ORIENTED_EDGE('',*,*,#670,.F.);
#862=ORIENTED_EDGE('',*,*,#671,.F.);
#863=ORIENTED_EDGE('',*,*,#668,.F.);
#864=ORIENTED_EDGE('',*,*,#672,.F.);
#865=ORIENTED_EDGE('',*,*,#662,.T.);
#866=ORIENTED_EDGE('',*,*,#673,.F.);
#867=ORIENTED_EDGE('',*,*,#674,.F.);
#868=ORIENTED_EDGE('',*,*,#675,.F.);
#869=ORIENTED_EDGE('',*,*,#676,.T.);
#870=ORIENTED_EDGE('',*,*,#677,.F.);
#871=ORIENTED_EDGE('',*,*,#678,.F.);
#872=ORIENTED_EDGE('',*,*,#679,.F.);
#873=ORIENTED_EDGE('',*,*,#674,.T.);
#874=ORIENTED_EDGE('',*,*,#680,.F.);
#875=ORIENTED_EDGE('',*,*,#681,.F.);
#876=ORIENTED_EDGE('',*,*,#682,.F.);
#877=ORIENTED_EDGE('',*,*,#676,.F.);
#878=ORIENTED_EDGE('',*,*,#683,.F.);
#879=ORIENTED_EDGE('',*,*,#684,.T.);
#880=ORIENTED_EDGE('',*,*,#685,.F.);
#881=ORIENTED_EDGE('',*,*,#686,.F.);
#882=ORIENTED_EDGE('',*,*,#687,.F.);
#883=ORIENTED_EDGE('',*,*,#684,.F.);
#884=ORIENTED_EDGE('',*,*,#688,.F.);
#885=ORIENTED_EDGE('',*,*,#678,.T.);
#886=ORIENTED_EDGE('',*,*,#689,.F.);
#887=ORIENTED_EDGE('',*,*,#690,.F.);
#888=ORIENTED_EDGE('',*,*,#691,.F.);
#889=ORIENTED_EDGE('',*,*,#692,.T.);
#890=ORIENTED_EDGE('',*,*,#693,.F.);
#891=ORIENTED_EDGE('',*,*,#692,.F.);
#892=ORIENTED_EDGE('',*,*,#694,.F.);
#893=ORIENTED_EDGE('',*,*,#695,.T.);
#894=ORIENTED_EDGE('',*,*,#696,.F.);
#895=ORIENTED_EDGE('',*,*,#697,.F.);
#896=ORIENTED_EDGE('',*,*,#698,.F.);
#897=ORIENTED_EDGE('',*,*,#695,.F.);
#898=ORIENTED_EDGE('',*,*,#699,.F.);
#899=ORIENTED_EDGE('',*,*,#700,.T.);
#900=ORIENTED_EDGE('',*,*,#701,.F.);
#901=ORIENTED_EDGE('',*,*,#700,.F.);
#902=ORIENTED_EDGE('',*,*,#702,.F.);
#903=ORIENTED_EDGE('',*,*,#690,.T.);
#904=ORIENTED_EDGE('',*,*,#703,.F.);
#905=ORIENTED_EDGE('',*,*,#704,.F.);
#906=ORIENTED_EDGE('',*,*,#705,.T.);
#907=ORIENTED_EDGE('',*,*,#706,.T.);
#908=ORIENTED_EDGE('',*,*,#649,.T.);
#909=ORIENTED_EDGE('',*,*,#706,.F.);
#910=ORIENTED_EDGE('',*,*,#707,.T.);
#911=ORIENTED_EDGE('',*,*,#708,.T.);
#912=ORIENTED_EDGE('',*,*,#709,.T.);
#913=ORIENTED_EDGE('',*,*,#710,.T.);
#914=ORIENTED_EDGE('',*,*,#648,.T.);
#915=ORIENTED_EDGE('',*,*,#710,.F.);
#916=ORIENTED_EDGE('',*,*,#711,.T.);
#917=ORIENTED_EDGE('',*,*,#712,.T.);
#918=ORIENTED_EDGE('',*,*,#713,.T.);
#919=ORIENTED_EDGE('',*,*,#714,.T.);
#920=ORIENTED_EDGE('',*,*,#665,.T.);
#921=ORIENTED_EDGE('',*,*,#714,.F.);
#922=ORIENTED_EDGE('',*,*,#715,.T.);
#923=ORIENTED_EDGE('',*,*,#716,.T.);
#924=ORIENTED_EDGE('',*,*,#717,.T.);
#925=ORIENTED_EDGE('',*,*,#718,.T.);
#926=ORIENTED_EDGE('',*,*,#664,.T.);
#927=ORIENTED_EDGE('',*,*,#718,.F.);
#928=ORIENTED_EDGE('',*,*,#719,.T.);
#929=ORIENTED_EDGE('',*,*,#720,.T.);
#930=ORIENTED_EDGE('',*,*,#721,.T.);
#931=ORIENTED_EDGE('',*,*,#722,.T.);
#932=ORIENTED_EDGE('',*,*,#681,.T.);
#933=ORIENTED_EDGE('',*,*,#722,.F.);
#934=ORIENTED_EDGE('',*,*,#723,.T.);
#935=ORIENTED_EDGE('',*,*,#724,.T.);
#936=ORIENTED_EDGE('',*,*,#725,.T.);
#937=ORIENTED_EDGE('',*,*,#726,.T.);
#938=ORIENTED_EDGE('',*,*,#680,.T.);
#939=ORIENTED_EDGE('',*,*,#726,.F.);
#940=ORIENTED_EDGE('',*,*,#727,.T.);
#941=ORIENTED_EDGE('',*,*,#728,.T.);
#942=ORIENTED_EDGE('',*,*,#697,.T.);
#943=ORIENTED_EDGE('',*,*,#729,.T.);
#944=ORIENTED_EDGE('',*,*,#730,.T.);
#945=ORIENTED_EDGE('',*,*,#731,.T.);
#946=ORIENTED_EDGE('',*,*,#732,.T.);
#947=ORIENTED_EDGE('',*,*,#733,.T.);
#948=ORIENTED_EDGE('',*,*,#729,.F.);
#949=ORIENTED_EDGE('',*,*,#696,.T.);
#950=ORIENTED_EDGE('',*,*,#734,.T.);
#951=ORIENTED_EDGE('',*,*,#735,.T.);
#952=ORIENTED_EDGE('',*,*,#736,.T.);
#953=ORIENTED_EDGE('',*,*,#737,.T.);
#954=ORIENTED_EDGE('',*,*,#738,.T.);
#955=ORIENTED_EDGE('',*,*,#734,.F.);
#956=ORIENTED_EDGE('',*,*,#720,.F.);
#957=ORIENTED_EDGE('',*,*,#737,.F.);
#958=ORIENTED_EDGE('',*,*,#739,.T.);
#959=ORIENTED_EDGE('',*,*,#635,.T.);
#960=ORIENTED_EDGE('',*,*,#640,.T.);
#961=ORIENTED_EDGE('',*,*,#740,.T.);
#962=ORIENTED_EDGE('',*,*,#741,.F.);
#963=ORIENTED_EDGE('',*,*,#740,.F.);
#964=ORIENTED_EDGE('',*,*,#639,.T.);
#965=ORIENTED_EDGE('',*,*,#636,.T.);
#966=ORIENTED_EDGE('',*,*,#739,.F.);
#967=ORIENTED_EDGE('',*,*,#736,.F.);
#968=ORIENTED_EDGE('',*,*,#716,.F.);
#969=ORIENTED_EDGE('',*,*,#732,.F.);
#970=ORIENTED_EDGE('',*,*,#742,.T.);
#971=ORIENTED_EDGE('',*,*,#738,.F.);
#972=ORIENTED_EDGE('',*,*,#719,.F.);
#973=ORIENTED_EDGE('',*,*,#717,.F.);
#974=ORIENTED_EDGE('',*,*,#735,.F.);
#975=ORIENTED_EDGE('',*,*,#742,.F.);
#976=ORIENTED_EDGE('',*,*,#731,.F.);
#977=ORIENTED_EDGE('',*,*,#743,.F.);
#978=ORIENTED_EDGE('',*,*,#744,.T.);
#979=ORIENTED_EDGE('',*,*,#619,.T.);
#980=ORIENTED_EDGE('',*,*,#624,.T.);
#981=ORIENTED_EDGE('',*,*,#745,.T.);
#982=ORIENTED_EDGE('',*,*,#733,.F.);
#983=ORIENTED_EDGE('',*,*,#715,.F.);
#984=ORIENTED_EDGE('',*,*,#713,.F.);
#985=ORIENTED_EDGE('',*,*,#730,.F.);
#986=ORIENTED_EDGE('',*,*,#745,.F.);
#987=ORIENTED_EDGE('',*,*,#623,.T.);
#988=ORIENTED_EDGE('',*,*,#620,.T.);
#989=ORIENTED_EDGE('',*,*,#744,.F.);
#990=ORIENTED_EDGE('',*,*,#712,.F.);
#991=ORIENTED_EDGE('',*,*,#746,.F.);
#992=ORIENTED_EDGE('',*,*,#747,.T.);
#993=ORIENTED_EDGE('',*,*,#748,.F.);
#994=ORIENTED_EDGE('',*,*,#747,.F.);
#995=ORIENTED_EDGE('',*,*,#749,.F.);
#996=ORIENTED_EDGE('',*,*,#708,.F.);
#997=ORIENTED_EDGE('',*,*,#750,.F.);
#998=ORIENTED_EDGE('',*,*,#751,.T.);
#999=ORIENTED_EDGE('',*,*,#752,.F.);
#1000=ORIENTED_EDGE('',*,*,#711,.F.);
#1001=ORIENTED_EDGE('',*,*,#709,.F.);
#1002=ORIENTED_EDGE('',*,*,#753,.F.);
#1003=ORIENTED_EDGE('',*,*,#751,.F.);
#1004=ORIENTED_EDGE('',*,*,#754,.F.);
#1005=ORIENTED_EDGE('',*,*,#755,.F.);
#1006=ORIENTED_EDGE('',*,*,#756,.T.);
#1007=ORIENTED_EDGE('',*,*,#757,.F.);
#1008=ORIENTED_EDGE('',*,*,#707,.F.);
#1009=ORIENTED_EDGE('',*,*,#705,.F.);
#1010=ORIENTED_EDGE('',*,*,#758,.F.);
#1011=ORIENTED_EDGE('',*,*,#756,.F.);
#1012=ORIENTED_EDGE('',*,*,#728,.F.);
#1013=ORIENTED_EDGE('',*,*,#759,.F.);
#1014=ORIENTED_EDGE('',*,*,#760,.T.);
#1015=ORIENTED_EDGE('',*,*,#761,.F.);
#1016=ORIENTED_EDGE('',*,*,#760,.F.);
#1017=ORIENTED_EDGE('',*,*,#762,.F.);
#1018=ORIENTED_EDGE('',*,*,#628,.T.);
#1019=ORIENTED_EDGE('',*,*,#724,.F.);
#1020=ORIENTED_EDGE('',*,*,#763,.F.);
#1021=ORIENTED_EDGE('',*,*,#764,.T.);
#1022=ORIENTED_EDGE('',*,*,#765,.F.);
#1023=ORIENTED_EDGE('',*,*,#727,.F.);
#1024=ORIENTED_EDGE('',*,*,#725,.F.);
#1025=ORIENTED_EDGE('',*,*,#766,.F.);
#1026=ORIENTED_EDGE('',*,*,#764,.F.);
#1027=ORIENTED_EDGE('',*,*,#767,.F.);
#1028=ORIENTED_EDGE('',*,*,#768,.F.);
#1029=ORIENTED_EDGE('',*,*,#769,.T.);
#1030=ORIENTED_EDGE('',*,*,#770,.F.);
#1031=ORIENTED_EDGE('',*,*,#723,.F.);
#1032=ORIENTED_EDGE('',*,*,#721,.F.);
#1033=ORIENTED_EDGE('',*,*,#771,.F.);
#1034=ORIENTED_EDGE('',*,*,#769,.F.);
#1035=ORIENTED_EDGE('',*,*,#632,.T.);
#1036=ORIENTED_EDGE('',*,*,#653,.T.);
#1037=ORIENTED_EDGE('',*,*,#772,.T.);
#1038=ORIENTED_EDGE('',*,*,#771,.T.);
#1039=ORIENTED_EDGE('',*,*,#767,.T.);
#1040=ORIENTED_EDGE('',*,*,#763,.T.);
#1041=ORIENTED_EDGE('',*,*,#770,.T.);
#1042=ORIENTED_EDGE('',*,*,#772,.F.);
#1043=ORIENTED_EDGE('',*,*,#669,.T.);
#1044=ORIENTED_EDGE('',*,*,#773,.T.);
#1045=ORIENTED_EDGE('',*,*,#758,.T.);
#1046=ORIENTED_EDGE('',*,*,#754,.T.);
#1047=ORIENTED_EDGE('',*,*,#750,.T.);
#1048=ORIENTED_EDGE('',*,*,#757,.T.);
#1049=ORIENTED_EDGE('',*,*,#773,.F.);
#1050=ORIENTED_EDGE('',*,*,#774,.F.);
#1051=ORIENTED_EDGE('',*,*,#775,.T.);
#1052=ORIENTED_EDGE('',*,*,#703,.T.);
#1053=ORIENTED_EDGE('',*,*,#775,.F.);
#1054=ORIENTED_EDGE('',*,*,#654,.T.);
#1055=ORIENTED_EDGE('',*,*,#776,.T.);
#1056=ORIENTED_EDGE('',*,*,#766,.T.);
#1057=ORIENTED_EDGE('',*,*,#762,.T.);
#1058=ORIENTED_EDGE('',*,*,#759,.T.);
#1059=ORIENTED_EDGE('',*,*,#765,.T.);
#1060=ORIENTED_EDGE('',*,*,#776,.F.);
#1061=ORIENTED_EDGE('',*,*,#670,.T.);
#1062=ORIENTED_EDGE('',*,*,#777,.T.);
#1063=ORIENTED_EDGE('',*,*,#753,.T.);
#1064=ORIENTED_EDGE('',*,*,#749,.T.);
#1065=ORIENTED_EDGE('',*,*,#746,.T.);
#1066=ORIENTED_EDGE('',*,*,#752,.T.);
#1067=ORIENTED_EDGE('',*,*,#777,.F.);
#1068=ORIENTED_EDGE('',*,*,#778,.F.);
#1069=ORIENTED_EDGE('',*,*,#779,.T.);
#1070=ORIENTED_EDGE('',*,*,#704,.T.);
#1071=ORIENTED_EDGE('',*,*,#779,.F.);
#1072=ORIENTED_EDGE('',*,*,#685,.T.);
#1073=ORIENTED_EDGE('',*,*,#780,.T.);
#1074=ORIENTED_EDGE('',*,*,#781,.T.);
#1075=ORIENTED_EDGE('',*,*,#780,.F.);
#1076=ORIENTED_EDGE('',*,*,#686,.T.);
#1077=ORIENTED_EDGE('',*,*,#782,.T.);
#1078=ORIENTED_EDGE('',*,*,#783,.T.);
#1079=ORIENTED_EDGE('',*,*,#782,.F.);
#1080=ORIENTED_EDGE('',*,*,#784,.F.);
#1081=ORIENTED_EDGE('',*,*,#785,.T.);
#1082=ORIENTED_EDGE('',*,*,#786,.F.);
#1083=ORIENTED_EDGE('',*,*,#787,.F.);
#1084=ORIENTED_EDGE('',*,*,#741,.T.);
#1085=ORIENTED_EDGE('',*,*,#748,.T.);
#1086=ORIENTED_EDGE('',*,*,#761,.T.);
#1087=ORIENTED_EDGE('',*,*,#788,.F.);
#1088=ORIENTED_EDGE('',*,*,#787,.T.);
#1089=ORIENTED_EDGE('',*,*,#789,.F.);
#1090=ORIENTED_EDGE('',*,*,#790,.F.);
#1091=ORIENTED_EDGE('',*,*,#617,.T.);
#1092=ORIENTED_EDGE('',*,*,#625,.T.);
#1093=ORIENTED_EDGE('',*,*,#629,.T.);
#1094=ORIENTED_EDGE('',*,*,#633,.T.);
#1095=ORIENTED_EDGE('',*,*,#651,.T.);
#1096=ORIENTED_EDGE('',*,*,#643,.T.);
#1097=ORIENTED_EDGE('',*,*,#647,.T.);
#1098=ORIENTED_EDGE('',*,*,#656,.T.);
#1099=ORIENTED_EDGE('',*,*,#667,.T.);
#1100=ORIENTED_EDGE('',*,*,#659,.T.);
#1101=ORIENTED_EDGE('',*,*,#663,.T.);
#1102=ORIENTED_EDGE('',*,*,#672,.T.);
#1103=ORIENTED_EDGE('',*,*,#683,.T.);
#1104=ORIENTED_EDGE('',*,*,#675,.T.);
#1105=ORIENTED_EDGE('',*,*,#679,.T.);
#1106=ORIENTED_EDGE('',*,*,#688,.T.);
#1107=ORIENTED_EDGE('',*,*,#699,.T.);
#1108=ORIENTED_EDGE('',*,*,#694,.T.);
#1109=ORIENTED_EDGE('',*,*,#691,.T.);
#1110=ORIENTED_EDGE('',*,*,#702,.T.);
#1111=ORIENTED_EDGE('',*,*,#791,.F.);
#1112=ORIENTED_EDGE('',*,*,#790,.T.);
#1113=ORIENTED_EDGE('',*,*,#792,.F.);
#1114=ORIENTED_EDGE('',*,*,#793,.F.);
#1115=ORIENTED_EDGE('',*,*,#743,.T.);
#1116=ORIENTED_EDGE('',*,*,#755,.T.);
#1117=ORIENTED_EDGE('',*,*,#768,.T.);
#1118=ORIENTED_EDGE('',*,*,#794,.F.);
#1119=ORIENTED_EDGE('',*,*,#793,.T.);
#1120=ORIENTED_EDGE('',*,*,#795,.F.);
#1121=ORIENTED_EDGE('',*,*,#785,.F.);
#1122=ORIENTED_EDGE('',*,*,#622,.T.);
#1123=ORIENTED_EDGE('',*,*,#627,.T.);
#1124=ORIENTED_EDGE('',*,*,#631,.T.);
#1125=ORIENTED_EDGE('',*,*,#638,.T.);
#1126=ORIENTED_EDGE('',*,*,#650,.T.);
#1127=ORIENTED_EDGE('',*,*,#655,.T.);
#1128=ORIENTED_EDGE('',*,*,#645,.T.);
#1129=ORIENTED_EDGE('',*,*,#641,.T.);
#1130=ORIENTED_EDGE('',*,*,#666,.T.);
#1131=ORIENTED_EDGE('',*,*,#671,.T.);
#1132=ORIENTED_EDGE('',*,*,#661,.T.);
#1133=ORIENTED_EDGE('',*,*,#657,.T.);
#1134=ORIENTED_EDGE('',*,*,#682,.T.);
#1135=ORIENTED_EDGE('',*,*,#687,.T.);
#1136=ORIENTED_EDGE('',*,*,#677,.T.);
#1137=ORIENTED_EDGE('',*,*,#673,.T.);
#1138=ORIENTED_EDGE('',*,*,#698,.T.);
#1139=ORIENTED_EDGE('',*,*,#701,.T.);
#1140=ORIENTED_EDGE('',*,*,#689,.T.);
#1141=ORIENTED_EDGE('',*,*,#693,.T.);
#1142=ORIENTED_EDGE('',*,*,#795,.T.);
#1143=ORIENTED_EDGE('',*,*,#792,.T.);
#1144=ORIENTED_EDGE('',*,*,#789,.T.);
#1145=ORIENTED_EDGE('',*,*,#786,.T.);
#1146=ORIENTED_EDGE('',*,*,#778,.T.);
#1147=ORIENTED_EDGE('',*,*,#774,.T.);
#1148=ORIENTED_EDGE('',*,*,#794,.T.);
#1149=ORIENTED_EDGE('',*,*,#784,.T.);
#1150=ORIENTED_EDGE('',*,*,#788,.T.);
#1151=ORIENTED_EDGE('',*,*,#791,.T.);
#1152=ORIENTED_EDGE('',*,*,#783,.F.);
#1153=ORIENTED_EDGE('',*,*,#781,.F.);
#1154=CYLINDRICAL_SURFACE('',#1248,1.5);
#1155=CYLINDRICAL_SURFACE('',#1251,1.5);
#1156=CYLINDRICAL_SURFACE('',#1254,1.5);
#1157=CYLINDRICAL_SURFACE('',#1257,1.5);
#1158=CYLINDRICAL_SURFACE('',#1292,1.5);
#1159=CYLINDRICAL_SURFACE('',#1296,1.5);
#1160=CYLINDRICAL_SURFACE('',#1300,1.5);
#1161=CYLINDRICAL_SURFACE('',#1304,1.5);
#1162=CYLINDRICAL_SURFACE('',#1308,1.5);
#1163=CYLINDRICAL_SURFACE('',#1312,1.5);
#1164=CYLINDRICAL_SURFACE('',#1316,1.5);
#1165=CYLINDRICAL_SURFACE('',#1321,1.5);
#1166=CYLINDRICAL_SURFACE('',#1326,1.5);
#1167=CYLINDRICAL_SURFACE('',#1328,1.5);
#1168=CYLINDRICAL_SURFACE('',#1329,1.5);
#1169=CYLINDRICAL_SURFACE('',#1331,1.5);
#1170=CYLINDRICAL_SURFACE('',#1335,1.5);
#1171=CYLINDRICAL_SURFACE('',#1340,1.5);
#1172=CYLINDRICAL_SURFACE('',#1344,1.5);
#1173=CYLINDRICAL_SURFACE('',#1348,1.5);
#1174=CYLINDRICAL_SURFACE('',#1353,1.5);
#1175=CYLINDRICAL_SURFACE('',#1357,1.5);
#1176=CYLINDRICAL_SURFACE('',#1358,1.5);
#1177=CYLINDRICAL_SURFACE('',#1359,1.5);
#1178=CYLINDRICAL_SURFACE('',#1361,1.5);
#1179=CYLINDRICAL_SURFACE('',#1362,1.5);
#1180=CYLINDRICAL_SURFACE('',#1363,1.5);
#1181=CYLINDRICAL_SURFACE('',#1365,1.5);
#1182=CYLINDRICAL_SURFACE('',#1367,1.5);
#1183=ADVANCED_FACE('',(#125),#1154,.F.);
#1184=ADVANCED_FACE('',(#126,#79),#1155,.F.);
#1185=ADVANCED_FACE('',(#127,#80),#1156,.F.);
#1186=ADVANCED_FACE('',(#128),#1157,.F.);
#1187=ADVANCED_FACE('',(#129),#57,.F.);
#1188=ADVANCED_FACE('',(#130,#81,#82),#58,.F.);
#1189=ADVANCED_FACE('',(#131,#83,#84),#59,.F.);
#1190=ADVANCED_FACE('',(#132),#60,.F.);
#1191=ADVANCED_FACE('',(#133),#61,.F.);
#1192=ADVANCED_FACE('',(#134,#85,#86),#62,.F.);
#1193=ADVANCED_FACE('',(#135,#87,#88),#63,.F.);
#1194=ADVANCED_FACE('',(#136),#64,.F.);
#1195=ADVANCED_FACE('',(#137),#65,.F.);
#1196=ADVANCED_FACE('',(#138,#89,#90),#66,.F.);
#1197=ADVANCED_FACE('',(#139,#91,#92),#67,.F.);
#1198=ADVANCED_FACE('',(#140),#68,.F.);
#1199=ADVANCED_FACE('',(#141),#69,.F.);
#1200=ADVANCED_FACE('',(#142,#93,#94),#70,.F.);
#1201=ADVANCED_FACE('',(#143),#71,.F.);
#1202=ADVANCED_FACE('',(#144,#95,#96),#72,.F.);
#1203=ADVANCED_FACE('',(#145),#1158,.F.);
#1204=ADVANCED_FACE('',(#146),#1159,.F.);
#1205=ADVANCED_FACE('',(#147),#1160,.F.);
#1206=ADVANCED_FACE('',(#148),#1161,.F.);
#1207=ADVANCED_FACE('',(#149),#1162,.F.);
#1208=ADVANCED_FACE('',(#150),#1163,.F.);
#1209=ADVANCED_FACE('',(#151),#1164,.F.);
#1210=ADVANCED_FACE('',(#152),#1165,.F.);
#1211=ADVANCED_FACE('',(#153),#1166,.F.);
#1212=ADVANCED_FACE('',(#154),#1167,.F.);
#1213=ADVANCED_FACE('',(#155),#1168,.F.);
#1214=ADVANCED_FACE('',(#156),#1169,.F.);
#1215=ADVANCED_FACE('',(#157),#1170,.F.);
#1216=ADVANCED_FACE('',(#158),#1171,.F.);
#1217=ADVANCED_FACE('',(#159,#97),#1172,.F.);
#1218=ADVANCED_FACE('',(#160),#1173,.F.);
#1219=ADVANCED_FACE('',(#161,#98),#1174,.F.);
#1220=ADVANCED_FACE('',(#162),#1175,.F.);
#1221=ADVANCED_FACE('',(#163),#1176,.F.);
#1222=ADVANCED_FACE('',(#164),#1177,.F.);
#1223=ADVANCED_FACE('',(#165),#1178,.F.);
#1224=ADVANCED_FACE('',(#166),#1179,.F.);
#1225=ADVANCED_FACE('',(#167),#1180,.F.);
#1226=ADVANCED_FACE('',(#168),#1181,.F.);
#1227=ADVANCED_FACE('',(#169),#1182,.F.);
#1228=ADVANCED_FACE('',(#170,#99,#100,#101),#73,.T.);
#1229=ADVANCED_FACE('',(#171,#102,#103,#104,#105,#106,#107,#108,#109),#74,
 .T.);
#1230=ADVANCED_FACE('',(#172,#110,#111,#112),#75,.T.);
#1231=ADVANCED_FACE('',(#173,#113,#114,#115,#116,#117,#118,#119,#120),#76,
 .T.);
#1232=ADVANCED_FACE('',(#174,#121,#122),#77,.T.);
#1233=ADVANCED_FACE('',(#175,#123,#124),#78,.F.);
#1234=CLOSED_SHELL('',(#1183,#1184,#1185,#1186,#1187,#1188,#1189,#1190,
#1191,#1192,#1193,#1194,#1195,#1196,#1197,#1198,#1199,#1200,#1201,#1202,
#1203,#1204,#1205,#1206,#1207,#1208,#1209,#1210,#1211,#1212,#1213,#1214,
#1215,#1216,#1217,#1218,#1219,#1220,#1221,#1222,#1223,#1224,#1225,#1226,
#1227,#1228,#1229,#1230,#1231,#1232,#1233));
#1235=DERIVED_UNIT_ELEMENT(#1237,1.);
#1236=DERIVED_UNIT_ELEMENT(#2340,-3.);
#1237=(
MASS_UNIT()
NAMED_UNIT(*)
SI_UNIT(.KILO.,.GRAM.)
);
#1238=DERIVED_UNIT((#1235,#1236));
#1239=MEASURE_REPRESENTATION_ITEM('density measure',
POSITIVE_RATIO_MEASURE(7850.),#1238);
#1240=PROPERTY_DEFINITION_REPRESENTATION(#1245,#1242);
#1241=PROPERTY_DEFINITION_REPRESENTATION(#1246,#1243);
#1242=REPRESENTATION('material name',(#1244),#2337);
#1243=REPRESENTATION('density',(#1239),#2337);
#1244=DESCRIPTIVE_REPRESENTATION_ITEM('Steel','Steel');
#1245=PROPERTY_DEFINITION('material property','material name',#2347);
#1246=PROPERTY_DEFINITION('material property','density of part',#2347);
#1247=AXIS2_PLACEMENT_3D('',#1724,#1375,#1376);
#1248=AXIS2_PLACEMENT_3D('',#1725,#1377,#1378);
#1249=AXIS2_PLACEMENT_3D('',#1727,#1379,#1380);
#1250=AXIS2_PLACEMENT_3D('',#1770,#1383,#1384);
#1251=AXIS2_PLACEMENT_3D('',#1808,#1385,#1386);
#1252=AXIS2_PLACEMENT_3D('',#1810,#1387,#1388);
#1253=AXIS2_PLACEMENT_3D('',#1813,#1390,#1391);
#1254=AXIS2_PLACEMENT_3D('',#1881,#1392,#1393);
#1255=AXIS2_PLACEMENT_3D('',#1883,#1394,#1395);
#1256=AXIS2_PLACEMENT_3D('',#1886,#1397,#1398);
#1257=AXIS2_PLACEMENT_3D('',#1954,#1399,#1400);
#1258=AXIS2_PLACEMENT_3D('',#1956,#1401,#1402);
#1259=AXIS2_PLACEMENT_3D('',#1999,#1405,#1406);
#1260=AXIS2_PLACEMENT_3D('',#2037,#1407,#1408);
#1261=AXIS2_PLACEMENT_3D('',#2046,#1413,#1414);
#1262=AXIS2_PLACEMENT_3D('',#2053,#1418,#1419);
#1263=AXIS2_PLACEMENT_3D('',#2055,#1420,#1421);
#1264=AXIS2_PLACEMENT_3D('',#2056,#1422,#1423);
#1265=AXIS2_PLACEMENT_3D('',#2063,#1427,#1428);
#1266=AXIS2_PLACEMENT_3D('',#2065,#1429,#1430);
#1267=AXIS2_PLACEMENT_3D('',#2066,#1431,#1432);
#1268=AXIS2_PLACEMENT_3D('',#2069,#1435,#1436);
#1269=AXIS2_PLACEMENT_3D('',#2078,#1441,#1442);
#1270=AXIS2_PLACEMENT_3D('',#2085,#1446,#1447);
#1271=AXIS2_PLACEMENT_3D('',#2087,#1448,#1449);
#1272=AXIS2_PLACEMENT_3D('',#2088,#1450,#1451);
#1273=AXIS2_PLACEMENT_3D('',#2095,#1455,#1456);
#1274=AXIS2_PLACEMENT_3D('',#2097,#1457,#1458);
#1275=AXIS2_PLACEMENT_3D('',#2098,#1459,#1460);
#1276=AXIS2_PLACEMENT_3D('',#2101,#1463,#1464);
#1277=AXIS2_PLACEMENT_3D('',#2110,#1469,#1470);
#1278=AXIS2_PLACEMENT_3D('',#2117,#1474,#1475);
#1279=AXIS2_PLACEMENT_3D('',#2119,#1476,#1477);
#1280=AXIS2_PLACEMENT_3D('',#2120,#1478,#1479);
#1281=AXIS2_PLACEMENT_3D('',#2127,#1483,#1484);
#1282=AXIS2_PLACEMENT_3D('',#2129,#1485,#1486);
#1283=AXIS2_PLACEMENT_3D('',#2130,#1487,#1488);
#1284=AXIS2_PLACEMENT_3D('',#2133,#1491,#1492);
#1285=AXIS2_PLACEMENT_3D('',#2142,#1497,#1498);
#1286=AXIS2_PLACEMENT_3D('',#2149,#1502,#1503);
#1287=AXIS2_PLACEMENT_3D('',#2151,#1504,#1505);
#1288=AXIS2_PLACEMENT_3D('',#2152,#1506,#1507);
#1289=AXIS2_PLACEMENT_3D('',#2158,#1511,#1512);
#1290=AXIS2_PLACEMENT_3D('',#2162,#1515,#1516);
#1291=AXIS2_PLACEMENT_3D('',#2164,#1517,#1518);
#1292=AXIS2_PLACEMENT_3D('',#2165,#1519,#1520);
#1293=AXIS2_PLACEMENT_3D('',#2168,#1521,#1522);
#1294=AXIS2_PLACEMENT_3D('',#2171,#1524,#1525);
#1295=AXIS2_PLACEMENT_3D('',#2172,#1526,#1527);
#1296=AXIS2_PLACEMENT_3D('',#2173,#1528,#1529);
#1297=AXIS2_PLACEMENT_3D('',#2176,#1530,#1531);
#1298=AXIS2_PLACEMENT_3D('',#2179,#1533,#1534);
#1299=AXIS2_PLACEMENT_3D('',#2180,#1535,#1536);
#1300=AXIS2_PLACEMENT_3D('',#2181,#1537,#1538);
#1301=AXIS2_PLACEMENT_3D('',#2184,#1539,#1540);
#1302=AXIS2_PLACEMENT_3D('',#2187,#1542,#1543);
#1303=AXIS2_PLACEMENT_3D('',#2188,#1544,#1545);
#1304=AXIS2_PLACEMENT_3D('',#2189,#1546,#1547);
#1305=AXIS2_PLACEMENT_3D('',#2192,#1548,#1549);
#1306=AXIS2_PLACEMENT_3D('',#2195,#1551,#1552);
#1307=AXIS2_PLACEMENT_3D('',#2196,#1553,#1554);
#1308=AXIS2_PLACEMENT_3D('',#2197,#1555,#1556);
#1309=AXIS2_PLACEMENT_3D('',#2200,#1557,#1558);
#1310=AXIS2_PLACEMENT_3D('',#2203,#1560,#1561);
#1311=AXIS2_PLACEMENT_3D('',#2204,#1562,#1563);
#1312=AXIS2_PLACEMENT_3D('',#2205,#1564,#1565);
#1313=AXIS2_PLACEMENT_3D('',#2208,#1566,#1567);
#1314=AXIS2_PLACEMENT_3D('',#2211,#1569,#1570);
#1315=AXIS2_PLACEMENT_3D('',#2212,#1571,#1572);
#1316=AXIS2_PLACEMENT_3D('',#2213,#1573,#1574);
#1317=AXIS2_PLACEMENT_3D('',#2216,#1576,#1577);
#1318=AXIS2_PLACEMENT_3D('',#2218,#1578,#1579);
#1319=AXIS2_PLACEMENT_3D('',#2219,#1580,#1581);
#1320=AXIS2_PLACEMENT_3D('',#2220,#1582,#1583);
#1321=AXIS2_PLACEMENT_3D('',#2221,#1584,#1585);
#1322=AXIS2_PLACEMENT_3D('',#2224,#1587,#1588);
#1323=AXIS2_PLACEMENT_3D('',#2226,#1589,#1590);
#1324=AXIS2_PLACEMENT_3D('',#2227,#1591,#1592);
#1325=AXIS2_PLACEMENT_3D('',#2228,#1593,#1594);
#1326=AXIS2_PLACEMENT_3D('',#2229,#1595,#1596);
#1327=AXIS2_PLACEMENT_3D('',#2233,#1599,#1600);
#1328=AXIS2_PLACEMENT_3D('',#2234,#1601,#1602);
#1329=AXIS2_PLACEMENT_3D('',#2236,#1604,#1605);
#1330=AXIS2_PLACEMENT_3D('',#2238,#1606,#1607);
#1331=AXIS2_PLACEMENT_3D('',#2241,#1610,#1611);
#1332=AXIS2_PLACEMENT_3D('',#2243,#1612,#1613);
#1333=AXIS2_PLACEMENT_3D('',#2246,#1615,#1616);
#1334=AXIS2_PLACEMENT_3D('',#2247,#1617,#1618);
#1335=AXIS2_PLACEMENT_3D('',#2248,#1619,#1620);
#1336=AXIS2_PLACEMENT_3D('',#2250,#1621,#1622);
#1337=AXIS2_PLACEMENT_3D('',#2253,#1624,#1625);
#1338=AXIS2_PLACEMENT_3D('',#2254,#1626,#1627);
#1339=AXIS2_PLACEMENT_3D('',#2255,#1628,#1629);
#1340=AXIS2_PLACEMENT_3D('',#2256,#1630,#1631);
#1341=AXIS2_PLACEMENT_3D('',#2258,#1632,#1633);
#1342=AXIS2_PLACEMENT_3D('',#2261,#1635,#1636);
#1343=AXIS2_PLACEMENT_3D('',#2262,#1637,#1638);
#1344=AXIS2_PLACEMENT_3D('',#2263,#1639,#1640);
#1345=AXIS2_PLACEMENT_3D('',#2265,#1641,#1642);
#1346=AXIS2_PLACEMENT_3D('',#2268,#1644,#1645);
#1347=AXIS2_PLACEMENT_3D('',#2269,#1646,#1647);
#1348=AXIS2_PLACEMENT_3D('',#2270,#1648,#1649);
#1349=AXIS2_PLACEMENT_3D('',#2272,#1650,#1651);
#1350=AXIS2_PLACEMENT_3D('',#2275,#1653,#1654);
#1351=AXIS2_PLACEMENT_3D('',#2276,#1655,#1656);
#1352=AXIS2_PLACEMENT_3D('',#2277,#1657,#1658);
#1353=AXIS2_PLACEMENT_3D('',#2278,#1659,#1660);
#1354=AXIS2_PLACEMENT_3D('',#2280,#1661,#1662);
#1355=AXIS2_PLACEMENT_3D('',#2283,#1664,#1665);
#1356=AXIS2_PLACEMENT_3D('',#2284,#1666,#1667);
#1357=AXIS2_PLACEMENT_3D('',#2285,#1668,#1669);
#1358=AXIS2_PLACEMENT_3D('',#2287,#1671,#1672);
#1359=AXIS2_PLACEMENT_3D('',#2289,#1674,#1675);
#1360=AXIS2_PLACEMENT_3D('',#2291,#1676,#1677);
#1361=AXIS2_PLACEMENT_3D('',#2293,#1679,#1680);
#1362=AXIS2_PLACEMENT_3D('',#2295,#1682,#1683);
#1363=AXIS2_PLACEMENT_3D('',#2297,#1685,#1686);
#1364=AXIS2_PLACEMENT_3D('',#2299,#1687,#1688);
#1365=AXIS2_PLACEMENT_3D('',#2301,#1690,#1691);
#1366=AXIS2_PLACEMENT_3D('',#2304,#1693,#1694);
#1367=AXIS2_PLACEMENT_3D('',#2305,#1695,#1696);
#1368=AXIS2_PLACEMENT_3D('',#2308,#1698,#1699);
#1369=AXIS2_PLACEMENT_3D('',#2309,#1700,#1701);
#1370=AXIS2_PLACEMENT_3D('',#2318,#1706,#1707);
#1371=AXIS2_PLACEMENT_3D('',#2324,#1711,#1712);
#1372=AXIS2_PLACEMENT_3D('',#2330,#1716,#1717);
#1373=AXIS2_PLACEMENT_3D('',#2333,#1720,#1721);
#1374=AXIS2_PLACEMENT_3D('',#2334,#1722,#1723);
#1375=DIRECTION('axis',(0.,0.,1.));
#1376=DIRECTION('refdir',(1.,0.,0.));
#1377=DIRECTION('center_axis',(0.,0.,-1.));
#1378=DIRECTION('ref_axis',(0.,1.,0.));
#1379=DIRECTION('center_axis',(0.,0.,-1.));
#1380=DIRECTION('ref_axis',(0.,1.,0.));
#1381=DIRECTION('',(0.,0.,-1.));
#1382=DIRECTION('',(0.,0.,-1.));
#1383=DIRECTION('center_axis',(0.,0.,1.));
#1384=DIRECTION('ref_axis',(0.,1.,0.));
#1385=DIRECTION('center_axis',(0.,0.,-1.));
#1386=DIRECTION('ref_axis',(0.,1.,0.));
#1387=DIRECTION('center_axis',(0.,0.,-1.));
#1388=DIRECTION('ref_axis',(0.,1.,0.));
#1389=DIRECTION('',(0.,0.,-1.));
#1390=DIRECTION('center_axis',(0.,0.,1.));
#1391=DIRECTION('ref_axis',(0.,1.,0.));
#1392=DIRECTION('center_axis',(0.,0.,-1.));
#1393=DIRECTION('ref_axis',(0.,1.,0.));
#1394=DIRECTION('center_axis',(0.,0.,-1.));
#1395=DIRECTION('ref_axis',(0.,1.,0.));
#1396=DIRECTION('',(0.,0.,-1.));
#1397=DIRECTION('center_axis',(0.,0.,1.));
#1398=DIRECTION('ref_axis',(0.,1.,0.));
#1399=DIRECTION('center_axis',(0.,0.,-1.));
#1400=DIRECTION('ref_axis',(0.,1.,0.));
#1401=DIRECTION('center_axis',(0.,0.,-1.));
#1402=DIRECTION('ref_axis',(0.,1.,0.));
#1403=DIRECTION('',(0.,0.,-1.));
#1404=DIRECTION('',(0.,0.,-1.));
#1405=DIRECTION('center_axis',(0.,0.,1.));
#1406=DIRECTION('ref_axis',(0.,1.,0.));
#1407=DIRECTION('center_axis',(-1.,0.,0.));
#1408=DIRECTION('ref_axis',(0.,1.,0.));
#1409=DIRECTION('',(0.,-1.,0.));
#1410=DIRECTION('',(0.,0.,-1.));
#1411=DIRECTION('',(0.,1.,0.));
#1412=DIRECTION('',(0.,0.,-1.));
#1413=DIRECTION('center_axis',(0.,1.,0.));
#1414=DIRECTION('ref_axis',(1.,0.,0.));
#1415=DIRECTION('',(-1.,0.,0.));
#1416=DIRECTION('',(0.,0.,-1.));
#1417=DIRECTION('',(1.,0.,0.));
#1418=DIRECTION('center_axis',(0.,-1.,0.));
#1419=DIRECTION('ref_axis',(1.,0.,0.));
#1420=DIRECTION('center_axis',(0.,-1.,0.));
#1421=DIRECTION('ref_axis',(1.,0.,0.));
#1422=DIRECTION('center_axis',(0.,-1.,0.));
#1423=DIRECTION('ref_axis',(-1.,0.,0.));
#1424=DIRECTION('',(1.,0.,0.));
#1425=DIRECTION('',(-1.,0.,0.));
#1426=DIRECTION('',(0.,0.,-1.));
#1427=DIRECTION('center_axis',(0.,1.,0.));
#1428=DIRECTION('ref_axis',(1.,0.,0.));
#1429=DIRECTION('center_axis',(0.,1.,0.));
#1430=DIRECTION('ref_axis',(1.,0.,0.));
#1431=DIRECTION('center_axis',(1.,0.,0.));
#1432=DIRECTION('ref_axis',(0.,-1.,0.));
#1433=DIRECTION('',(0.,1.,0.));
#1434=DIRECTION('',(0.,-1.,0.));
#1435=DIRECTION('center_axis',(-1.,0.,0.));
#1436=DIRECTION('ref_axis',(0.,1.,0.));
#1437=DIRECTION('',(0.,-1.,0.));
#1438=DIRECTION('',(0.,0.,-1.));
#1439=DIRECTION('',(0.,1.,0.));
#1440=DIRECTION('',(0.,0.,-1.));
#1441=DIRECTION('center_axis',(0.,1.,0.));
#1442=DIRECTION('ref_axis',(1.,0.,0.));
#1443=DIRECTION('',(-1.,0.,0.));
#1444=DIRECTION('',(0.,0.,-1.));
#1445=DIRECTION('',(1.,0.,0.));
#1446=DIRECTION('center_axis',(0.,-1.,0.));
#1447=DIRECTION('ref_axis',(1.,0.,0.));
#1448=DIRECTION('center_axis',(0.,-1.,0.));
#1449=DIRECTION('ref_axis',(1.,0.,0.));
#1450=DIRECTION('center_axis',(0.,-1.,0.));
#1451=DIRECTION('ref_axis',(-1.,0.,0.));
#1452=DIRECTION('',(1.,0.,0.));
#1453=DIRECTION('',(-1.,0.,0.));
#1454=DIRECTION('',(0.,0.,-1.));
#1455=DIRECTION('center_axis',(0.,1.,0.));
#1456=DIRECTION('ref_axis',(1.,0.,0.));
#1457=DIRECTION('center_axis',(0.,1.,0.));
#1458=DIRECTION('ref_axis',(1.,0.,0.));
#1459=DIRECTION('center_axis',(1.,0.,0.));
#1460=DIRECTION('ref_axis',(0.,-1.,0.));
#1461=DIRECTION('',(0.,1.,0.));
#1462=DIRECTION('',(0.,-1.,0.));
#1463=DIRECTION('center_axis',(-1.,0.,0.));
#1464=DIRECTION('ref_axis',(0.,1.,0.));
#1465=DIRECTION('',(0.,-1.,0.));
#1466=DIRECTION('',(0.,0.,-1.));
#1467=DIRECTION('',(0.,1.,0.));
#1468=DIRECTION('',(0.,0.,-1.));
#1469=DIRECTION('center_axis',(0.,1.,0.));
#1470=DIRECTION('ref_axis',(1.,0.,0.));
#1471=DIRECTION('',(-1.,0.,0.));
#1472=DIRECTION('',(0.,0.,-1.));
#1473=DIRECTION('',(1.,0.,0.));
#1474=DIRECTION('center_axis',(0.,-1.,0.));
#1475=DIRECTION('ref_axis',(1.,0.,0.));
#1476=DIRECTION('center_axis',(0.,-1.,0.));
#1477=DIRECTION('ref_axis',(1.,0.,0.));
#1478=DIRECTION('center_axis',(0.,-1.,0.));
#1479=DIRECTION('ref_axis',(-1.,0.,0.));
#1480=DIRECTION('',(1.,0.,0.));
#1481=DIRECTION('',(-1.,0.,0.));
#1482=DIRECTION('',(0.,0.,-1.));
#1483=DIRECTION('center_axis',(0.,1.,0.));
#1484=DIRECTION('ref_axis',(1.,0.,0.));
#1485=DIRECTION('center_axis',(0.,1.,0.));
#1486=DIRECTION('ref_axis',(1.,0.,0.));
#1487=DIRECTION('center_axis',(1.,0.,0.));
#1488=DIRECTION('ref_axis',(0.,-1.,0.));
#1489=DIRECTION('',(0.,1.,0.));
#1490=DIRECTION('',(0.,-1.,0.));
#1491=DIRECTION('center_axis',(-1.,0.,0.));
#1492=DIRECTION('ref_axis',(0.,1.,0.));
#1493=DIRECTION('',(0.,-1.,0.));
#1494=DIRECTION('',(0.,0.,-1.));
#1495=DIRECTION('',(0.,1.,0.));
#1496=DIRECTION('',(0.,0.,-1.));
#1497=DIRECTION('center_axis',(0.,-1.,0.));
#1498=DIRECTION('ref_axis',(-1.,0.,0.));
#1499=DIRECTION('',(1.,0.,0.));
#1500=DIRECTION('',(-1.,0.,0.));
#1501=DIRECTION('',(0.,0.,-1.));
#1502=DIRECTION('center_axis',(0.,1.,0.));
#1503=DIRECTION('ref_axis',(1.,0.,0.));
#1504=DIRECTION('center_axis',(0.,1.,0.));
#1505=DIRECTION('ref_axis',(1.,0.,0.));
#1506=DIRECTION('center_axis',(1.,0.,0.));
#1507=DIRECTION('ref_axis',(0.,-1.,0.));
#1508=DIRECTION('',(0.,1.,0.));
#1509=DIRECTION('',(0.,-1.,0.));
#1510=DIRECTION('',(0.,0.,-1.));
#1511=DIRECTION('center_axis',(0.,1.,0.));
#1512=DIRECTION('ref_axis',(1.,0.,0.));
#1513=DIRECTION('',(-1.,0.,0.));
#1514=DIRECTION('',(1.,0.,0.));
#1515=DIRECTION('center_axis',(0.,-1.,0.));
#1516=DIRECTION('ref_axis',(1.,0.,0.));
#1517=DIRECTION('center_axis',(0.,-1.,0.));
#1518=DIRECTION('ref_axis',(1.,0.,0.));
#1519=DIRECTION('center_axis',(0.,1.,0.));
#1520=DIRECTION('ref_axis',(1.,0.,0.));
#1521=DIRECTION('center_axis',(-0.707106781186548,0.707106781186547,0.));
#1522=DIRECTION('ref_axis',(-0.707106781186547,-0.707106781186548,0.));
#1523=DIRECTION('',(0.,-1.,0.));
#1524=DIRECTION('center_axis',(-0.707106781186548,0.707106781186547,0.));
#1525=DIRECTION('ref_axis',(-0.707106781186547,-0.707106781186548,0.));
#1526=DIRECTION('center_axis',(0.707106781186548,0.707106781186547,0.));
#1527=DIRECTION('ref_axis',(0.707106781186547,-0.707106781186548,0.));
#1528=DIRECTION('center_axis',(0.,1.,0.));
#1529=DIRECTION('ref_axis',(1.,0.,0.));
#1530=DIRECTION('center_axis',(-0.707106781186548,0.707106781186547,0.));
#1531=DIRECTION('ref_axis',(-0.707106781186547,-0.707106781186548,0.));
#1532=DIRECTION('',(0.,-1.,0.));
#1533=DIRECTION('center_axis',(-0.707106781186548,0.707106781186547,0.));
#1534=DIRECTION('ref_axis',(-0.707106781186547,-0.707106781186548,0.));
#1535=DIRECTION('center_axis',(0.707106781186548,0.707106781186547,0.));
#1536=DIRECTION('ref_axis',(0.707106781186547,-0.707106781186548,0.));
#1537=DIRECTION('center_axis',(0.,1.,0.));
#1538=DIRECTION('ref_axis',(1.,0.,0.));
#1539=DIRECTION('center_axis',(-0.707106781186548,0.707106781186547,0.));
#1540=DIRECTION('ref_axis',(-0.707106781186547,-0.707106781186548,0.));
#1541=DIRECTION('',(0.,-1.,0.));
#1542=DIRECTION('center_axis',(-0.707106781186548,0.707106781186547,0.));
#1543=DIRECTION('ref_axis',(-0.707106781186547,-0.707106781186548,0.));
#1544=DIRECTION('center_axis',(0.707106781186548,0.707106781186547,0.));
#1545=DIRECTION('ref_axis',(0.707106781186547,-0.707106781186548,0.));
#1546=DIRECTION('center_axis',(0.,1.,0.));
#1547=DIRECTION('ref_axis',(1.,0.,0.));
#1548=DIRECTION('center_axis',(-0.707106781186548,0.707106781186547,0.));
#1549=DIRECTION('ref_axis',(-0.707106781186547,-0.707106781186548,0.));
#1550=DIRECTION('',(0.,-1.,0.));
#1551=DIRECTION('center_axis',(-0.707106781186548,0.707106781186547,0.));
#1552=DIRECTION('ref_axis',(-0.707106781186547,-0.707106781186548,0.));
#1553=DIRECTION('center_axis',(0.707106781186548,0.707106781186547,0.));
#1554=DIRECTION('ref_axis',(0.707106781186547,-0.707106781186548,0.));
#1555=DIRECTION('center_axis',(0.,1.,0.));
#1556=DIRECTION('ref_axis',(1.,0.,0.));
#1557=DIRECTION('center_axis',(-0.707106781186547,0.707106781186548,0.));
#1558=DIRECTION('ref_axis',(-0.707106781186548,-0.707106781186547,0.));
#1559=DIRECTION('',(0.,-1.,0.));
#1560=DIRECTION('center_axis',(-0.707106781186547,0.707106781186548,0.));
#1561=DIRECTION('ref_axis',(-0.707106781186548,-0.707106781186547,0.));
#1562=DIRECTION('center_axis',(0.707106781186547,0.707106781186548,0.));
#1563=DIRECTION('ref_axis',(0.707106781186548,-0.707106781186547,0.));
#1564=DIRECTION('center_axis',(0.,1.,0.));
#1565=DIRECTION('ref_axis',(1.,0.,0.));
#1566=DIRECTION('center_axis',(-0.707106781186547,0.707106781186548,0.));
#1567=DIRECTION('ref_axis',(-0.707106781186548,-0.707106781186547,0.));
#1568=DIRECTION('',(0.,-1.,0.));
#1569=DIRECTION('center_axis',(-0.707106781186547,0.707106781186548,0.));
#1570=DIRECTION('ref_axis',(-0.707106781186548,-0.707106781186547,0.));
#1571=DIRECTION('center_axis',(0.707106781186547,0.707106781186548,0.));
#1572=DIRECTION('ref_axis',(0.707106781186548,-0.707106781186547,0.));
#1573=DIRECTION('center_axis',(0.,1.,0.));
#1574=DIRECTION('ref_axis',(1.,0.,0.));
#1575=DIRECTION('',(0.,-1.,0.));
#1576=DIRECTION('center_axis',(-0.707106781186548,-0.707106781186547,0.));
#1577=DIRECTION('ref_axis',(0.707106781186547,-0.707106781186548,0.));
#1578=DIRECTION('center_axis',(0.707106781186548,-0.707106781186547,0.));
#1579=DIRECTION('ref_axis',(-0.707106781186547,-0.707106781186548,0.));
#1580=DIRECTION('center_axis',(0.707106781186548,-0.707106781186547,0.));
#1581=DIRECTION('ref_axis',(-0.707106781186547,-0.707106781186548,0.));
#1582=DIRECTION('center_axis',(-0.707106781186548,-0.707106781186547,0.));
#1583=DIRECTION('ref_axis',(0.707106781186547,-0.707106781186548,0.));
#1584=DIRECTION('center_axis',(0.,1.,0.));
#1585=DIRECTION('ref_axis',(1.,0.,0.));
#1586=DIRECTION('',(0.,-1.,0.));
#1587=DIRECTION('center_axis',(-0.707106781186548,-0.707106781186547,0.));
#1588=DIRECTION('ref_axis',(0.707106781186547,-0.707106781186548,0.));
#1589=DIRECTION('center_axis',(0.707106781186548,-0.707106781186547,0.));
#1590=DIRECTION('ref_axis',(-0.707106781186547,-0.707106781186548,0.));
#1591=DIRECTION('center_axis',(0.707106781186548,-0.707106781186547,0.));
#1592=DIRECTION('ref_axis',(-0.707106781186547,-0.707106781186548,0.));
#1593=DIRECTION('center_axis',(-0.707106781186548,-0.707106781186547,0.));
#1594=DIRECTION('ref_axis',(0.707106781186547,-0.707106781186548,0.));
#1595=DIRECTION('center_axis',(1.,0.,0.));
#1596=DIRECTION('ref_axis',(0.,-1.,0.));
#1597=DIRECTION('',(1.,0.,0.));
#1598=DIRECTION('',(1.,0.,0.));
#1599=DIRECTION('center_axis',(-1.,0.,0.));
#1600=DIRECTION('ref_axis',(0.,-1.,0.));
#1601=DIRECTION('center_axis',(1.,0.,0.));
#1602=DIRECTION('ref_axis',(0.,-1.,0.));
#1603=DIRECTION('',(1.,0.,0.));
#1604=DIRECTION('center_axis',(1.,0.,0.));
#1605=DIRECTION('ref_axis',(0.,-1.,0.));
#1606=DIRECTION('center_axis',(1.,0.,0.));
#1607=DIRECTION('ref_axis',(0.,-1.,0.));
#1608=DIRECTION('',(1.,0.,0.));
#1609=DIRECTION('',(1.,0.,0.));
#1610=DIRECTION('center_axis',(1.,0.,0.));
#1611=DIRECTION('ref_axis',(0.,-1.,0.));
#1612=DIRECTION('center_axis',(0.707106781186548,-0.707106781186547,0.));
#1613=DIRECTION('ref_axis',(-0.707106781186547,-0.707106781186548,0.));
#1614=DIRECTION('',(1.,0.,0.));
#1615=DIRECTION('center_axis',(-1.,0.,0.));
#1616=DIRECTION('ref_axis',(0.,-1.,0.));
#1617=DIRECTION('center_axis',(0.707106781186548,-0.707106781186547,0.));
#1618=DIRECTION('ref_axis',(-0.707106781186547,-0.707106781186548,0.));
#1619=DIRECTION('center_axis',(1.,0.,0.));
#1620=DIRECTION('ref_axis',(0.,-1.,0.));
#1621=DIRECTION('center_axis',(0.707106781186548,-0.707106781186547,0.));
#1622=DIRECTION('ref_axis',(-0.707106781186547,-0.707106781186548,0.));
#1623=DIRECTION('',(1.,0.,0.));
#1624=DIRECTION('center_axis',(-0.707106781186548,-0.707106781186547,0.));
#1625=DIRECTION('ref_axis',(0.707106781186547,-0.707106781186548,0.));
#1626=DIRECTION('center_axis',(-0.707106781186548,-0.707106781186547,0.));
#1627=DIRECTION('ref_axis',(0.707106781186547,-0.707106781186548,0.));
#1628=DIRECTION('center_axis',(0.707106781186548,-0.707106781186547,0.));
#1629=DIRECTION('ref_axis',(-0.707106781186547,-0.707106781186548,0.));
#1630=DIRECTION('center_axis',(1.,0.,0.));
#1631=DIRECTION('ref_axis',(0.,-1.,0.));
#1632=DIRECTION('center_axis',(1.,0.,0.));
#1633=DIRECTION('ref_axis',(0.,-1.,0.));
#1634=DIRECTION('',(1.,0.,0.));
#1635=DIRECTION('center_axis',(-0.707106781186548,-0.707106781186547,0.));
#1636=DIRECTION('ref_axis',(0.707106781186547,-0.707106781186548,0.));
#1637=DIRECTION('center_axis',(-0.707106781186548,-0.707106781186547,0.));
#1638=DIRECTION('ref_axis',(0.707106781186547,-0.707106781186548,0.));
#1639=DIRECTION('center_axis',(1.,0.,0.));
#1640=DIRECTION('ref_axis',(0.,-1.,0.));
#1641=DIRECTION('center_axis',(0.707106781186547,-0.707106781186548,0.));
#1642=DIRECTION('ref_axis',(-0.707106781186548,-0.707106781186547,0.));
#1643=DIRECTION('',(1.,0.,0.));
#1644=DIRECTION('center_axis',(-1.,0.,0.));
#1645=DIRECTION('ref_axis',(0.,-1.,0.));
#1646=DIRECTION('center_axis',(0.707106781186547,-0.707106781186548,0.));
#1647=DIRECTION('ref_axis',(-0.707106781186548,-0.707106781186547,0.));
#1648=DIRECTION('center_axis',(1.,0.,0.));
#1649=DIRECTION('ref_axis',(0.,-1.,0.));
#1650=DIRECTION('center_axis',(0.707106781186547,-0.707106781186548,0.));
#1651=DIRECTION('ref_axis',(-0.707106781186548,-0.707106781186547,0.));
#1652=DIRECTION('',(1.,0.,0.));
#1653=DIRECTION('center_axis',(-0.707106781186547,-0.707106781186548,0.));
#1654=DIRECTION('ref_axis',(0.707106781186548,-0.707106781186547,0.));
#1655=DIRECTION('center_axis',(-0.707106781186547,-0.707106781186548,0.));
#1656=DIRECTION('ref_axis',(0.707106781186548,-0.707106781186547,0.));
#1657=DIRECTION('center_axis',(0.707106781186547,-0.707106781186548,0.));
#1658=DIRECTION('ref_axis',(-0.707106781186548,-0.707106781186547,0.));
#1659=DIRECTION('center_axis',(1.,0.,0.));
#1660=DIRECTION('ref_axis',(0.,-1.,0.));
#1661=DIRECTION('center_axis',(1.,0.,0.));
#1662=DIRECTION('ref_axis',(0.,-1.,0.));
#1663=DIRECTION('',(1.,0.,0.));
#1664=DIRECTION('center_axis',(-0.707106781186547,-0.707106781186548,0.));
#1665=DIRECTION('ref_axis',(0.707106781186548,-0.707106781186547,0.));
#1666=DIRECTION('center_axis',(-0.707106781186547,-0.707106781186548,0.));
#1667=DIRECTION('ref_axis',(0.707106781186548,-0.707106781186547,0.));
#1668=DIRECTION('center_axis',(0.,1.,0.));
#1669=DIRECTION('ref_axis',(1.,0.,0.));
#1670=DIRECTION('',(0.,-1.,0.));
#1671=DIRECTION('center_axis',(0.,1.,0.));
#1672=DIRECTION('ref_axis',(1.,0.,0.));
#1673=DIRECTION('',(0.,-1.,0.));
#1674=DIRECTION('center_axis',(0.,1.,0.));
#1675=DIRECTION('ref_axis',(1.,0.,0.));
#1676=DIRECTION('center_axis',(0.,-1.,0.));
#1677=DIRECTION('ref_axis',(1.,0.,0.));
#1678=DIRECTION('',(0.,-1.,0.));
#1679=DIRECTION('center_axis',(0.,1.,0.));
#1680=DIRECTION('ref_axis',(1.,0.,0.));
#1681=DIRECTION('',(0.,-1.,0.));
#1682=DIRECTION('center_axis',(0.,1.,0.));
#1683=DIRECTION('ref_axis',(1.,0.,0.));
#1684=DIRECTION('',(0.,-1.,0.));
#1685=DIRECTION('center_axis',(0.,1.,0.));
#1686=DIRECTION('ref_axis',(1.,0.,0.));
#1687=DIRECTION('center_axis',(0.,-1.,0.));
#1688=DIRECTION('ref_axis',(1.,0.,0.));
#1689=DIRECTION('',(0.,-1.,0.));
#1690=DIRECTION('center_axis',(0.,1.,0.));
#1691=DIRECTION('ref_axis',(1.,0.,0.));
#1692=DIRECTION('',(0.,-1.,0.));
#1693=DIRECTION('center_axis',(0.,-1.,0.));
#1694=DIRECTION('ref_axis',(1.,0.,0.));
#1695=DIRECTION('center_axis',(0.,1.,0.));
#1696=DIRECTION('ref_axis',(1.,0.,0.));
#1697=DIRECTION('',(0.,-1.,0.));
#1698=DIRECTION('center_axis',(0.,-1.,0.));
#1699=DIRECTION('ref_axis',(1.,0.,0.));
#1700=DIRECTION('center_axis',(1.,0.,0.));
#1701=DIRECTION('ref_axis',(0.,0.,-1.));
#1702=DIRECTION('',(0.,0.,1.));
#1703=DIRECTION('',(0.,1.,0.));
#1704=DIRECTION('',(0.,0.,-1.));
#1705=DIRECTION('',(0.,1.,0.));
#1706=DIRECTION('center_axis',(0.,0.,1.));
#1707=DIRECTION('ref_axis',(1.,0.,0.));
#1708=DIRECTION('',(-1.,0.,0.));
#1709=DIRECTION('',(1.,0.,0.));
#1710=DIRECTION('',(0.,1.,0.));
#1711=DIRECTION('center_axis',(-1.,0.,0.));
#1712=DIRECTION('ref_axis',(0.,0.,1.));
#1713=DIRECTION('',(0.,0.,-1.));
#1714=DIRECTION('',(0.,0.,1.));
#1715=DIRECTION('',(0.,1.,0.));
#1716=DIRECTION('center_axis',(0.,0.,-1.));
#1717=DIRECTION('ref_axis',(-1.,0.,0.));
#1718=DIRECTION('',(1.,0.,0.));
#1719=DIRECTION('',(-1.,0.,0.));
#1720=DIRECTION('center_axis',(0.,1.,0.));
#1721=DIRECTION('ref_axis',(1.,0.,0.));
#1722=DIRECTION('center_axis',(0.,1.,0.));
#1723=DIRECTION('ref_axis',(1.,0.,0.));
#1724=CARTESIAN_POINT('',(0.,0.,0.));
#1725=CARTESIAN_POINT('Origin',(-21.5,95.172,3.226));
#1726=CARTESIAN_POINT('',(-21.5,93.672,3.226));
#1727=CARTESIAN_POINT('Origin',(-21.5,95.172,3.226));
#1728=CARTESIAN_POINT('',(-21.5,93.672,1.41527064549507));
#1729=CARTESIAN_POINT('',(-21.5,93.672,3.226));
#1730=CARTESIAN_POINT('',(-22.9152706454951,95.669,-3.12250225675825E-16));
#1731=CARTESIAN_POINT('Ctrl Pts',(-22.9152706454951,95.669,-3.12250225675825E-16));
#1732=CARTESIAN_POINT('Ctrl Pts',(-22.9152706454951,95.669,0.127227911245436));
#1733=CARTESIAN_POINT('Ctrl Pts',(-22.9213394928638,95.6526063231754,0.256236912194642));
#1734=CARTESIAN_POINT('Ctrl Pts',(-22.9419177909517,95.5868029277694,0.506537208061055));
#1735=CARTESIAN_POINT('Ctrl Pts',(-22.9562716078352,95.5374238405041,0.627849325668863));
#1736=CARTESIAN_POINT('Ctrl Pts',(-22.9825113327722,95.4095312390987,0.853148106005577));
#1737=CARTESIAN_POINT('Ctrl Pts',(-22.9943059321982,95.3308740452702,0.957403281116939));
#1738=CARTESIAN_POINT('Ctrl Pts',(-23.0025352818177,95.1507603991575,1.14136573161665));
#1739=CARTESIAN_POINT('Ctrl Pts',(-22.9989713699649,95.0492917238604,1.22106097946439));
#1740=CARTESIAN_POINT('Ctrl Pts',(-22.9668080334828,94.8427690419841,1.34506905911396));
#1741=CARTESIAN_POINT('Ctrl Pts',(-22.9385359029617,94.7305530897546,1.39578177808279));
#1742=CARTESIAN_POINT('Ctrl Pts',(-22.8505683628469,94.5085046518228,1.46570296700035));
#1743=CARTESIAN_POINT('Ctrl Pts',(-22.7906020848034,94.3989001380123,1.48529365746548));
#1744=CARTESIAN_POINT('Ctrl Pts',(-22.5891560857837,94.1146522725437,1.51110999060448));
#1745=CARTESIAN_POINT('Ctrl Pts',(-22.403380009859,93.9505824831376,1.48834179646078));
#1746=CARTESIAN_POINT('Ctrl Pts',(-21.9757972997913,93.7292347249814,1.43856705290527));
#1747=CARTESIAN_POINT('Ctrl Pts',(-21.7335445489962,93.672,1.41527064549507));
#1748=CARTESIAN_POINT('Ctrl Pts',(-21.5,93.672,1.41527064549507));
#1749=CARTESIAN_POINT('',(-21.5,93.672,-1.41527064549507));
#1750=CARTESIAN_POINT('Ctrl Pts',(-21.5,93.672,-1.41527064549507));
#1751=CARTESIAN_POINT('Ctrl Pts',(-21.7335445489962,93.672,-1.41527064549507));
#1752=CARTESIAN_POINT('Ctrl Pts',(-21.9757972997913,93.7292347249814,-1.43856705290527));
#1753=CARTESIAN_POINT('Ctrl Pts',(-22.403380009859,93.9505824831376,-1.48834179646078));
#1754=CARTESIAN_POINT('Ctrl Pts',(-22.5891560857837,94.1146522725437,-1.51110999060448));
#1755=CARTESIAN_POINT('Ctrl Pts',(-22.7906020848034,94.3989001380123,-1.48529365746548));
#1756=CARTESIAN_POINT('Ctrl Pts',(-22.8505683628469,94.5085046518228,-1.46570296700035));
#1757=CARTESIAN_POINT('Ctrl Pts',(-22.9385359029617,94.7305530897546,-1.39578177808279));
#1758=CARTESIAN_POINT('Ctrl Pts',(-22.9668080334828,94.8427690419841,-1.34506905911396));
#1759=CARTESIAN_POINT('Ctrl Pts',(-22.9989713699649,95.0492917238604,-1.22106097946439));
#1760=CARTESIAN_POINT('Ctrl Pts',(-23.0025352818177,95.1507603991575,-1.14136573161665));
#1761=CARTESIAN_POINT('Ctrl Pts',(-22.9943059321982,95.3308740452702,-0.95740328111693));
#1762=CARTESIAN_POINT('Ctrl Pts',(-22.9825113327722,95.4095312390987,-0.853148106005577));
#1763=CARTESIAN_POINT('Ctrl Pts',(-22.9562716078352,95.5374238405041,-0.627849325668864));
#1764=CARTESIAN_POINT('Ctrl Pts',(-22.9419177909517,95.5868029277694,-0.506537208061055));
#1765=CARTESIAN_POINT('Ctrl Pts',(-22.9213394928638,95.6526063231754,-0.256236912194643));
#1766=CARTESIAN_POINT('Ctrl Pts',(-22.9152706454951,95.669,-0.127227911245436));
#1767=CARTESIAN_POINT('Ctrl Pts',(-22.9152706454951,95.669,6.93889390390723E-17));
#1768=CARTESIAN_POINT('',(-21.5,93.672,-3.226));
#1769=CARTESIAN_POINT('',(-21.5,93.672,3.226));
#1770=CARTESIAN_POINT('Origin',(-21.5,95.172,-3.226));
#1771=CARTESIAN_POINT('',(-20.0847293545049,95.669,-2.03054480980005E-16));
#1772=CARTESIAN_POINT('Ctrl Pts',(-20.0847293545049,95.669,-5.89805981832114E-16));
#1773=CARTESIAN_POINT('Ctrl Pts',(-20.0847293545049,95.669,-0.127227911245436));
#1774=CARTESIAN_POINT('Ctrl Pts',(-20.0786605071361,95.6526063231754,-0.256236912194642));
#1775=CARTESIAN_POINT('Ctrl Pts',(-20.0580822090483,95.5868029277694,-0.506537208061055));
#1776=CARTESIAN_POINT('Ctrl Pts',(-20.0437283921648,95.5374238405041,-0.627849325668863));
#1777=CARTESIAN_POINT('Ctrl Pts',(-20.0174886672278,95.4095312390987,-0.853148106005577));
#1778=CARTESIAN_POINT('Ctrl Pts',(-20.0056940678018,95.3308740452702,-0.957403281116939));
#1779=CARTESIAN_POINT('Ctrl Pts',(-19.9974647181823,95.1507603991575,-1.14136573161665));
#1780=CARTESIAN_POINT('Ctrl Pts',(-20.0010286300351,95.0492917238604,-1.22106097946439));
#1781=CARTESIAN_POINT('Ctrl Pts',(-20.0331919665172,94.8427690419841,-1.34506905911396));
#1782=CARTESIAN_POINT('Ctrl Pts',(-20.0614640970382,94.7305530897546,-1.39578177808279));
#1783=CARTESIAN_POINT('Ctrl Pts',(-20.1494316371531,94.5085046518228,-1.46570296700035));
#1784=CARTESIAN_POINT('Ctrl Pts',(-20.2093979151966,94.3989001380123,-1.48529365746548));
#1785=CARTESIAN_POINT('Ctrl Pts',(-20.4108439142163,94.1146522725437,-1.51110999060448));
#1786=CARTESIAN_POINT('Ctrl Pts',(-20.596619990141,93.9505824831376,-1.48834179646078));
#1787=CARTESIAN_POINT('Ctrl Pts',(-21.0242027002087,93.7292347249814,-1.43856705290527));
#1788=CARTESIAN_POINT('Ctrl Pts',(-21.2664554510038,93.672,-1.41527064549507));
#1789=CARTESIAN_POINT('Ctrl Pts',(-21.5,93.672,-1.41527064549507));
#1790=CARTESIAN_POINT('Ctrl Pts',(-21.5,93.672,1.41527064549507));
#1791=CARTESIAN_POINT('Ctrl Pts',(-21.2664554510038,93.672,1.41527064549507));
#1792=CARTESIAN_POINT('Ctrl Pts',(-21.0242027002087,93.7292347249814,1.43856705290527));
#1793=CARTESIAN_POINT('Ctrl Pts',(-20.596619990141,93.9505824831376,1.48834179646078));
#1794=CARTESIAN_POINT('Ctrl Pts',(-20.4108439142163,94.1146522725437,1.51110999060448));
#1795=CARTESIAN_POINT('Ctrl Pts',(-20.2093979151966,94.3989001380123,1.48529365746548));
#1796=CARTESIAN_POINT('Ctrl Pts',(-20.1494316371531,94.5085046518228,1.46570296700035));
#1797=CARTESIAN_POINT('Ctrl Pts',(-20.0614640970382,94.7305530897546,1.39578177808279));
#1798=CARTESIAN_POINT('Ctrl Pts',(-20.0331919665172,94.8427690419841,1.34506905911396));
#1799=CARTESIAN_POINT('Ctrl Pts',(-20.0010286300351,95.0492917238604,1.22106097946439));
#1800=CARTESIAN_POINT('Ctrl Pts',(-19.9974647181823,95.1507603991575,1.14136573161665));
#1801=CARTESIAN_POINT('Ctrl Pts',(-20.0056940678018,95.3308740452702,0.957403281116939));
#1802=CARTESIAN_POINT('Ctrl Pts',(-20.0174886672278,95.4095312390987,0.853148106005577));
#1803=CARTESIAN_POINT('Ctrl Pts',(-20.0437283921648,95.5374238405041,0.627849325668863));
#1804=CARTESIAN_POINT('Ctrl Pts',(-20.0580822090483,95.5868029277694,0.506537208061055));
#1805=CARTESIAN_POINT('Ctrl Pts',(-20.0786605071361,95.6526063231754,0.256236912194642));
#1806=CARTESIAN_POINT('Ctrl Pts',(-20.0847293545049,95.669,0.127227911245436));
#1807=CARTESIAN_POINT('Ctrl Pts',(-20.0847293545049,95.669,5.89805981832114E-16));
#1808=CARTESIAN_POINT('Origin',(21.5,23.166,3.226));
#1809=CARTESIAN_POINT('',(21.5,21.666,3.226));
#1810=CARTESIAN_POINT('Origin',(21.5,23.166,3.226));
#1811=CARTESIAN_POINT('',(21.5,21.666,-3.226));
#1812=CARTESIAN_POINT('',(21.5,21.666,3.226));
#1813=CARTESIAN_POINT('Origin',(21.5,23.166,-3.226));
#1814=CARTESIAN_POINT('',(22.9152706454951,22.669,2.42861286636753E-16));
#1815=CARTESIAN_POINT('Ctrl Pts',(22.9152706454951,22.669,2.42861286636753E-16));
#1816=CARTESIAN_POINT('Ctrl Pts',(22.9152706454951,22.669,0.127227911245436));
#1817=CARTESIAN_POINT('Ctrl Pts',(22.9213394928638,22.6853936768246,0.256236912194644));
#1818=CARTESIAN_POINT('Ctrl Pts',(22.9419177909517,22.7511970722306,0.506537208061063));
#1819=CARTESIAN_POINT('Ctrl Pts',(22.9562716078352,22.8005761594959,0.627849325668873));
#1820=CARTESIAN_POINT('Ctrl Pts',(22.9825113327722,22.9284687609014,0.853148106005587));
#1821=CARTESIAN_POINT('Ctrl Pts',(22.9943059321982,23.0071259547298,0.95740328111695));
#1822=CARTESIAN_POINT('Ctrl Pts',(23.0025352818177,23.1872396008426,1.14136573161665));
#1823=CARTESIAN_POINT('Ctrl Pts',(22.9989713699649,23.2887082761396,1.22106097946439));
#1824=CARTESIAN_POINT('Ctrl Pts',(22.9668080334828,23.4952309580159,1.34506905911396));
#1825=CARTESIAN_POINT('Ctrl Pts',(22.9385359029618,23.6074469102454,1.3957817780828));
#1826=CARTESIAN_POINT('Ctrl Pts',(22.8505683628469,23.8294953481773,1.46570296700035));
#1827=CARTESIAN_POINT('Ctrl Pts',(22.7906020848034,23.9390998619877,1.48529365746547));
#1828=CARTESIAN_POINT('Ctrl Pts',(22.5891560857837,24.2233477274563,1.51110999060447));
#1829=CARTESIAN_POINT('Ctrl Pts',(22.403380009859,24.3874175168624,1.48834179646078));
#1830=CARTESIAN_POINT('Ctrl Pts',(21.9757972997913,24.6087652750187,1.43856705290526));
#1831=CARTESIAN_POINT('Ctrl Pts',(21.7335445489962,24.666,1.41527064549506));
#1832=CARTESIAN_POINT('Ctrl Pts',(21.2664554510038,24.666,1.41527064549506));
#1833=CARTESIAN_POINT('Ctrl Pts',(21.0242027002087,24.6087652750187,1.43856705290526));
#1834=CARTESIAN_POINT('Ctrl Pts',(20.596619990141,24.3874175168624,1.48834179646078));
#1835=CARTESIAN_POINT('Ctrl Pts',(20.4108439142163,24.2233477274563,1.51110999060447));
#1836=CARTESIAN_POINT('Ctrl Pts',(20.2093979151966,23.9390998619877,1.48529365746547));
#1837=CARTESIAN_POINT('Ctrl Pts',(20.1494316371531,23.8294953481773,1.46570296700035));
#1838=CARTESIAN_POINT('Ctrl Pts',(20.0614640970383,23.6074469102454,1.3957817780828));
#1839=CARTESIAN_POINT('Ctrl Pts',(20.0331919665172,23.4952309580159,1.34506905911396));
#1840=CARTESIAN_POINT('Ctrl Pts',(20.0010286300351,23.2887082761396,1.22106097946439));
#1841=CARTESIAN_POINT('Ctrl Pts',(19.9974647181823,23.1872396008426,1.14136573161665));
#1842=CARTESIAN_POINT('Ctrl Pts',(20.0056940678018,23.0071259547298,0.95740328111695));
#1843=CARTESIAN_POINT('Ctrl Pts',(20.0174886672278,22.9284687609014,0.853148106005587));
#1844=CARTESIAN_POINT('Ctrl Pts',(20.0437283921648,22.8005761594959,0.627849325668873));
#1845=CARTESIAN_POINT('Ctrl Pts',(20.0580822090484,22.7511970722306,0.506537208061063));
#1846=CARTESIAN_POINT('Ctrl Pts',(20.0786605071362,22.6853936768246,0.256236912194644));
#1847=CARTESIAN_POINT('Ctrl Pts',(20.084729354505,22.669,0.127227911245436));
#1848=CARTESIAN_POINT('Ctrl Pts',(20.084729354505,22.669,-0.127227911245436));
#1849=CARTESIAN_POINT('Ctrl Pts',(20.0786605071362,22.6853936768246,-0.256236912194644));
#1850=CARTESIAN_POINT('Ctrl Pts',(20.0580822090484,22.7511970722306,-0.506537208061063));
#1851=CARTESIAN_POINT('Ctrl Pts',(20.0437283921648,22.8005761594959,-0.627849325668873));
#1852=CARTESIAN_POINT('Ctrl Pts',(20.0174886672278,22.9284687609014,-0.853148106005587));
#1853=CARTESIAN_POINT('Ctrl Pts',(20.0056940678018,23.0071259547298,-0.95740328111695));
#1854=CARTESIAN_POINT('Ctrl Pts',(19.9974647181823,23.1872396008426,-1.14136573161665));
#1855=CARTESIAN_POINT('Ctrl Pts',(20.0010286300351,23.2887082761396,-1.22106097946439));
#1856=CARTESIAN_POINT('Ctrl Pts',(20.0331919665172,23.4952309580159,-1.34506905911396));
#1857=CARTESIAN_POINT('Ctrl Pts',(20.0614640970383,23.6074469102454,-1.3957817780828));
#1858=CARTESIAN_POINT('Ctrl Pts',(20.1494316371531,23.8294953481773,-1.46570296700035));
#1859=CARTESIAN_POINT('Ctrl Pts',(20.2093979151966,23.9390998619877,-1.48529365746547));
#1860=CARTESIAN_POINT('Ctrl Pts',(20.4108439142163,24.2233477274563,-1.51110999060447));
#1861=CARTESIAN_POINT('Ctrl Pts',(20.596619990141,24.3874175168624,-1.48834179646078));
#1862=CARTESIAN_POINT('Ctrl Pts',(21.0242027002087,24.6087652750187,-1.43856705290526));
#1863=CARTESIAN_POINT('Ctrl Pts',(21.2664554510038,24.666,-1.41527064549506));
#1864=CARTESIAN_POINT('Ctrl Pts',(21.7335445489962,24.666,-1.41527064549506));
#1865=CARTESIAN_POINT('Ctrl Pts',(21.9757972997913,24.6087652750187,-1.43856705290526));
#1866=CARTESIAN_POINT('Ctrl Pts',(22.403380009859,24.3874175168624,-1.48834179646078));
#1867=CARTESIAN_POINT('Ctrl Pts',(22.5891560857837,24.2233477274563,-1.51110999060447));
#1868=CARTESIAN_POINT('Ctrl Pts',(22.7906020848034,23.9390998619877,-1.48529365746547));
#1869=CARTESIAN_POINT('Ctrl Pts',(22.8505683628469,23.8294953481773,-1.46570296700035));
#1870=CARTESIAN_POINT('Ctrl Pts',(22.9385359029618,23.6074469102454,-1.3957817780828));
#1871=CARTESIAN_POINT('Ctrl Pts',(22.9668080334828,23.4952309580159,-1.34506905911396));
#1872=CARTESIAN_POINT('Ctrl Pts',(22.9989713699649,23.2887082761396,-1.22106097946439));
#1873=CARTESIAN_POINT('Ctrl Pts',(23.0025352818177,23.1872396008426,-1.14136573161665));
#1874=CARTESIAN_POINT('Ctrl Pts',(22.9943059321982,23.0071259547298,-0.95740328111695));
#1875=CARTESIAN_POINT('Ctrl Pts',(22.9825113327722,22.9284687609014,-0.853148106005587));
#1876=CARTESIAN_POINT('Ctrl Pts',(22.9562716078352,22.8005761594959,-0.627849325668873));
#1877=CARTESIAN_POINT('Ctrl Pts',(22.9419177909517,22.7511970722306,-0.506537208061063));
#1878=CARTESIAN_POINT('Ctrl Pts',(22.9213394928638,22.6853936768246,-0.256236912194644));
#1879=CARTESIAN_POINT('Ctrl Pts',(22.9152706454951,22.669,-0.127227911245436));
#1880=CARTESIAN_POINT('Ctrl Pts',(22.9152706454951,22.669,-3.46944695195361E-17));
#1881=CARTESIAN_POINT('Origin',(-21.5,23.166,3.226));
#1882=CARTESIAN_POINT('',(-21.5,21.666,3.226));
#1883=CARTESIAN_POINT('Origin',(-21.5,23.166,3.226));
#1884=CARTESIAN_POINT('',(-21.5,21.666,-3.226));
#1885=CARTESIAN_POINT('',(-21.5,21.666,3.226));
#1886=CARTESIAN_POINT('Origin',(-21.5,23.166,-3.226));
#1887=CARTESIAN_POINT('',(-20.0847293545049,22.669,6.93889390390723E-17));
#1888=CARTESIAN_POINT('Ctrl Pts',(-20.0847293545049,22.669,6.93889390390723E-17));
#1889=CARTESIAN_POINT('Ctrl Pts',(-20.0847293545049,22.669,0.127227911245436));
#1890=CARTESIAN_POINT('Ctrl Pts',(-20.0786605071362,22.6853936768246,0.256236912194645));
#1891=CARTESIAN_POINT('Ctrl Pts',(-20.0580822090484,22.7511970722306,0.506537208061064));
#1892=CARTESIAN_POINT('Ctrl Pts',(-20.0437283921648,22.8005761594959,0.627849325668875));
#1893=CARTESIAN_POINT('Ctrl Pts',(-20.0174886672278,22.9284687609014,0.853148106005589));
#1894=CARTESIAN_POINT('Ctrl Pts',(-20.0056940678018,23.0071259547298,0.957403281116951));
#1895=CARTESIAN_POINT('Ctrl Pts',(-19.9974647181823,23.1872396008426,1.14136573161665));
#1896=CARTESIAN_POINT('Ctrl Pts',(-20.0010286300351,23.2887082761396,1.22106097946439));
#1897=CARTESIAN_POINT('Ctrl Pts',(-20.0331919665172,23.4952309580159,1.34506905911396));
#1898=CARTESIAN_POINT('Ctrl Pts',(-20.0614640970382,23.6074469102454,1.39578177808279));
#1899=CARTESIAN_POINT('Ctrl Pts',(-20.1494316371531,23.8294953481773,1.46570296700035));
#1900=CARTESIAN_POINT('Ctrl Pts',(-20.2093979151966,23.9390998619877,1.48529365746547));
#1901=CARTESIAN_POINT('Ctrl Pts',(-20.4108439142163,24.2233477274564,1.51110999060447));
#1902=CARTESIAN_POINT('Ctrl Pts',(-20.596619990141,24.3874175168624,1.48834179646078));
#1903=CARTESIAN_POINT('Ctrl Pts',(-21.0242027002087,24.6087652750187,1.43856705290526));
#1904=CARTESIAN_POINT('Ctrl Pts',(-21.2664554510038,24.666,1.41527064549506));
#1905=CARTESIAN_POINT('Ctrl Pts',(-21.7335445489962,24.666,1.41527064549506));
#1906=CARTESIAN_POINT('Ctrl Pts',(-21.9757972997913,24.6087652750187,1.43856705290526));
#1907=CARTESIAN_POINT('Ctrl Pts',(-22.403380009859,24.3874175168624,1.48834179646078));
#1908=CARTESIAN_POINT('Ctrl Pts',(-22.5891560857837,24.2233477274564,1.51110999060447));
#1909=CARTESIAN_POINT('Ctrl Pts',(-22.7906020848034,23.9390998619877,1.48529365746547));
#1910=CARTESIAN_POINT('Ctrl Pts',(-22.8505683628469,23.8294953481773,1.46570296700035));
#1911=CARTESIAN_POINT('Ctrl Pts',(-22.9385359029618,23.6074469102454,1.39578177808279));
#1912=CARTESIAN_POINT('Ctrl Pts',(-22.9668080334828,23.4952309580159,1.34506905911396));
#1913=CARTESIAN_POINT('Ctrl Pts',(-22.9989713699649,23.2887082761396,1.22106097946439));
#1914=CARTESIAN_POINT('Ctrl Pts',(-23.0025352818177,23.1872396008426,1.14136573161665));
#1915=CARTESIAN_POINT('Ctrl Pts',(-22.9943059321982,23.0071259547298,0.957403281116951));
#1916=CARTESIAN_POINT('Ctrl Pts',(-22.9825113327722,22.9284687609014,0.853148106005589));
#1917=CARTESIAN_POINT('Ctrl Pts',(-22.9562716078352,22.8005761594959,0.627849325668875));
#1918=CARTESIAN_POINT('Ctrl Pts',(-22.9419177909517,22.7511970722306,0.506537208061064));
#1919=CARTESIAN_POINT('Ctrl Pts',(-22.9213394928638,22.6853936768246,0.256236912194645));
#1920=CARTESIAN_POINT('Ctrl Pts',(-22.9152706454951,22.669,0.127227911245436));
#1921=CARTESIAN_POINT('Ctrl Pts',(-22.9152706454951,22.669,-0.127227911245436));
#1922=CARTESIAN_POINT('Ctrl Pts',(-22.9213394928638,22.6853936768246,-0.256236912194645));
#1923=CARTESIAN_POINT('Ctrl Pts',(-22.9419177909517,22.7511970722306,-0.506537208061064));
#1924=CARTESIAN_POINT('Ctrl Pts',(-22.9562716078352,22.8005761594959,-0.627849325668875));
#1925=CARTESIAN_POINT('Ctrl Pts',(-22.9825113327722,22.9284687609014,-0.853148106005589));
#1926=CARTESIAN_POINT('Ctrl Pts',(-22.9943059321982,23.0071259547298,-0.957403281116951));
#1927=CARTESIAN_POINT('Ctrl Pts',(-23.0025352818177,23.1872396008426,-1.14136573161665));
#1928=CARTESIAN_POINT('Ctrl Pts',(-22.9989713699649,23.2887082761396,-1.22106097946439));
#1929=CARTESIAN_POINT('Ctrl Pts',(-22.9668080334828,23.4952309580159,-1.34506905911396));
#1930=CARTESIAN_POINT('Ctrl Pts',(-22.9385359029618,23.6074469102454,-1.39578177808279));
#1931=CARTESIAN_POINT('Ctrl Pts',(-22.8505683628469,23.8294953481773,-1.46570296700035));
#1932=CARTESIAN_POINT('Ctrl Pts',(-22.7906020848034,23.9390998619877,-1.48529365746547));
#1933=CARTESIAN_POINT('Ctrl Pts',(-22.5891560857837,24.2233477274564,-1.51110999060447));
#1934=CARTESIAN_POINT('Ctrl Pts',(-22.403380009859,24.3874175168624,-1.48834179646078));
#1935=CARTESIAN_POINT('Ctrl Pts',(-21.9757972997913,24.6087652750187,-1.43856705290526));
#1936=CARTESIAN_POINT('Ctrl Pts',(-21.7335445489962,24.666,-1.41527064549506));
#1937=CARTESIAN_POINT('Ctrl Pts',(-21.2664554510038,24.666,-1.41527064549506));
#1938=CARTESIAN_POINT('Ctrl Pts',(-21.0242027002087,24.6087652750187,-1.43856705290526));
#1939=CARTESIAN_POINT('Ctrl Pts',(-20.596619990141,24.3874175168624,-1.48834179646078));
#1940=CARTESIAN_POINT('Ctrl Pts',(-20.4108439142163,24.2233477274564,-1.51110999060447));
#1941=CARTESIAN_POINT('Ctrl Pts',(-20.2093979151966,23.9390998619877,-1.48529365746547));
#1942=CARTESIAN_POINT('Ctrl Pts',(-20.1494316371531,23.8294953481773,-1.46570296700035));
#1943=CARTESIAN_POINT('Ctrl Pts',(-20.0614640970382,23.6074469102454,-1.39578177808279));
#1944=CARTESIAN_POINT('Ctrl Pts',(-20.0331919665172,23.4952309580159,-1.34506905911396));
#1945=CARTESIAN_POINT('Ctrl Pts',(-20.0010286300351,23.2887082761396,-1.22106097946439));
#1946=CARTESIAN_POINT('Ctrl Pts',(-19.9974647181823,23.1872396008426,-1.14136573161665));
#1947=CARTESIAN_POINT('Ctrl Pts',(-20.0056940678018,23.0071259547298,-0.957403281116951));
#1948=CARTESIAN_POINT('Ctrl Pts',(-20.0174886672278,22.9284687609014,-0.853148106005589));
#1949=CARTESIAN_POINT('Ctrl Pts',(-20.0437283921648,22.8005761594959,-0.627849325668875));
#1950=CARTESIAN_POINT('Ctrl Pts',(-20.0580822090484,22.7511970722306,-0.506537208061064));
#1951=CARTESIAN_POINT('Ctrl Pts',(-20.0786605071362,22.6853936768246,-0.256236912194645));
#1952=CARTESIAN_POINT('Ctrl Pts',(-20.0847293545049,22.669,-0.127227911245437));
#1953=CARTESIAN_POINT('Ctrl Pts',(-20.0847293545049,22.669,-2.77555756156289E-16));
#1954=CARTESIAN_POINT('Origin',(21.5,95.172,3.226));
#1955=CARTESIAN_POINT('',(21.5,93.672,3.226));
#1956=CARTESIAN_POINT('Origin',(21.5,95.172,3.226));
#1957=CARTESIAN_POINT('',(21.5,93.672,1.41527064549506));
#1958=CARTESIAN_POINT('',(21.5,93.672,3.226));
#1959=CARTESIAN_POINT('',(20.084729354505,95.669,8.32667268468867E-16));
#1960=CARTESIAN_POINT('Ctrl Pts',(20.084729354505,95.669,8.32667268468867E-16));
#1961=CARTESIAN_POINT('Ctrl Pts',(20.084729354505,95.669,0.127227911245437));
#1962=CARTESIAN_POINT('Ctrl Pts',(20.0786605071362,95.6526063231754,0.256236912194642));
#1963=CARTESIAN_POINT('Ctrl Pts',(20.0580822090484,95.5868029277694,0.506537208061055));
#1964=CARTESIAN_POINT('Ctrl Pts',(20.0437283921648,95.5374238405041,0.627849325668864));
#1965=CARTESIAN_POINT('Ctrl Pts',(20.0174886672278,95.4095312390987,0.853148106005577));
#1966=CARTESIAN_POINT('Ctrl Pts',(20.0056940678018,95.3308740452702,0.957403281116939));
#1967=CARTESIAN_POINT('Ctrl Pts',(19.9974647181823,95.1507603991575,1.14136573161665));
#1968=CARTESIAN_POINT('Ctrl Pts',(20.0010286300352,95.0492917238604,1.22106097946439));
#1969=CARTESIAN_POINT('Ctrl Pts',(20.0331919665172,94.8427690419841,1.34506905911396));
#1970=CARTESIAN_POINT('Ctrl Pts',(20.0614640970383,94.7305530897546,1.39578177808279));
#1971=CARTESIAN_POINT('Ctrl Pts',(20.1494316371531,94.5085046518228,1.46570296700035));
#1972=CARTESIAN_POINT('Ctrl Pts',(20.2093979151966,94.3989001380123,1.48529365746548));
#1973=CARTESIAN_POINT('Ctrl Pts',(20.4108439142164,94.1146522725437,1.51110999060448));
#1974=CARTESIAN_POINT('Ctrl Pts',(20.596619990141,93.9505824831376,1.48834179646078));
#1975=CARTESIAN_POINT('Ctrl Pts',(21.0242027002088,93.7292347249813,1.43856705290527));
#1976=CARTESIAN_POINT('Ctrl Pts',(21.2664554510038,93.672,1.41527064549506));
#1977=CARTESIAN_POINT('Ctrl Pts',(21.5,93.672,1.41527064549506));
#1978=CARTESIAN_POINT('',(21.5,93.672,-1.41527064549506));
#1979=CARTESIAN_POINT('Ctrl Pts',(21.5,93.672,-1.41527064549506));
#1980=CARTESIAN_POINT('Ctrl Pts',(21.2664554510038,93.672,-1.41527064549506));
#1981=CARTESIAN_POINT('Ctrl Pts',(21.0242027002088,93.7292347249813,-1.43856705290527));
#1982=CARTESIAN_POINT('Ctrl Pts',(20.596619990141,93.9505824831376,-1.48834179646078));
#1983=CARTESIAN_POINT('Ctrl Pts',(20.4108439142164,94.1146522725437,-1.51110999060448));
#1984=CARTESIAN_POINT('Ctrl Pts',(20.2093979151966,94.3989001380123,-1.48529365746548));
#1985=CARTESIAN_POINT('Ctrl Pts',(20.1494316371531,94.5085046518228,-1.46570296700035));
#1986=CARTESIAN_POINT('Ctrl Pts',(20.0614640970383,94.7305530897546,-1.39578177808279));
#1987=CARTESIAN_POINT('Ctrl Pts',(20.0331919665172,94.8427690419841,-1.34506905911396));
#1988=CARTESIAN_POINT('Ctrl Pts',(20.0010286300352,95.0492917238604,-1.22106097946439));
#1989=CARTESIAN_POINT('Ctrl Pts',(19.9974647181823,95.1507603991575,-1.14136573161665));
#1990=CARTESIAN_POINT('Ctrl Pts',(20.0056940678018,95.3308740452702,-0.95740328111693));
#1991=CARTESIAN_POINT('Ctrl Pts',(20.0174886672278,95.4095312390987,-0.853148106005577));
#1992=CARTESIAN_POINT('Ctrl Pts',(20.0437283921648,95.5374238405041,-0.627849325668864));
#1993=CARTESIAN_POINT('Ctrl Pts',(20.0580822090484,95.5868029277694,-0.506537208061056));
#1994=CARTESIAN_POINT('Ctrl Pts',(20.0786605071362,95.6526063231754,-0.256236912194643));
#1995=CARTESIAN_POINT('Ctrl Pts',(20.084729354505,95.669,-0.127227911245436));
#1996=CARTESIAN_POINT('Ctrl Pts',(20.084729354505,95.669,1.04083408558608E-16));
#1997=CARTESIAN_POINT('',(21.5,93.672,-3.226));
#1998=CARTESIAN_POINT('',(21.5,93.672,3.226));
#1999=CARTESIAN_POINT('Origin',(21.5,95.172,-3.226));
#2000=CARTESIAN_POINT('',(22.9152706454951,95.669,-6.42766029018609E-17));
#2001=CARTESIAN_POINT('Ctrl Pts',(22.9152706454951,95.669,-2.77555756156289E-16));
#2002=CARTESIAN_POINT('Ctrl Pts',(22.9152706454951,95.669,-0.127227911245437));
#2003=CARTESIAN_POINT('Ctrl Pts',(22.9213394928639,95.6526063231754,-0.256236912194643));
#2004=CARTESIAN_POINT('Ctrl Pts',(22.9419177909517,95.5868029277694,-0.506537208061056));
#2005=CARTESIAN_POINT('Ctrl Pts',(22.9562716078352,95.5374238405041,-0.627849325668864));
#2006=CARTESIAN_POINT('Ctrl Pts',(22.9825113327723,95.4095312390987,-0.853148106005577));
#2007=CARTESIAN_POINT('Ctrl Pts',(22.9943059321982,95.3308740452702,-0.957403281116949));
#2008=CARTESIAN_POINT('Ctrl Pts',(23.0025352818177,95.1507603991574,-1.14136573161664));
#2009=CARTESIAN_POINT('Ctrl Pts',(22.9989713699649,95.0492917238604,-1.22106097946439));
#2010=CARTESIAN_POINT('Ctrl Pts',(22.9668080334828,94.8427690419841,-1.34506905911396));
#2011=CARTESIAN_POINT('Ctrl Pts',(22.9385359029618,94.7305530897546,-1.39578177808279));
#2012=CARTESIAN_POINT('Ctrl Pts',(22.8505683628469,94.5085046518228,-1.46570296700035));
#2013=CARTESIAN_POINT('Ctrl Pts',(22.7906020848035,94.3989001380123,-1.48529365746548));
#2014=CARTESIAN_POINT('Ctrl Pts',(22.5891560857837,94.1146522725437,-1.51110999060448));
#2015=CARTESIAN_POINT('Ctrl Pts',(22.4033800098591,93.9505824831376,-1.48834179646078));
#2016=CARTESIAN_POINT('Ctrl Pts',(21.9757972997913,93.7292347249813,-1.43856705290527));
#2017=CARTESIAN_POINT('Ctrl Pts',(21.7335445489963,93.672,-1.41527064549506));
#2018=CARTESIAN_POINT('Ctrl Pts',(21.5,93.672,-1.41527064549506));
#2019=CARTESIAN_POINT('Ctrl Pts',(21.5,93.672,1.41527064549506));
#2020=CARTESIAN_POINT('Ctrl Pts',(21.7335445489963,93.672,1.41527064549506));
#2021=CARTESIAN_POINT('Ctrl Pts',(21.9757972997913,93.7292347249813,1.43856705290527));
#2022=CARTESIAN_POINT('Ctrl Pts',(22.4033800098591,93.9505824831376,1.48834179646078));
#2023=CARTESIAN_POINT('Ctrl Pts',(22.5891560857837,94.1146522725437,1.51110999060448));
#2024=CARTESIAN_POINT('Ctrl Pts',(22.7906020848035,94.3989001380123,1.48529365746548));
#2025=CARTESIAN_POINT('Ctrl Pts',(22.8505683628469,94.5085046518228,1.46570296700035));
#2026=CARTESIAN_POINT('Ctrl Pts',(22.9385359029618,94.7305530897546,1.39578177808279));
#2027=CARTESIAN_POINT('Ctrl Pts',(22.9668080334828,94.8427690419841,1.34506905911396));
#2028=CARTESIAN_POINT('Ctrl Pts',(22.9989713699649,95.0492917238604,1.22106097946439));
#2029=CARTESIAN_POINT('Ctrl Pts',(23.0025352818177,95.1507603991574,1.14136573161666));
#2030=CARTESIAN_POINT('Ctrl Pts',(22.9943059321982,95.3308740452702,0.957403281116958));
#2031=CARTESIAN_POINT('Ctrl Pts',(22.9825113327723,95.4095312390987,0.853148106005577));
#2032=CARTESIAN_POINT('Ctrl Pts',(22.9562716078352,95.5374238405041,0.627849325668864));
#2033=CARTESIAN_POINT('Ctrl Pts',(22.9419177909517,95.5868029277694,0.50653720806106));
#2034=CARTESIAN_POINT('Ctrl Pts',(22.9213394928639,95.6526063231754,0.256236912194643));
#2035=CARTESIAN_POINT('Ctrl Pts',(22.9152706454951,95.669,0.127227911245437));
#2036=CARTESIAN_POINT('Ctrl Pts',(22.9152706454951,95.669,3.46944695195361E-16));
#2037=CARTESIAN_POINT('Origin',(-22.5,28.169,3.226));
#2038=CARTESIAN_POINT('',(-22.5,55.169,-3.226));
#2039=CARTESIAN_POINT('',(-22.5,28.169,-3.226));
#2040=CARTESIAN_POINT('',(-22.5,14.0845,-3.226));
#2041=CARTESIAN_POINT('',(-22.5,55.169,3.226));
#2042=CARTESIAN_POINT('',(-22.5,55.169,3.226));
#2043=CARTESIAN_POINT('',(-22.5,28.169,3.226));
#2044=CARTESIAN_POINT('',(-22.5,14.0845,3.226));
#2045=CARTESIAN_POINT('',(-22.5,28.169,3.226));
#2046=CARTESIAN_POINT('Origin',(-22.5,55.169,3.226));
#2047=CARTESIAN_POINT('',(22.5,55.169,-3.226));
#2048=CARTESIAN_POINT('',(2.,55.169,-3.226));
#2049=CARTESIAN_POINT('',(22.5,55.169,3.226));
#2050=CARTESIAN_POINT('',(22.5,55.169,3.226));
#2051=CARTESIAN_POINT('',(-24.5,55.169,3.226));
#2052=CARTESIAN_POINT('',(5.4,55.169,-1.83697019872103E-16));
#2053=CARTESIAN_POINT('Origin',(6.9,55.169,0.));
#2054=CARTESIAN_POINT('',(-8.4,55.169,-1.83697019872103E-16));
#2055=CARTESIAN_POINT('Origin',(-6.9,55.169,0.));
#2056=CARTESIAN_POINT('Origin',(22.5,28.169,3.226));
#2057=CARTESIAN_POINT('',(22.5,28.169,-3.226));
#2058=CARTESIAN_POINT('',(24.5,28.169,-3.226));
#2059=CARTESIAN_POINT('',(22.5,28.169,3.226));
#2060=CARTESIAN_POINT('',(-2.,28.169,3.226));
#2061=CARTESIAN_POINT('',(22.5,28.169,3.226));
#2062=CARTESIAN_POINT('',(-8.4,28.169,1.83697019872103E-16));
#2063=CARTESIAN_POINT('Origin',(-6.9,28.169,0.));
#2064=CARTESIAN_POINT('',(5.4,28.169,1.83697019872103E-16));
#2065=CARTESIAN_POINT('Origin',(6.9,28.169,0.));
#2066=CARTESIAN_POINT('Origin',(22.5,55.169,3.226));
#2067=CARTESIAN_POINT('',(22.5,27.5845,-3.226));
#2068=CARTESIAN_POINT('',(22.5,27.5845,3.226));
#2069=CARTESIAN_POINT('Origin',(-22.5,63.169,3.226));
#2070=CARTESIAN_POINT('',(-22.5,90.169,-3.226));
#2071=CARTESIAN_POINT('',(-22.5,63.169,-3.226));
#2072=CARTESIAN_POINT('',(-22.5,31.5845,-3.226));
#2073=CARTESIAN_POINT('',(-22.5,90.169,3.226));
#2074=CARTESIAN_POINT('',(-22.5,90.169,3.226));
#2075=CARTESIAN_POINT('',(-22.5,63.169,3.226));
#2076=CARTESIAN_POINT('',(-22.5,31.5845,3.226));
#2077=CARTESIAN_POINT('',(-22.5,63.169,3.226));
#2078=CARTESIAN_POINT('Origin',(-22.5,90.169,3.226));
#2079=CARTESIAN_POINT('',(22.5,90.169,-3.226));
#2080=CARTESIAN_POINT('',(2.,90.169,-3.226));
#2081=CARTESIAN_POINT('',(22.5,90.169,3.226));
#2082=CARTESIAN_POINT('',(22.5,90.169,3.226));
#2083=CARTESIAN_POINT('',(-24.5,90.169,3.226));
#2084=CARTESIAN_POINT('',(5.4,90.169,-1.83697019872103E-16));
#2085=CARTESIAN_POINT('Origin',(6.9,90.169,0.));
#2086=CARTESIAN_POINT('',(-8.4,90.169,-1.83697019872103E-16));
#2087=CARTESIAN_POINT('Origin',(-6.9,90.169,0.));
#2088=CARTESIAN_POINT('Origin',(22.5,63.169,3.226));
#2089=CARTESIAN_POINT('',(22.5,63.169,-3.226));
#2090=CARTESIAN_POINT('',(24.5,63.169,-3.226));
#2091=CARTESIAN_POINT('',(22.5,63.169,3.226));
#2092=CARTESIAN_POINT('',(-2.,63.169,3.226));
#2093=CARTESIAN_POINT('',(22.5,63.169,3.226));
#2094=CARTESIAN_POINT('',(-8.4,63.169,1.83697019872103E-16));
#2095=CARTESIAN_POINT('Origin',(-6.9,63.169,0.));
#2096=CARTESIAN_POINT('',(5.4,63.169,1.83697019872103E-16));
#2097=CARTESIAN_POINT('Origin',(6.9,63.169,0.));
#2098=CARTESIAN_POINT('Origin',(22.5,90.169,3.226));
#2099=CARTESIAN_POINT('',(22.5,45.0845,-3.226));
#2100=CARTESIAN_POINT('',(22.5,45.0845,3.226));
#2101=CARTESIAN_POINT('Origin',(-22.5,5.99419753760537,3.226));
#2102=CARTESIAN_POINT('',(-22.5,18.1631975376054,-3.226));
#2103=CARTESIAN_POINT('',(-22.5,5.99419753760537,-3.226));
#2104=CARTESIAN_POINT('',(-22.5,2.99709876880269,-3.226));
#2105=CARTESIAN_POINT('',(-22.5,18.1631975376054,3.226));
#2106=CARTESIAN_POINT('',(-22.5,18.1631975376054,3.226));
#2107=CARTESIAN_POINT('',(-22.5,5.99419753760537,3.226));
#2108=CARTESIAN_POINT('',(-22.5,2.99709876880269,3.226));
#2109=CARTESIAN_POINT('',(-22.5,5.99419753760537,3.226));
#2110=CARTESIAN_POINT('Origin',(-22.5,18.1631975376054,3.226));
#2111=CARTESIAN_POINT('',(22.5,18.1631975376054,-3.226));
#2112=CARTESIAN_POINT('',(2.,18.1631975376054,-3.226));
#2113=CARTESIAN_POINT('',(22.5,18.1631975376054,3.226));
#2114=CARTESIAN_POINT('',(22.5,18.1631975376054,3.226));
#2115=CARTESIAN_POINT('',(-24.5,18.1631975376054,3.226));
#2116=CARTESIAN_POINT('',(5.4,18.1631975376054,-1.83697019872103E-16));
#2117=CARTESIAN_POINT('Origin',(6.9,18.1631975376054,0.));
#2118=CARTESIAN_POINT('',(-8.4,18.1631975376054,-1.83697019872103E-16));
#2119=CARTESIAN_POINT('Origin',(-6.9,18.1631975376054,0.));
#2120=CARTESIAN_POINT('Origin',(22.5,5.99419753760537,3.226));
#2121=CARTESIAN_POINT('',(22.5,5.99419753760537,-3.226));
#2122=CARTESIAN_POINT('',(24.5,5.99419753760537,-3.226));
#2123=CARTESIAN_POINT('',(22.5,5.99419753760537,3.226));
#2124=CARTESIAN_POINT('',(-2.,5.99419753760537,3.226));
#2125=CARTESIAN_POINT('',(22.5,5.99419753760537,3.226));
#2126=CARTESIAN_POINT('',(-8.4,5.99419753760537,1.83697019872103E-16));
#2127=CARTESIAN_POINT('Origin',(-6.9,5.99419753760537,0.));
#2128=CARTESIAN_POINT('',(5.4,5.99419753760537,1.83697019872103E-16));
#2129=CARTESIAN_POINT('Origin',(6.9,5.99419753760537,0.));
#2130=CARTESIAN_POINT('Origin',(22.5,18.1631975376054,3.226));
#2131=CARTESIAN_POINT('',(22.5,9.08159876880269,-3.226));
#2132=CARTESIAN_POINT('',(22.5,9.08159876880269,3.226));
#2133=CARTESIAN_POINT('Origin',(-22.5,100.174802462395,3.226));
#2134=CARTESIAN_POINT('',(-22.5,112.343802462395,-3.226));
#2135=CARTESIAN_POINT('',(-22.5,100.174802462395,-3.226));
#2136=CARTESIAN_POINT('',(-22.5,50.0874012311973,-3.226));
#2137=CARTESIAN_POINT('',(-22.5,112.343802462395,3.226));
#2138=CARTESIAN_POINT('',(-22.5,112.343802462395,3.226));
#2139=CARTESIAN_POINT('',(-22.5,100.174802462395,3.226));
#2140=CARTESIAN_POINT('',(-22.5,50.0874012311973,3.226));
#2141=CARTESIAN_POINT('',(-22.5,100.174802462395,3.226));
#2142=CARTESIAN_POINT('Origin',(22.5,100.174802462395,3.226));
#2143=CARTESIAN_POINT('',(22.5,100.174802462395,-3.226));
#2144=CARTESIAN_POINT('',(24.5,100.174802462395,-3.226));
#2145=CARTESIAN_POINT('',(22.5,100.174802462395,3.226));
#2146=CARTESIAN_POINT('',(-2.,100.174802462395,3.226));
#2147=CARTESIAN_POINT('',(22.5,100.174802462395,3.226));
#2148=CARTESIAN_POINT('',(5.4,100.174802462395,1.83697019872103E-16));
#2149=CARTESIAN_POINT('Origin',(6.9,100.174802462395,0.));
#2150=CARTESIAN_POINT('',(-8.4,100.174802462395,1.83697019872103E-16));
#2151=CARTESIAN_POINT('Origin',(-6.9,100.174802462395,0.));
#2152=CARTESIAN_POINT('Origin',(22.5,112.343802462395,3.226));
#2153=CARTESIAN_POINT('',(22.5,112.343802462395,-3.226));
#2154=CARTESIAN_POINT('',(22.5,56.1719012311973,-3.226));
#2155=CARTESIAN_POINT('',(22.5,112.343802462395,3.226));
#2156=CARTESIAN_POINT('',(22.5,56.1719012311973,3.226));
#2157=CARTESIAN_POINT('',(22.5,112.343802462395,3.226));
#2158=CARTESIAN_POINT('Origin',(-22.5,112.343802462395,3.226));
#2159=CARTESIAN_POINT('',(2.,112.343802462395,-3.226));
#2160=CARTESIAN_POINT('',(-24.5,112.343802462395,3.226));
#2161=CARTESIAN_POINT('',(-8.4,112.343802462395,-1.83697019872103E-16));
#2162=CARTESIAN_POINT('Origin',(-6.9,112.343802462395,0.));
#2163=CARTESIAN_POINT('',(5.4,112.343802462395,-1.83697019872103E-16));
#2164=CARTESIAN_POINT('Origin',(6.9,112.343802462395,0.));
#2165=CARTESIAN_POINT('Origin',(-6.9,0.,0.));
#2166=CARTESIAN_POINT('',(-6.9,59.169,-1.5));
#2167=CARTESIAN_POINT('',(-8.4,57.669,1.83697019872102E-16));
#2168=CARTESIAN_POINT('Origin',(-6.9,59.169,0.));
#2169=CARTESIAN_POINT('',(-8.4,0.,1.83697019872103E-16));
#2170=CARTESIAN_POINT('',(-6.9,59.169,1.5));
#2171=CARTESIAN_POINT('Origin',(-6.9,59.169,0.));
#2172=CARTESIAN_POINT('Origin',(-6.9,59.169,0.));
#2173=CARTESIAN_POINT('Origin',(6.9,0.,0.));
#2174=CARTESIAN_POINT('',(6.9,59.169,-1.5));
#2175=CARTESIAN_POINT('',(5.4,57.669,1.83697019872102E-16));
#2176=CARTESIAN_POINT('Origin',(6.9,59.169,0.));
#2177=CARTESIAN_POINT('',(5.4,0.,1.83697019872103E-16));
#2178=CARTESIAN_POINT('',(6.9,59.169,1.5));
#2179=CARTESIAN_POINT('Origin',(6.9,59.169,0.));
#2180=CARTESIAN_POINT('Origin',(6.9,59.169,0.));
#2181=CARTESIAN_POINT('Origin',(-6.9,0.,0.));
#2182=CARTESIAN_POINT('',(-6.9,94.169,-1.5));
#2183=CARTESIAN_POINT('',(-8.4,92.669,1.83697019872104E-16));
#2184=CARTESIAN_POINT('Origin',(-6.9,94.169,0.));
#2185=CARTESIAN_POINT('',(-8.4,0.,1.83697019872103E-16));
#2186=CARTESIAN_POINT('',(-6.9,94.169,1.5));
#2187=CARTESIAN_POINT('Origin',(-6.9,94.169,0.));
#2188=CARTESIAN_POINT('Origin',(-6.9,94.169,0.));
#2189=CARTESIAN_POINT('Origin',(6.9,0.,0.));
#2190=CARTESIAN_POINT('',(6.9,94.169,-1.5));
#2191=CARTESIAN_POINT('',(5.4,92.669,1.83697019872102E-16));
#2192=CARTESIAN_POINT('Origin',(6.9,94.169,0.));
#2193=CARTESIAN_POINT('',(5.4,0.,1.83697019872103E-16));
#2194=CARTESIAN_POINT('',(6.9,94.169,1.5));
#2195=CARTESIAN_POINT('Origin',(6.9,94.169,0.));
#2196=CARTESIAN_POINT('Origin',(6.9,94.169,0.));
#2197=CARTESIAN_POINT('Origin',(-6.9,0.,0.));
#2198=CARTESIAN_POINT('',(-6.9,24.169,-1.5));
#2199=CARTESIAN_POINT('',(-8.4,22.669,1.83697019872103E-16));
#2200=CARTESIAN_POINT('Origin',(-6.9,24.169,0.));
#2201=CARTESIAN_POINT('',(-8.4,0.,1.83697019872103E-16));
#2202=CARTESIAN_POINT('',(-6.9,24.169,1.5));
#2203=CARTESIAN_POINT('Origin',(-6.9,24.169,0.));
#2204=CARTESIAN_POINT('Origin',(-6.9,24.169,0.));
#2205=CARTESIAN_POINT('Origin',(6.9,0.,0.));
#2206=CARTESIAN_POINT('',(6.9,24.169,-1.5));
#2207=CARTESIAN_POINT('',(5.4,22.669,1.83697019872104E-16));
#2208=CARTESIAN_POINT('Origin',(6.9,24.169,0.));
#2209=CARTESIAN_POINT('',(5.4,0.,1.83697019872103E-16));
#2210=CARTESIAN_POINT('',(6.9,24.169,1.5));
#2211=CARTESIAN_POINT('Origin',(6.9,24.169,0.));
#2212=CARTESIAN_POINT('Origin',(6.9,24.169,0.));
#2213=CARTESIAN_POINT('Origin',(-6.9,0.,0.));
#2214=CARTESIAN_POINT('',(-8.4,95.669,1.83697019872104E-16));
#2215=CARTESIAN_POINT('',(-8.4,0.,1.83697019872103E-16));
#2216=CARTESIAN_POINT('Origin',(-6.9,94.169,0.));
#2217=CARTESIAN_POINT('',(-5.4,95.669,1.83697019872104E-16));
#2218=CARTESIAN_POINT('Origin',(-6.9,94.169,0.));
#2219=CARTESIAN_POINT('Origin',(-6.9,94.169,0.));
#2220=CARTESIAN_POINT('Origin',(-6.9,94.169,0.));
#2221=CARTESIAN_POINT('Origin',(6.9,0.,0.));
#2222=CARTESIAN_POINT('',(5.4,95.669,1.83697019872104E-16));
#2223=CARTESIAN_POINT('',(5.4,0.,1.83697019872103E-16));
#2224=CARTESIAN_POINT('Origin',(6.9,94.169,0.));
#2225=CARTESIAN_POINT('',(8.4,95.669,1.83697019872104E-16));
#2226=CARTESIAN_POINT('Origin',(6.9,94.169,0.));
#2227=CARTESIAN_POINT('Origin',(6.9,94.169,0.));
#2228=CARTESIAN_POINT('Origin',(6.9,94.169,0.));
#2229=CARTESIAN_POINT('Origin',(-26.5,94.169,0.));
#2230=CARTESIAN_POINT('',(-26.5,95.669,1.83697019872103E-16));
#2231=CARTESIAN_POINT('',(26.5,95.669,-1.83697019872103E-16));
#2232=CARTESIAN_POINT('',(-26.5,95.669,1.83697019872103E-16));
#2233=CARTESIAN_POINT('Origin',(26.5,94.169,0.));
#2234=CARTESIAN_POINT('Origin',(-26.5,94.169,0.));
#2235=CARTESIAN_POINT('',(-26.5,95.669,1.83697019872103E-16));
#2236=CARTESIAN_POINT('Origin',(-26.5,94.169,0.));
#2237=CARTESIAN_POINT('',(-26.5,95.669,-1.83697019872103E-16));
#2238=CARTESIAN_POINT('Origin',(-26.5,94.169,0.));
#2239=CARTESIAN_POINT('',(-26.5,95.669,1.83697019872103E-16));
#2240=CARTESIAN_POINT('',(-26.5,95.669,1.83697019872103E-16));
#2241=CARTESIAN_POINT('Origin',(-26.5,59.169,0.));
#2242=CARTESIAN_POINT('',(8.4,60.669,1.83697019872103E-16));
#2243=CARTESIAN_POINT('Origin',(6.9,59.169,0.));
#2244=CARTESIAN_POINT('',(26.5,60.669,-1.83697019872103E-16));
#2245=CARTESIAN_POINT('',(-26.5,60.669,1.83697019872103E-16));
#2246=CARTESIAN_POINT('Origin',(26.5,59.169,0.));
#2247=CARTESIAN_POINT('Origin',(6.9,59.169,0.));
#2248=CARTESIAN_POINT('Origin',(-26.5,59.169,0.));
#2249=CARTESIAN_POINT('',(-5.4,60.669,1.83697019872104E-16));
#2250=CARTESIAN_POINT('Origin',(-6.9,59.169,0.));
#2251=CARTESIAN_POINT('',(5.4,60.669,1.83697019872104E-16));
#2252=CARTESIAN_POINT('',(-26.5,60.669,1.83697019872103E-16));
#2253=CARTESIAN_POINT('Origin',(6.9,59.169,0.));
#2254=CARTESIAN_POINT('Origin',(6.9,59.169,0.));
#2255=CARTESIAN_POINT('Origin',(-6.9,59.169,0.));
#2256=CARTESIAN_POINT('Origin',(-26.5,59.169,0.));
#2257=CARTESIAN_POINT('',(-26.5,60.669,-1.83697019872103E-16));
#2258=CARTESIAN_POINT('Origin',(-26.5,59.169,0.));
#2259=CARTESIAN_POINT('',(-8.4,60.669,1.83697019872103E-16));
#2260=CARTESIAN_POINT('',(-26.5,60.669,1.83697019872103E-16));
#2261=CARTESIAN_POINT('Origin',(-6.9,59.169,0.));
#2262=CARTESIAN_POINT('Origin',(-6.9,59.169,0.));
#2263=CARTESIAN_POINT('Origin',(-26.5,24.169,0.));
#2264=CARTESIAN_POINT('',(8.4,25.669,1.83697019872102E-16));
#2265=CARTESIAN_POINT('Origin',(6.9,24.169,0.));
#2266=CARTESIAN_POINT('',(26.5,25.669,-1.83697019872103E-16));
#2267=CARTESIAN_POINT('',(-26.5,25.669,1.83697019872103E-16));
#2268=CARTESIAN_POINT('Origin',(26.5,24.169,0.));
#2269=CARTESIAN_POINT('Origin',(6.9,24.169,0.));
#2270=CARTESIAN_POINT('Origin',(-26.5,24.169,0.));
#2271=CARTESIAN_POINT('',(-5.4,25.669,1.83697019872102E-16));
#2272=CARTESIAN_POINT('Origin',(-6.9,24.169,0.));
#2273=CARTESIAN_POINT('',(5.4,25.669,1.83697019872103E-16));
#2274=CARTESIAN_POINT('',(-26.5,25.669,1.83697019872103E-16));
#2275=CARTESIAN_POINT('Origin',(6.9,24.169,0.));
#2276=CARTESIAN_POINT('Origin',(6.9,24.169,0.));
#2277=CARTESIAN_POINT('Origin',(-6.9,24.169,0.));
#2278=CARTESIAN_POINT('Origin',(-26.5,24.169,0.));
#2279=CARTESIAN_POINT('',(-26.5,25.669,-1.83697019872103E-16));
#2280=CARTESIAN_POINT('Origin',(-26.5,24.169,0.));
#2281=CARTESIAN_POINT('',(-8.4,25.669,1.83697019872103E-16));
#2282=CARTESIAN_POINT('',(-26.5,25.669,1.83697019872103E-16));
#2283=CARTESIAN_POINT('Origin',(-6.9,24.169,0.));
#2284=CARTESIAN_POINT('Origin',(-6.9,24.169,0.));
#2285=CARTESIAN_POINT('Origin',(-6.9,0.,0.));
#2286=CARTESIAN_POINT('',(-8.4,0.,1.83697019872103E-16));
#2287=CARTESIAN_POINT('Origin',(-6.9,0.,0.));
#2288=CARTESIAN_POINT('',(-8.4,0.,1.83697019872103E-16));
#2289=CARTESIAN_POINT('Origin',(-6.9,0.,0.));
#2290=CARTESIAN_POINT('',(-8.4,118.338,1.83697019872103E-16));
#2291=CARTESIAN_POINT('Origin',(-6.9,118.338,0.));
#2292=CARTESIAN_POINT('',(-8.4,0.,1.83697019872103E-16));
#2293=CARTESIAN_POINT('Origin',(6.9,0.,0.));
#2294=CARTESIAN_POINT('',(5.4,0.,1.83697019872103E-16));
#2295=CARTESIAN_POINT('Origin',(6.9,0.,0.));
#2296=CARTESIAN_POINT('',(5.4,0.,1.83697019872103E-16));
#2297=CARTESIAN_POINT('Origin',(6.9,0.,0.));
#2298=CARTESIAN_POINT('',(5.4,118.338,1.83697019872103E-16));
#2299=CARTESIAN_POINT('Origin',(6.9,118.338,0.));
#2300=CARTESIAN_POINT('',(5.4,0.,1.83697019872103E-16));
#2301=CARTESIAN_POINT('Origin',(-6.9,0.,0.));
#2302=CARTESIAN_POINT('',(-8.4,0.,1.83697019872103E-16));
#2303=CARTESIAN_POINT('',(-8.4,0.,1.83697019872103E-16));
#2304=CARTESIAN_POINT('Origin',(-6.9,0.,0.));
#2305=CARTESIAN_POINT('Origin',(6.9,0.,0.));
#2306=CARTESIAN_POINT('',(5.4,0.,1.83697019872103E-16));
#2307=CARTESIAN_POINT('',(5.4,0.,1.83697019872103E-16));
#2308=CARTESIAN_POINT('Origin',(6.9,0.,0.));
#2309=CARTESIAN_POINT('Origin',(26.5,0.,3.226));
#2310=CARTESIAN_POINT('',(26.5,0.,-3.226));
#2311=CARTESIAN_POINT('',(26.5,0.,3.226));
#2312=CARTESIAN_POINT('',(26.5,0.,-3.226));
#2313=CARTESIAN_POINT('',(26.5,118.338,-3.226));
#2314=CARTESIAN_POINT('',(26.5,0.,-3.226));
#2315=CARTESIAN_POINT('',(26.5,118.338,3.226));
#2316=CARTESIAN_POINT('',(26.5,118.338,-3.226));
#2317=CARTESIAN_POINT('',(26.5,0.,3.226));
#2318=CARTESIAN_POINT('Origin',(-26.5,0.,3.226));
#2319=CARTESIAN_POINT('',(-26.5,0.,3.226));
#2320=CARTESIAN_POINT('',(26.5,0.,3.226));
#2321=CARTESIAN_POINT('',(-26.5,118.338,3.226));
#2322=CARTESIAN_POINT('',(26.5,118.338,3.226));
#2323=CARTESIAN_POINT('',(-26.5,0.,3.226));
#2324=CARTESIAN_POINT('Origin',(-26.5,0.,-3.226));
#2325=CARTESIAN_POINT('',(-26.5,0.,-3.226));
#2326=CARTESIAN_POINT('',(-26.5,0.,3.226));
#2327=CARTESIAN_POINT('',(-26.5,118.338,-3.226));
#2328=CARTESIAN_POINT('',(-26.5,118.338,3.226));
#2329=CARTESIAN_POINT('',(-26.5,0.,-3.226));
#2330=CARTESIAN_POINT('Origin',(26.5,0.,-3.226));
#2331=CARTESIAN_POINT('',(-26.5,0.,-3.226));
#2332=CARTESIAN_POINT('',(-26.5,118.338,-3.226));
#2333=CARTESIAN_POINT('Origin',(0.,118.338,0.));
#2334=CARTESIAN_POINT('Origin',(0.,0.,0.));
#2335=UNCERTAINTY_MEASURE_WITH_UNIT(LENGTH_MEASURE(0.01),#2339,
'DISTANCE_ACCURACY_VALUE',
'Maximum model space distance between geometric entities at asserted c
onnectivities');
#2336=UNCERTAINTY_MEASURE_WITH_UNIT(LENGTH_MEASURE(0.01),#2339,
'DISTANCE_ACCURACY_VALUE',
'Maximum model space distance between geometric entities at asserted c
onnectivities');
#2337=(
GEOMETRIC_REPRESENTATION_CONTEXT(3)
GLOBAL_UNCERTAINTY_ASSIGNED_CONTEXT((#2335))
GLOBAL_UNIT_ASSIGNED_CONTEXT((#2339,#2341,#2342))
REPRESENTATION_CONTEXT('','3D')
);
#2338=(
GEOMETRIC_REPRESENTATION_CONTEXT(3)
GLOBAL_UNCERTAINTY_ASSIGNED_CONTEXT((#2336))
GLOBAL_UNIT_ASSIGNED_CONTEXT((#2339,#2341,#2342))
REPRESENTATION_CONTEXT('','3D')
);
#2339=(
LENGTH_UNIT()
NAMED_UNIT(*)
SI_UNIT(.MILLI.,.METRE.)
);
#2340=(
LENGTH_UNIT()
NAMED_UNIT(*)
SI_UNIT($,.METRE.)
);
#2341=(
NAMED_UNIT(*)
PLANE_ANGLE_UNIT()
SI_UNIT($,.RADIAN.)
);
#2342=(
NAMED_UNIT(*)
SI_UNIT($,.STERADIAN.)
SOLID_ANGLE_UNIT()
);
#2343=SHAPE_DEFINITION_REPRESENTATION(#2344,#2345);
#2344=PRODUCT_DEFINITION_SHAPE('',$,#2347);
#2345=SHAPE_REPRESENTATION('',(#1247),#2337);
#2346=PRODUCT_DEFINITION_CONTEXT('part definition',#2351,'design');
#2347=PRODUCT_DEFINITION('Meidum_Chasis','Meidum_Chasis v2',#2348,#2346);
#2348=PRODUCT_DEFINITION_FORMATION('',$,#2353);
#2349=PRODUCT_RELATED_PRODUCT_CATEGORY('Meidum_Chasis v2',
'Meidum_Chasis v2',(#2353));
#2350=APPLICATION_PROTOCOL_DEFINITION('international standard',
'automotive_design',2009,#2351);
#2351=APPLICATION_CONTEXT(
'Core Data for Automotive Mechanical Design Process');
#2352=PRODUCT_CONTEXT('part definition',#2351,'mechanical');
#2353=PRODUCT('Meidum_Chasis','Meidum_Chasis v2',$,(#2352));
#2354=PRESENTATION_STYLE_ASSIGNMENT((#2355));
#2355=SURFACE_STYLE_USAGE(.BOTH.,#2356);
#2356=SURFACE_SIDE_STYLE('',(#2357));
#2357=SURFACE_STYLE_FILL_AREA(#2358);
#2358=FILL_AREA_STYLE('Steel - Satin',(#2359));
#2359=FILL_AREA_STYLE_COLOUR('Steel - Satin',#2360);
#2360=COLOUR_RGB('Steel - Satin',0.627450980392157,0.627450980392157,0.627450980392157);
ENDSEC;
END-ISO-10303-21;
