ISO-10303-21;
HEADER;
/* Generated by software containing ST-Developer
 * from STEP Tools, Inc. (www.steptools.com) 
 */

FILE_DESCRIPTION(
/* description */ (''),
/* implementation_level */ '2;1');

FILE_NAME(
/* name */ 'screw_Left v1.step',
/* time_stamp */ '2024-08-21T17:52:51-07:00',
/* author */ (''),
/* organization */ (''),
/* preprocessor_version */ 'ST-DEVELOPER v20',
/* originating_system */ 'Autodesk Translation Framework v13.14.0.145',

/* authorisation */ '');

FILE_SCHEMA (('AUTOMOTIVE_DESIGN { 1 0 10303 214 3 1 1 }'));
ENDSEC;

DATA;
#10=MECHANICAL_DESIGN_GEOMETRIC_PRESENTATION_REPRESENTATION('',(#17),#2765);
#11=SHAPE_REPRESENTATION_RELATIONSHIP('SRR','None',#2775,#12);
#12=ADVANCED_BREP_SHAPE_REPRESENTATION('',(#18),#2763);
#13=ITEM_DEFINED_TRANSFORMATION($,$,#423,#447);
#14=(
REPRESENTATION_RELATIONSHIP($,$,#2776,#2775)
REPRESENTATION_RELATIONSHIP_WITH_TRANSFORMATION(#13)
SHAPE_REPRESENTATION_RELATIONSHIP()
);
#15=CONTEXT_DEPENDENT_SHAPE_REPRESENTATION(#14,#2774);
#16=NEXT_ASSEMBLY_USAGE_OCCURRENCE('Component48:1','Component48:1',
'Component48:1',#2778,#2779,'Component48:1');
#17=STYLED_ITEM('',(#2790),#18);
#18=MANIFOLD_SOLID_BREP('Body1',#409);
#19=FACE_BOUND('',#83,.T.);
#20=FACE_BOUND('',#86,.T.);
#21=B_SPLINE_SURFACE_WITH_KNOTS('',3,3,((#1798,#1799,#1800,#1801,#1802,
#1803,#1804,#1805,#1806,#1807,#1808,#1809,#1810,#1811,#1812,#1813,#1814,
#1815,#1816,#1817,#1818,#1819,#1820,#1821,#1822,#1823,#1824),(#1825,#1826,
#1827,#1828,#1829,#1830,#1831,#1832,#1833,#1834,#1835,#1836,#1837,#1838,
#1839,#1840,#1841,#1842,#1843,#1844,#1845,#1846,#1847,#1848,#1849,#1850,
#1851),(#1852,#1853,#1854,#1855,#1856,#1857,#1858,#1859,#1860,#1861,#1862,
#1863,#1864,#1865,#1866,#1867,#1868,#1869,#1870,#1871,#1872,#1873,#1874,
#1875,#1876,#1877,#1878),(#1879,#1880,#1881,#1882,#1883,#1884,#1885,#1886,
#1887,#1888,#1889,#1890,#1891,#1892,#1893,#1894,#1895,#1896,#1897,#1898,
#1899,#1900,#1901,#1902,#1903,#1904,#1905)),.UNSPECIFIED.,.F.,.F.,.F.,(4,
4),(4,1,1,1,1,1,1,1,1,1,1,1,1,1,1,1,1,1,1,1,1,1,1,1,4),(-2.82833458954752E-5,
0.698554874896992),(1.47308953396588,1.96610848127564,2.45899442673091,
2.95188037218619,3.44476631764146,3.93765226309673,4.430538208552,4.92342415400727,
5.41631009946254,5.90919604491781,6.40208199037308,6.89496793582835,7.38785388128362,
7.8807398267389,8.37362577219417,8.86651171764944,9.35939766310471,9.85228360855998,
10.3451695540152,10.8380554994705,11.3309414449258,11.8238273903811,12.3167133358363,
12.8095992812916,13.3026194810052),.UNSPECIFIED.);
#22=B_SPLINE_SURFACE_WITH_KNOTS('',3,3,((#2171,#2172,#2173,#2174,#2175,
#2176,#2177,#2178,#2179,#2180,#2181,#2182,#2183,#2184,#2185,#2186,#2187,
#2188,#2189,#2190,#2191,#2192,#2193,#2194,#2195,#2196,#2197),(#2198,#2199,
#2200,#2201,#2202,#2203,#2204,#2205,#2206,#2207,#2208,#2209,#2210,#2211,
#2212,#2213,#2214,#2215,#2216,#2217,#2218,#2219,#2220,#2221,#2222,#2223,
#2224),(#2225,#2226,#2227,#2228,#2229,#2230,#2231,#2232,#2233,#2234,#2235,
#2236,#2237,#2238,#2239,#2240,#2241,#2242,#2243,#2244,#2245,#2246,#2247,
#2248,#2249,#2250,#2251),(#2252,#2253,#2254,#2255,#2256,#2257,#2258,#2259,
#2260,#2261,#2262,#2263,#2264,#2265,#2266,#2267,#2268,#2269,#2270,#2271,
#2272,#2273,#2274,#2275,#2276,#2277,#2278)),.UNSPECIFIED.,.F.,.F.,.F.,(4,
4),(4,1,1,1,1,1,1,1,1,1,1,1,1,1,1,1,1,1,1,1,1,1,1,1,4),(0.698262943555394,
1.39684124127738),(2.3592602205117,2.85618541896396,3.35311061741621,3.85003581586847,
4.34696101432072,4.84388621277297,5.34081141122523,5.83773660967748,6.33466180812973,
6.83158700658199,7.32851220503424,7.8254374034865,8.32236260193875,8.819287800391,
9.31621299884326,9.81313819729551,10.3100633957478,10.8069885942,11.3039137926523,
11.8008389911045,12.2977641895568,12.794689388009,13.2916145864613,13.7885397849135,
14.2856023692694),.UNSPECIFIED.);
#23=B_SPLINE_SURFACE_WITH_KNOTS('',3,3,((#2279,#2280,#2281,#2282,#2283,
#2284,#2285,#2286,#2287,#2288,#2289,#2290,#2291,#2292,#2293,#2294,#2295,
#2296,#2297,#2298,#2299,#2300,#2301,#2302,#2303,#2304,#2305),(#2306,#2307,
#2308,#2309,#2310,#2311,#2312,#2313,#2314,#2315,#2316,#2317,#2318,#2319,
#2320,#2321,#2322,#2323,#2324,#2325,#2326,#2327,#2328,#2329,#2330,#2331,
#2332),(#2333,#2334,#2335,#2336,#2337,#2338,#2339,#2340,#2341,#2342,#2343,
#2344,#2345,#2346,#2347,#2348,#2349,#2350,#2351,#2352,#2353,#2354,#2355,
#2356,#2357,#2358,#2359),(#2360,#2361,#2362,#2363,#2364,#2365,#2366,#2367,
#2368,#2369,#2370,#2371,#2372,#2373,#2374,#2375,#2376,#2377,#2378,#2379,
#2380,#2381,#2382,#2383,#2384,#2385,#2386)),.UNSPECIFIED.,.F.,.F.,.F.,(4,
4),(4,1,1,1,1,1,1,1,1,1,1,1,1,1,1,1,1,1,1,1,1,1,1,1,4),(0.70351080771683,
1.40738022646015),(2.35354746738501,2.85006334878405,3.34657923018309,3.84309511158213,
4.33961099298118,4.83612687438022,5.33264275577926,5.8291586371783,6.32567451857735,
6.82219039997639,7.31870628137543,7.81522216277447,8.31173804417351,8.80825392557255,
9.3047698069716,9.80128568837064,10.2978015697697,10.7943174511687,11.2908333325678,
11.7873492139668,12.2838650953659,12.7803809767649,13.2768968581639,13.773412739563,
14.2700652498945),.UNSPECIFIED.);
#24=B_SPLINE_SURFACE_WITH_KNOTS('',3,3,((#2650,#2651,#2652,#2653,#2654,
#2655,#2656,#2657,#2658,#2659,#2660,#2661,#2662,#2663,#2664,#2665,#2666,
#2667,#2668,#2669,#2670,#2671,#2672,#2673,#2674,#2675,#2676),(#2677,#2678,
#2679,#2680,#2681,#2682,#2683,#2684,#2685,#2686,#2687,#2688,#2689,#2690,
#2691,#2692,#2693,#2694,#2695,#2696,#2697,#2698,#2699,#2700,#2701,#2702,
#2703),(#2704,#2705,#2706,#2707,#2708,#2709,#2710,#2711,#2712,#2713,#2714,
#2715,#2716,#2717,#2718,#2719,#2720,#2721,#2722,#2723,#2724,#2725,#2726,
#2727,#2728,#2729,#2730),(#2731,#2732,#2733,#2734,#2735,#2736,#2737,#2738,
#2739,#2740,#2741,#2742,#2743,#2744,#2745,#2746,#2747,#2748,#2749,#2750,
#2751,#2752,#2753,#2754,#2755,#2756,#2757)),.UNSPECIFIED.,.F.,.F.,.F.,(4,
4),(4,1,1,1,1,1,1,1,1,1,1,1,1,1,1,1,1,1,1,1,1,1,1,1,4),(0.,0.703808703508862),
(1.46144349625787,1.95404085606745,2.44650524724953,2.9389696384316,3.43143402961367,
3.92389842079574,4.41636281197781,4.90882720315989,5.40129159434196,5.89375598552403,
6.3862203767061,6.87868476788818,7.37114915907025,7.86361355025232,8.35607794143439,
8.84854233261646,9.34100672379854,9.83347111498061,10.3259355061627,10.8183998973448,
11.3108642885268,11.8033286797089,12.295793070891,12.788257462073,13.2808560486756),
 .UNSPECIFIED.);
#25=PLANE('',#443);
#26=PLANE('',#444);
#27=PLANE('',#445);
#28=PLANE('',#446);
#29=CIRCLE('',#437,1.5);
#30=CIRCLE('',#439,1.5);
#31=CIRCLE('',#441,1.5);
#32=CIRCLE('',#442,1.5);
#33=ELLIPSE('',#432,2.50428940079712,2.50428352776713);
#34=ELLIPSE('',#435,2.53427128029459,2.53426533695145);
#35=CYLINDRICAL_SURFACE('',#425,10.);
#36=CYLINDRICAL_SURFACE('',#426,10.);
#37=CYLINDRICAL_SURFACE('',#428,10.);
#38=CYLINDRICAL_SURFACE('',#429,10.);
#39=CYLINDRICAL_SURFACE('',#430,10.);
#40=CYLINDRICAL_SURFACE('',#433,10.);
#41=CYLINDRICAL_SURFACE('',#438,1.5);
#42=CYLINDRICAL_SURFACE('',#440,1.5);
#43=FACE_OUTER_BOUND('',#64,.T.);
#44=FACE_OUTER_BOUND('',#65,.T.);
#45=FACE_OUTER_BOUND('',#66,.T.);
#46=FACE_OUTER_BOUND('',#67,.T.);
#47=FACE_OUTER_BOUND('',#68,.T.);
#48=FACE_OUTER_BOUND('',#69,.T.);
#49=FACE_OUTER_BOUND('',#70,.T.);
#50=FACE_OUTER_BOUND('',#71,.T.);
#51=FACE_OUTER_BOUND('',#72,.T.);
#52=FACE_OUTER_BOUND('',#73,.T.);
#53=FACE_OUTER_BOUND('',#74,.T.);
#54=FACE_OUTER_BOUND('',#75,.T.);
#55=FACE_OUTER_BOUND('',#76,.T.);
#56=FACE_OUTER_BOUND('',#77,.T.);
#57=FACE_OUTER_BOUND('',#78,.T.);
#58=FACE_OUTER_BOUND('',#79,.T.);
#59=FACE_OUTER_BOUND('',#80,.T.);
#60=FACE_OUTER_BOUND('',#81,.T.);
#61=FACE_OUTER_BOUND('',#82,.T.);
#62=FACE_OUTER_BOUND('',#84,.T.);
#63=FACE_OUTER_BOUND('',#85,.T.);
#64=EDGE_LOOP('',(#261,#262,#263));
#65=EDGE_LOOP('',(#264,#265,#266,#267,#268,#269));
#66=EDGE_LOOP('',(#270,#271,#272,#273,#274));
#67=EDGE_LOOP('',(#275,#276,#277));
#68=EDGE_LOOP('',(#278,#279,#280,#281));
#69=EDGE_LOOP('',(#282,#283,#284,#285,#286,#287,#288));
#70=EDGE_LOOP('',(#289,#290,#291,#292,#293,#294));
#71=EDGE_LOOP('',(#295,#296,#297,#298,#299,#300,#301,#302,#303,#304,#305,
#306));
#72=EDGE_LOOP('',(#307,#308,#309,#310,#311,#312));
#73=EDGE_LOOP('',(#313,#314,#315,#316,#317,#318,#319,#320,#321,#322,#323));
#74=EDGE_LOOP('',(#324,#325,#326));
#75=EDGE_LOOP('',(#327,#328,#329,#330));
#76=EDGE_LOOP('',(#331,#332,#333,#334));
#77=EDGE_LOOP('',(#335,#336,#337,#338));
#78=EDGE_LOOP('',(#339,#340));
#79=EDGE_LOOP('',(#341,#342,#343,#344,#345,#346,#347,#348,#349,#350));
#80=EDGE_LOOP('',(#351,#352,#353,#354,#355,#356,#357,#358,#359,#360));
#81=EDGE_LOOP('',(#361,#362,#363,#364,#365,#366,#367,#368,#369));
#82=EDGE_LOOP('',(#370));
#83=EDGE_LOOP('',(#371));
#84=EDGE_LOOP('',(#372,#373,#374,#375,#376,#377,#378,#379));
#85=EDGE_LOOP('',(#380));
#86=EDGE_LOOP('',(#381,#382));
#87=B_SPLINE_CURVE_WITH_KNOTS('',3,(#521,#522,#523,#524,#525,#526),
 .UNSPECIFIED.,.F.,.F.,(4,2,4),(3.90962792344999E-5,0.315275198477929,0.630388432253097),
 .UNSPECIFIED.);
#88=B_SPLINE_CURVE_WITH_KNOTS('',3,(#527,#528,#529,#530,#531,#532),
 .UNSPECIFIED.,.F.,.F.,(4,2,4),(0.000184768014436287,0.361178681402598,
0.722348375222636),.UNSPECIFIED.);
#89=B_SPLINE_CURVE_WITH_KNOTS('',3,(#538,#539,#540,#541,#542,#543,#544,
#545,#546,#547,#548,#549,#550,#551,#552,#553,#554,#555,#556,#557,#558,#559,
#560,#561,#562,#563,#564,#565,#566,#567,#568,#569,#570,#571,#572,#573,#574,
#575,#576,#577,#578,#579,#580,#581,#582,#583,#584,#585,#586,#587,#588,#589,
#590,#591,#592,#593,#594,#595,#596,#597,#598,#599,#600,#601,#602,#603,#604,
#605,#606,#607,#608,#609,#610,#611,#612,#613,#614,#615,#616,#617,#618,#619,
#620,#621,#622,#623,#624,#625,#626,#627,#628),.UNSPECIFIED.,.F.,.F.,(4,
3,3,3,3,3,3,3,3,3,3,3,3,3,3,3,3,3,3,3,3,3,3,3,3,3,3,3,3,3,4),(12.1723373529329,
12.2459243094291,12.2838650953659,12.3574249849582,12.4309719334188,12.5045107525317,
12.5780554547167,12.6515991820924,12.7251597607018,12.7803809767649,12.8540352233451,
12.9276769020295,13.0013105464894,13.0749495326205,13.1485870924987,13.2222401350097,
13.2768968581639,13.3503200595128,13.423730198077,13.4971324743302,13.5705420152951,
13.643951554639,13.717380424946,13.773412739563,13.8474051016872,13.921383952175,
13.9953527603637,14.0693212532552,14.143284550173,14.2172549982826,14.269928620962),
 .UNSPECIFIED.);
#90=B_SPLINE_CURVE_WITH_KNOTS('',3,(#630,#631,#632,#633,#634,#635,#636,
#637,#638,#639),.UNSPECIFIED.,.F.,.F.,(4,2,2,2,4),(-3.023315113836,-2.65333225966257,
-2.28334940548914,-1.90787199498035,-1.83194148957498),.UNSPECIFIED.);
#91=B_SPLINE_CURVE_WITH_KNOTS('',3,(#641,#642,#643,#644,#645,#646,#647,
#648),.UNSPECIFIED.,.F.,.F.,(4,2,2,4),(-3.96229855005391,-3.76071000931195,
-3.39201256157398,-3.023315113836),.UNSPECIFIED.);
#92=B_SPLINE_CURVE_WITH_KNOTS('',3,(#650,#651,#652,#653,#654,#655,#656,
#657),.UNSPECIFIED.,.F.,.F.,(4,2,2,4),(0.,0.244675625377699,0.48913387473284,
0.979250546874274),.UNSPECIFIED.);
#93=B_SPLINE_CURVE_WITH_KNOTS('',3,(#658,#659,#660,#661,#662,#663,#664,
#665,#666,#667,#668),.UNSPECIFIED.,.F.,.F.,(4,1,1,1,1,1,1,1,4),(3.14159267228149,
3.35311061741621,3.85003581586847,4.34696101432072,4.84388621277297,5.34081141122523,
5.83773660967748,6.33466180812973,6.67718241780917),.UNSPECIFIED.);
#94=B_SPLINE_CURVE_WITH_KNOTS('',3,(#674,#675,#676,#677,#678,#679,#680,
#681,#682,#683,#684,#685,#686,#687,#688,#689,#690,#691,#692,#693,#694,#695,
#696,#697,#698,#699,#700,#701,#702,#703,#704,#705,#706,#707,#708,#709,#710,
#711,#712,#713,#714,#715,#716,#717,#718,#719,#720,#721,#722,#723,#724,#725,
#726,#727,#728,#729,#730,#731),.UNSPECIFIED.,.F.,.F.,(4,3,3,3,3,3,3,3,3,
3,3,3,3,3,3,3,3,3,3,4),(12.9604031492783,13.0340321251138,13.1076669844171,
13.181301569617,13.2549505539079,13.2916145864613,13.3650379757684,13.438448270802,
13.51185067188,13.5852603180151,13.6586699313442,13.7320989012246,13.7885397849135,
13.862529185712,13.9365050449139,14.0104708417425,14.0844363386532,14.1583966370425,
14.2323641589139,14.2854649833658),.UNSPECIFIED.);
#95=B_SPLINE_CURVE_WITH_KNOTS('',3,(#733,#734,#735,#736,#737,#738,#739,
#740,#741,#742,#743,#744,#745,#746,#747,#748,#749),.UNSPECIFIED.,.F.,.F.,
(4,2,3,2,2,2,2,4),(-0.378057542176457,-0.376862571869295,0.,0.376652839597963,
0.753305679195925,1.13023278810807,1.50715989702022,1.74535396007335),
 .UNSPECIFIED.);
#96=B_SPLINE_CURVE_WITH_KNOTS('',3,(#751,#752,#753,#754,#755,#756,#757,
#758),.UNSPECIFIED.,.F.,.F.,(4,2,2,4),(0.,0.246534044681005,0.492840269620597,
0.986689761515796),.UNSPECIFIED.);
#97=B_SPLINE_CURVE_WITH_KNOTS('',3,(#759,#760,#761,#762,#763,#764,#765,
#766,#767,#768),.UNSPECIFIED.,.F.,.F.,(4,1,1,1,1,1,1,4),(3.14159267390637,
3.34657923018309,3.84309511158213,4.33961099298118,4.83612687438022,5.33264275577926,
5.8291586371783,5.88918501889178),.UNSPECIFIED.);
#98=B_SPLINE_CURVE_WITH_KNOTS('',3,(#774,#775,#776,#777,#778,#779),
 .UNSPECIFIED.,.F.,.F.,(4,2,4),(0.,0.152031096975472,0.162108138284485),
 .UNSPECIFIED.);
#99=B_SPLINE_CURVE_WITH_KNOTS('',3,(#780,#781,#782,#783),.UNSPECIFIED.,
 .F.,.F.,(4,4),(1.73336024316699,1.92106911687479),.UNSPECIFIED.);
#100=B_SPLINE_CURVE_WITH_KNOTS('',3,(#789,#790,#791,#792,#793,#794,#795,
#796,#797,#798,#799,#800,#801,#802,#803,#804,#805,#806,#807,#808,#809,#810),
 .UNSPECIFIED.,.F.,.F.,(4,3,3,3,3,3,3,4),(-1.93883011568926,-1.86483392956219,
-1.79084973096435,-1.71687408533275,-1.64289822521917,-1.56892601990063,
-1.49494814992487,-1.47322253582037),.UNSPECIFIED.);
#101=B_SPLINE_CURVE_WITH_KNOTS('',3,(#812,#813,#814,#815,#816,#817,#818,
#819,#820,#821,#822,#823,#824,#825,#826,#827,#828),.UNSPECIFIED.,.F.,.F.,
(4,2,2,2,3,2,2,4),(4.81128407730945,4.88422642362873,5.26284546008406,5.6463450811408,
6.02984470219755,6.41451193285816,6.79917916351876,6.91321426515964),
 .UNSPECIFIED.);
#102=B_SPLINE_CURVE_WITH_KNOTS('',3,(#829,#830,#831,#832,#833,#834,#835,
#836,#837,#838,#839,#840,#841,#842,#843,#844,#845,#846,#847,#848,#849,#850,
#851,#852,#853,#854,#855,#856,#857,#858,#859,#860,#861,#862,#863,#864,#865,
#866,#867,#868,#869,#870,#871,#872,#873,#874,#875,#876,#877,#878,#879,#880,
#881,#882,#883,#884,#885,#886,#887,#888,#889,#890,#891,#892,#893,#894,#895,
#896,#897,#898,#899,#900,#901,#902,#903,#904,#905,#906,#907,#908,#909,#910,
#911,#912,#913,#914,#915,#916,#917,#918,#919,#920,#921,#922,#923,#924,#925,
#926,#927,#928,#929,#930,#931,#932,#933,#934,#935,#936,#937,#938,#939,#940,
#941,#942,#943),.UNSPECIFIED.,.F.,.F.,(4,3,3,3,3,3,3,3,3,3,3,3,3,3,3,3,
3,3,3,3,3,3,3,3,3,3,3,3,3,3,3,3,3,3,3,3,3,3,4),(-13.2807218532551,-13.2067426251376,
-13.1327691506645,-13.0587979970236,-12.9848156989593,-12.9108319965986,
-12.8368314881587,-12.788257462073,-12.7148017400431,-12.641360573274,-12.5679288378188,
-12.4944927200619,-12.4210580606036,-12.3476072812856,-12.295793070891,
-12.2221250868447,-12.1484689659234,-12.0748202220732,-12.0011655156711,
-11.9275117233564,-11.8538424224185,-11.8033286797089,-11.7297473268725,
-11.6561787906936,-11.5826183226107,-11.5090523081419,-11.4354872986833,
-11.3619063256006,-11.3108642885268,-11.2372582734914,-11.16366482148,-11.0900792584226,
-11.0164880570594,-10.9428978493933,-10.8692918305858,-10.8183998973448,
-10.7447956767641,-10.6712024011788,-10.627517785032),.UNSPECIFIED.);
#103=B_SPLINE_CURVE_WITH_KNOTS('',3,(#949,#950,#951,#952,#953,#954),
 .UNSPECIFIED.,.F.,.F.,(4,1,1,4),(-4.3443229905554,-3.92389842079574,-3.43143402961367,
-3.14159265358979),.UNSPECIFIED.);
#104=B_SPLINE_CURVE_WITH_KNOTS('',3,(#956,#957,#958,#959,#960,#961,#962,
#963,#964,#965,#966,#967,#968,#969,#970,#971,#972,#973,#974,#975,#976,#977,
#978,#979,#980,#981,#982,#983,#984,#985,#986,#987,#988,#989,#990,#991,#992,
#993,#994,#995,#996,#997,#998,#999,#1000,#1001,#1002,#1003,#1004,#1005,
#1006,#1007,#1008,#1009,#1010,#1011,#1012,#1013,#1014,#1015,#1016,#1017,
#1018,#1019,#1020,#1021,#1022,#1023,#1024,#1025,#1026,#1027,#1028),
 .UNSPECIFIED.,.F.,.F.,(4,3,3,3,3,3,3,3,3,3,3,3,3,3,3,3,3,3,3,3,3,3,3,3,
4),(-3.14159265358979,-3.06639860800627,-2.99118070384034,-2.9389696384316,
-2.86530038911528,-2.79164344485241,-2.71799431917636,-2.64433990477317,
-2.57068678274491,-2.49701874349776,-2.44650524724953,-2.37305457082469,
-2.29961669239434,-2.22618648981981,-2.15274922098856,-2.07931190647054,
-2.00585611071289,-1.95404085606745,-1.88004032780419,-1.80605302430592,
-1.73207550718941,-1.65809820902085,-1.5841259035498,-1.51014672887381,
-1.46157646488539),.UNSPECIFIED.);
#105=B_SPLINE_CURVE_WITH_KNOTS('',3,(#1030,#1031,#1032,#1033,#1034,#1035,
#1036,#1037,#1038,#1039,#1040,#1041,#1042),.UNSPECIFIED.,.F.,.F.,(4,3,2,
2,2,4),(5.77912877602142,6.02975123428247,6.40668040374053,6.78360957319859,
7.16026096920942,7.18341791427725),.UNSPECIFIED.);
#106=B_SPLINE_CURVE_WITH_KNOTS('',3,(#1044,#1045,#1046,#1047,#1048,#1049),
 .UNSPECIFIED.,.F.,.F.,(4,2,4),(7.18341791427725,7.53691236522026,7.8904954599347),
 .UNSPECIFIED.);
#107=B_SPLINE_CURVE_WITH_KNOTS('',3,(#1051,#1052,#1053,#1054,#1055,#1056,
#1057,#1058,#1059,#1060,#1061,#1062,#1063,#1064,#1065,#1066,#1067,#1068,
#1069,#1070,#1071,#1072,#1073,#1074,#1075,#1076,#1077,#1078,#1079,#1080,
#1081,#1082,#1083,#1084,#1085,#1086,#1087,#1088,#1089,#1090,#1091,#1092,
#1093,#1094,#1095,#1096,#1097,#1098,#1099,#1100,#1101,#1102,#1103,#1104,
#1105,#1106,#1107,#1108,#1109,#1110,#1111,#1112,#1113,#1114,#1115,#1116,
#1117,#1118,#1119,#1120,#1121,#1122,#1123,#1124,#1125,#1126,#1127,#1128,
#1129,#1130,#1131,#1132,#1133,#1134,#1135,#1136,#1137,#1138,#1139,#1140,
#1141,#1142,#1143,#1144,#1145,#1146,#1147,#1148,#1149,#1150,#1151,#1152,
#1153,#1154,#1155,#1156,#1157,#1158,#1159,#1160,#1161,#1162,#1163,#1164,
#1165,#1166,#1167,#1168,#1169,#1170,#1171,#1172,#1173,#1174,#1175,#1176,
#1177,#1178,#1179,#1180,#1181,#1182,#1183,#1184,#1185,#1186,#1187,#1188,
#1189,#1190,#1191,#1192,#1193,#1194,#1195,#1196,#1197,#1198,#1199,#1200,
#1201,#1202,#1203,#1204,#1205,#1206,#1207,#1208,#1209,#1210,#1211,#1212,
#1213,#1214,#1215,#1216),.UNSPECIFIED.,.F.,.F.,(4,3,3,3,3,3,3,3,3,3,3,3,
3,3,3,3,3,3,3,3,3,3,3,3,3,3,3,3,3,3,3,3,3,3,3,3,3,3,3,3,3,3,3,3,3,3,3,3,
3,3,3,3,3,3,3,4),(-13.3024852267469,-13.2285052227399,-13.154530949629,
-13.080558977107,-13.0065758063236,-12.9325912231841,-12.8585897598655,
-12.8095992812916,-12.7361486683157,-12.6627126904467,-12.5892862088744,
-12.5158553794061,-12.4424260395123,-12.3689805214253,-12.3167133358363,
-12.2430455597788,-12.1693896474897,-12.0957411123816,-12.0220865855136,
-11.9484329758946,-11.874763791987,-11.8238273903811,-11.7502489884276,
-11.6766834398109,-11.6031259871256,-11.5295629806532,-11.4560009901627,
-11.3824229619621,-11.3309414449258,-11.2573370069617,-11.1837451547498,
-11.1101612093926,-11.0365716130772,-10.9629830206073,-10.8893785513917,
-10.8380554994705,-10.7644525848281,-10.690862239014,-10.6172797787499,
-10.5436916242235,-10.4701044468662,-10.3965013408862,-10.3451695540152,
-10.2715709102444,-10.1979849017399,-10.1244068322355,-10.0508231184693,
-9.9772404029128,-9.90364176198334,-9.85228360855998,-9.77895843066315,
-9.70564671346927,-9.63233538029206,-9.55902836225489,-9.48570746849447,
-9.42477796400007),.UNSPECIFIED.);
#108=B_SPLINE_CURVE_WITH_KNOTS('',3,(#1217,#1218,#1219,#1220,#1221,#1222,
#1223),.UNSPECIFIED.,.F.,.F.,(4,1,1,1,4),(-9.42477796076938,-9.35939766310471,
-8.86651171764944,-8.37362577219417,-8.22201025073869),.UNSPECIFIED.);
#109=B_SPLINE_CURVE_WITH_KNOTS('',3,(#1226,#1227,#1228,#1229,#1230,#1231,
#1232,#1233,#1234,#1235,#1236,#1237,#1238,#1239),.UNSPECIFIED.,.F.,.F.,
(4,1,1,1,1,1,1,1,1,1,1,4),(-8.22201025073869,-7.88073982673889,-7.38785388128362,
-6.89496793582835,-6.40208199037308,-5.90919604491781,-5.41631009946254,
-4.92342415400727,-4.430538208552,-3.93765226309673,-3.44476631764146,-3.14159265358979),
 .UNSPECIFIED.);
#110=B_SPLINE_CURVE_WITH_KNOTS('',3,(#1240,#1241,#1242,#1243,#1244,#1245,
#1246,#1247,#1248,#1249,#1250,#1251,#1252,#1253,#1254,#1255,#1256,#1257,
#1258,#1259,#1260,#1261,#1262,#1263,#1264,#1265,#1266,#1267,#1268,#1269,
#1270,#1271,#1272,#1273,#1274,#1275,#1276,#1277,#1278,#1279,#1280,#1281,
#1282,#1283,#1284,#1285,#1286,#1287,#1288,#1289,#1290,#1291,#1292,#1293,
#1294),.UNSPECIFIED.,.F.,.F.,(4,3,3,3,3,3,3,3,3,3,3,3,3,3,3,3,3,3,4),(-3.14159265358979,
-3.06612887048674,-2.99064144234361,-2.95188037218619,-2.87821125545691,
-2.80455447035949,-2.73090552986888,-2.65725131136938,-2.58359841060527,
-2.50993056242948,-2.45899442673091,-2.38554902862817,-2.31211645109047,
-2.23869155718052,-2.16525954234353,-2.09182746408607,-2.01837676607702,
-1.96610848127564,-1.93883011568926),.UNSPECIFIED.);
#111=B_SPLINE_CURVE_WITH_KNOTS('',3,(#1296,#1297,#1298,#1299,#1300,#1301,
#1302,#1303,#1304,#1305,#1306,#1307,#1308,#1309,#1310,#1311,#1312,#1313,
#1314,#1315,#1316,#1317,#1318,#1319,#1320,#1321,#1322,#1323,#1324,#1325,
#1326,#1327,#1328,#1329,#1330,#1331,#1332,#1333,#1334,#1335,#1336,#1337,
#1338,#1339,#1340,#1341,#1342,#1343,#1344,#1345,#1346,#1347),
 .UNSPECIFIED.,.F.,.F.,(4,3,3,3,3,3,3,3,3,3,3,3,3,3,3,3,3,4),(-10.627517785032,
-10.5521222153146,-10.4785331198317,-10.4022343129972,-10.3259355061627,
-10.2523348404166,-10.1787467814422,-10.1051666391552,-10.0315808618525,
-9.95799607142054,-9.88439542258065,-9.83347111498061,-9.76015575106724,
-9.68685391840771,-9.61355367802651,-9.54025759697889,-9.46695042618611,
-9.42477796297194),.UNSPECIFIED.);
#112=B_SPLINE_CURVE_WITH_KNOTS('',3,(#1348,#1349,#1350,#1351,#1352,#1353,
#1354,#1355,#1356,#1357,#1358,#1359,#1360,#1361,#1362),.UNSPECIFIED.,.F.,
 .F.,(4,1,1,1,1,1,1,1,1,1,1,1,4),(-9.42477796076938,-9.34100672379854,-8.84854233261646,
-8.35607794143439,-7.86361355025232,-7.37114915907025,-6.87868476788818,
-6.3862203767061,-5.89375598552403,-5.40129159434196,-4.90882720315989,
-4.41636281197781,-4.3443229905554),.UNSPECIFIED.);
#113=B_SPLINE_CURVE_WITH_KNOTS('',3,(#1364,#1365,#1366,#1367,#1368,#1369,
#1370,#1371,#1372,#1373,#1374,#1375),.UNSPECIFIED.,.F.,.F.,(4,2,2,2,2,4),
(0.,0.225387684661058,0.459396115299942,0.95672631823864,1.42170985127952,
1.73336024316699),.UNSPECIFIED.);
#114=B_SPLINE_CURVE_WITH_KNOTS('',3,(#1380,#1381,#1382,#1383,#1384,#1385,
#1386,#1387,#1388,#1389,#1390,#1391),.UNSPECIFIED.,.F.,.F.,(4,2,2,2,2,4),
(4.77899601483054E-5,0.607791717342715,1.20343278069588,1.76561747032297,
2.09056755862282,2.39932829007001),.UNSPECIFIED.);
#115=B_SPLINE_CURVE_WITH_KNOTS('',3,(#1393,#1394,#1395,#1396,#1397,#1398),
 .UNSPECIFIED.,.F.,.F.,(4,2,4),(8.32592471698825E-6,0.338526480964825,0.677027818637146),
 .UNSPECIFIED.);
#116=B_SPLINE_CURVE_WITH_KNOTS('',3,(#1399,#1400,#1401,#1402,#1403,#1404,
#1405,#1406,#1407,#1408),.UNSPECIFIED.,.F.,.F.,(4,2,2,2,4),(-1.98182828825313,
-1.47519120233708,-0.989744921266864,-0.481216195785209,-0.000154767598836203),
 .UNSPECIFIED.);
#117=B_SPLINE_CURVE_WITH_KNOTS('',3,(#1409,#1410,#1411,#1412,#1413,#1414,
#1415,#1416,#1417,#1418,#1419,#1420,#1421,#1422,#1423,#1424,#1425,#1426),
 .UNSPECIFIED.,.F.,.F.,(4,2,2,2,2,2,2,2,4),(0.162108138284485,0.301178353355283,
0.589546107235093,1.1363516223852,1.43867492444632,2.03524777433813,2.28748686578974,
2.65076235888487,2.99399240895059),.UNSPECIFIED.);
#118=B_SPLINE_CURVE_WITH_KNOTS('',3,(#1429,#1430,#1431,#1432,#1433,#1434,
#1435,#1436,#1437,#1438,#1439),.UNSPECIFIED.,.F.,.F.,(4,1,1,1,1,1,1,1,4),
(5.88918501889178,6.32567451857735,6.82219039997639,7.31870628137543,7.81522216277447,
8.31173804417351,8.80825392557255,9.3047698069716,9.42477795860372),
 .UNSPECIFIED.);
#119=B_SPLINE_CURVE_WITH_KNOTS('',3,(#1440,#1441,#1442,#1443,#1444,#1445,
#1446,#1447,#1448,#1449,#1450,#1451,#1452,#1453,#1454,#1455,#1456,#1457,
#1458,#1459,#1460,#1461,#1462,#1463,#1464,#1465,#1466,#1467,#1468,#1469,
#1470,#1471,#1472,#1473,#1474,#1475,#1476,#1477,#1478,#1479,#1480,#1481,
#1482,#1483,#1484,#1485,#1486,#1487,#1488,#1489,#1490,#1491,#1492,#1493,
#1494,#1495,#1496,#1497,#1498,#1499,#1500,#1501,#1502,#1503,#1504,#1505,
#1506,#1507,#1508,#1509,#1510,#1511,#1512,#1513,#1514,#1515,#1516,#1517,
#1518,#1519,#1520,#1521,#1522,#1523,#1524,#1525,#1526,#1527,#1528,#1529,
#1530,#1531,#1532,#1533,#1534,#1535,#1536,#1537,#1538,#1539,#1540,#1541,
#1542,#1543,#1544,#1545,#1546,#1547,#1548,#1549,#1550,#1551,#1552,#1553,
#1554,#1555,#1556,#1557),.UNSPECIFIED.,.F.,.F.,(4,3,3,3,3,3,3,3,3,3,3,3,
3,3,3,3,3,3,3,3,3,3,3,3,3,3,3,3,3,3,3,3,3,3,3,3,3,3,3,4),(9.42477796076938,
9.49811088334509,9.57390458460148,9.64723684393451,9.72426126615257,9.80128568837064,
9.87486870083866,9.94843886608066,10.0220009279967,10.0955687446942,10.1691354788619,
10.2427187330401,10.2978015697697,10.3713870382328,10.4449596658385,10.5185241893226,
10.5920944486176,10.6656636109706,10.7392492535808,10.7943174511687,10.8678986907189,
10.9414670822493,11.0150273747784,11.0885934414189,11.1621584390487,11.2357399902149,
11.2908333325678,11.3644192640134,11.4379923457315,11.5115573132473,11.5851279980689,
11.6586975749726,11.7322836118454,11.7873492139668,11.8609358554692,11.9345093403419,
12.0080787703392,12.0816431258811,12.1552126190456,12.1723373529329),
 .UNSPECIFIED.);
#120=B_SPLINE_CURVE_WITH_KNOTS('',3,(#1559,#1560,#1561,#1562,#1563,#1564,
#1565,#1566,#1567,#1568),.UNSPECIFIED.,.F.,.F.,(4,1,1,1,1,1,1,4),(6.67718241780917,
6.83158700658199,7.32851220503424,7.8254374034865,8.32236260193875,8.819287800391,
9.31621299884326,9.42477796076938),.UNSPECIFIED.);
#121=B_SPLINE_CURVE_WITH_KNOTS('',3,(#1569,#1570,#1571,#1572,#1573,#1574,
#1575,#1576,#1577,#1578,#1579,#1580,#1581,#1582,#1583,#1584,#1585,#1586,
#1587,#1588,#1589,#1590,#1591,#1592,#1593,#1594,#1595,#1596,#1597,#1598,
#1599,#1600,#1601,#1602,#1603,#1604,#1605,#1606,#1607,#1608,#1609,#1610,
#1611,#1612,#1613,#1614,#1615,#1616,#1617,#1618,#1619,#1620,#1621,#1622,
#1623,#1624,#1625,#1626,#1627,#1628,#1629,#1630,#1631,#1632,#1633,#1634,
#1635,#1636,#1637,#1638,#1639,#1640,#1641,#1642,#1643,#1644,#1645,#1646,
#1647,#1648,#1649,#1650,#1651,#1652,#1653,#1654,#1655,#1656,#1657,#1658,
#1659,#1660,#1661,#1662,#1663,#1664,#1665,#1666,#1667,#1668,#1669,#1670,
#1671,#1672,#1673,#1674,#1675,#1676,#1677,#1678,#1679,#1680,#1681,#1682,
#1683,#1684,#1685,#1686,#1687,#1688,#1689,#1690,#1691,#1692,#1693,#1694,
#1695,#1696,#1697,#1698,#1699,#1700,#1701,#1702,#1703,#1704,#1705,#1706,
#1707,#1708,#1709,#1710,#1711,#1712,#1713,#1714,#1715,#1716,#1717,#1718,
#1719,#1720,#1721,#1722),.UNSPECIFIED.,.F.,.F.,(4,3,3,3,3,3,3,3,3,3,3,3,
3,3,3,3,3,3,3,3,3,3,3,3,3,3,3,3,3,3,3,3,3,3,3,3,3,3,3,3,3,3,3,3,3,3,3,3,
3,3,3,4),(9.42477796109351,9.49807996425902,9.57137400584111,9.64467349088789,
9.71797376624212,9.79128934534907,9.81313819729551,9.88671928896271,9.96028750599471,
10.033847598136,10.1074134542591,10.1809782166623,10.2545595656962,10.3100633957478,
10.383646884104,10.4572175040731,10.5307799984125,10.6043482382626,10.677915370366,
10.7514990502953,10.8069885942,10.8805678979628,10.9541343261513,11.0276926336697,
11.1012567244662,11.1748197350557,11.2483993659541,11.3039137926523,11.3774978630075,
11.4510690566913,11.5246321149018,11.5982008996071,11.6717685651257,11.7453527565909,
11.8008389911045,11.8744240422931,11.9479962557132,12.0215603692539,12.0951302558542,
12.168699047489,12.2422843957791,12.2977641895568,12.3713229089634,12.4448686635808,
12.5184062688437,12.5919497635348,12.6654922693852,12.7390516840593,12.794689388009,
12.8683395619542,12.9419772246667,12.9604031492783),.UNSPECIFIED.);
#122=B_SPLINE_CURVE_WITH_KNOTS('',3,(#1724,#1725,#1726,#1727,#1728,#1729),
 .UNSPECIFIED.,.F.,.F.,(4,2,4),(0.,0.623682916307705,1.24532151450135),
 .UNSPECIFIED.);
#123=B_SPLINE_CURVE_WITH_KNOTS('',3,(#1734,#1735,#1736,#1737,#1738,#1739,
#1740,#1741,#1742,#1743,#1744,#1745,#1746,#1747,#1748,#1749,#1750,#1751),
 .UNSPECIFIED.,.F.,.F.,(4,2,2,2,2,2,2,2,4),(4.01309293514014E-6,0.304335085499611,
0.595776300075717,1.14778837476647,1.45078232039544,2.04928185965324,2.30532733742714,
2.67403889169902,3.02229189421312),.UNSPECIFIED.);
#124=B_SPLINE_CURVE_WITH_KNOTS('',3,(#1752,#1753,#1754,#1755,#1756,#1757,
#1758,#1759,#1760,#1761,#1762,#1763),.UNSPECIFIED.,.F.,.F.,(4,2,2,2,2,4),
(0.,0.227119458644943,0.462989726972763,0.964383695551607,1.43304239504811,
1.93628841241505),.UNSPECIFIED.);
#125=B_SPLINE_CURVE_WITH_KNOTS('',3,(#1764,#1765,#1766,#1767,#1768,#1769,
#1770,#1771,#1772,#1773,#1774,#1775),.UNSPECIFIED.,.F.,.F.,(4,2,2,2,2,4),
(5.7894995962631E-6,0.619073972857137,1.21488764386311,1.77733681638616,
2.10866258275927,2.42323819596506),.UNSPECIFIED.);
#126=B_SPLINE_CURVE_WITH_KNOTS('',3,(#1906,#1907,#1908,#1909,#1910,#1911,
#1912,#1913,#1914,#1915,#1916,#1917,#1918,#1919,#1920,#1921,#1922,#1923,
#1924,#1925,#1926,#1927,#1928,#1929,#1930,#1931,#1932,#1933,#1934,#1935,
#1936,#1937,#1938,#1939,#1940,#1941,#1942,#1943,#1944,#1945,#1946,#1947,
#1948,#1949,#1950,#1951,#1952,#1953,#1954,#1955,#1956,#1957,#1958,#1959,
#1960,#1961,#1962,#1963,#1964,#1965,#1966,#1967,#1968,#1969,#1970,#1971,
#1972,#1973,#1974,#1975,#1976,#1977,#1978,#1979,#1980,#1981,#1982,#1983,
#1984,#1985,#1986,#1987,#1988,#1989,#1990,#1991,#1992,#1993,#1994,#1995,
#1996,#1997,#1998,#1999,#2000,#2001,#2002,#2003,#2004,#2005,#2006,#2007,
#2008,#2009,#2010,#2011,#2012,#2013,#2014,#2015,#2016,#2017,#2018,#2019,
#2020,#2021,#2022,#2023,#2024,#2025,#2026,#2027,#2028,#2029,#2030,#2031,
#2032,#2033,#2034,#2035,#2036,#2037,#2038,#2039,#2040,#2041,#2042,#2043,
#2044,#2045,#2046,#2047,#2048,#2049,#2050,#2051,#2052,#2053,#2054,#2055,
#2056,#2057,#2058,#2059,#2060,#2061,#2062,#2063,#2064,#2065,#2066,#2067,
#2068,#2069,#2070,#2071,#2072,#2073,#2074,#2075,#2076,#2077,#2078,#2079,
#2080,#2081,#2082,#2083,#2084,#2085,#2086,#2087,#2088,#2089,#2090,#2091,
#2092,#2093,#2094,#2095,#2096,#2097,#2098,#2099,#2100,#2101,#2102,#2103,
#2104,#2105,#2106,#2107,#2108,#2109,#2110,#2111,#2112,#2113,#2114,#2115,
#2116,#2117,#2118,#2119,#2120,#2121,#2122,#2123,#2124,#2125,#2126,#2127,
#2128,#2129,#2130,#2131,#2132,#2133,#2134,#2135,#2136,#2137,#2138,#2139,
#2140,#2141,#2142,#2143,#2144,#2145,#2146,#2147,#2148,#2149,#2150,#2151,
#2152,#2153,#2154,#2155,#2156,#2157,#2158,#2159,#2160,#2161,#2162,#2163,
#2164,#2165,#2166,#2167,#2168,#2169,#2170),.UNSPECIFIED.,.F.,.F.,(4,3,3,
3,3,3,3,3,3,3,3,3,3,3,3,3,3,3,3,3,3,3,3,3,3,3,3,3,3,3,3,3,3,3,3,3,3,3,3,
3,3,3,3,3,3,3,3,3,3,3,3,3,3,3,3,3,3,3,3,3,3,3,3,3,3,3,3,3,3,3,3,3,3,3,3,
3,3,3,3,3,3,3,3,3,3,3,3,3,4),(3.431652004247,3.44476631764146,3.56683320189851,
3.68965567075581,3.81152116048121,3.85000851356992,3.93765226309673,4.05793360920175,
4.17890717726081,4.29919347339488,4.34693458161246,4.430538208552,4.55147096924047,
4.6730981900084,4.79405283526089,4.84386071723516,4.92342415400727,5.04508415466455,
5.16742566880204,5.28910555868512,5.34078646167429,5.41631009946254,5.53892495218724,
5.66221030600753,5.784846603945,5.83771285100459,5.90919604491781,6.03274937498053,
6.15696431071384,6.28053962114721,6.3346389920259,6.40208199037308,6.52675407983715,
6.65207673212729,6.77676901239637,6.83156536500302,6.89496793582835,7.02086113740074,
7.14739563263791,7.27330688483211,7.32849175271564,7.38785388128362,7.51513350856317,
7.64304485938361,7.77033838323809,7.82541821322867,7.8807398267389,8.00957831218479,
8.13903942907819,8.26788598616387,8.32234472014259,8.37362577219417,8.50425380221906,
8.63549629242475,8.76612512554693,8.81927129939568,8.86651171764944,8.99915405678745,
9.13240271107795,9.26503458553248,9.31619782869745,9.35939766310471,9.49441772482802,
9.63003708128034,9.76503625427178,9.81312455892162,9.85228360855998,9.99006439065794,
10.1284402595426,10.2661806285169,10.3100510399612,10.3451695540152,10.4859873972475,
10.6273885534863,10.7681462691199,10.8069777379827,10.8380554994705,10.9835984676075,
11.1297410144498,11.2752152949356,11.3039049294362,11.3309414449258,11.4786076222095,
11.6267979538444,11.7742536755849,11.8008299516373,11.8238273903811,12.0258779441888,
12.1911401038001),.UNSPECIFIED.);
#127=B_SPLINE_CURVE_WITH_KNOTS('',3,(#2387,#2388,#2389,#2390,#2391,#2392,
#2393,#2394,#2395,#2396,#2397,#2398,#2399,#2400,#2401,#2402,#2403,#2404,
#2405,#2406,#2407,#2408,#2409,#2410,#2411,#2412,#2413,#2414,#2415,#2416,
#2417,#2418,#2419,#2420,#2421,#2422,#2423,#2424,#2425,#2426,#2427,#2428,
#2429,#2430,#2431,#2432,#2433,#2434,#2435,#2436,#2437,#2438,#2439,#2440,
#2441,#2442,#2443,#2444,#2445,#2446,#2447,#2448,#2449,#2450,#2451,#2452,
#2453,#2454,#2455,#2456,#2457,#2458,#2459,#2460,#2461,#2462,#2463,#2464,
#2465,#2466,#2467,#2468,#2469,#2470,#2471,#2472,#2473,#2474,#2475,#2476,
#2477,#2478,#2479,#2480,#2481,#2482,#2483,#2484,#2485,#2486,#2487,#2488,
#2489,#2490,#2491,#2492,#2493,#2494,#2495,#2496,#2497,#2498,#2499,#2500,
#2501,#2502,#2503,#2504,#2505,#2506,#2507,#2508,#2509,#2510,#2511,#2512,
#2513,#2514,#2515,#2516,#2517,#2518,#2519,#2520,#2521,#2522,#2523,#2524,
#2525,#2526,#2527,#2528,#2529,#2530,#2531,#2532,#2533,#2534,#2535,#2536,
#2537,#2538,#2539,#2540,#2541,#2542,#2543,#2544,#2545,#2546,#2547,#2548,
#2549,#2550,#2551,#2552,#2553,#2554,#2555,#2556,#2557,#2558,#2559,#2560,
#2561,#2562,#2563,#2564,#2565,#2566,#2567,#2568,#2569,#2570,#2571,#2572,
#2573,#2574,#2575,#2576,#2577,#2578,#2579,#2580,#2581,#2582,#2583,#2584,
#2585,#2586,#2587,#2588,#2589,#2590,#2591,#2592,#2593,#2594,#2595,#2596,
#2597,#2598,#2599,#2600,#2601,#2602,#2603,#2604,#2605,#2606,#2607,#2608,
#2609,#2610,#2611,#2612,#2613,#2614,#2615,#2616,#2617,#2618,#2619,#2620,
#2621,#2622,#2623,#2624,#2625,#2626,#2627,#2628,#2629,#2630,#2631,#2632,
#2633,#2634,#2635,#2636,#2637,#2638,#2639,#2640,#2641,#2642,#2643,#2644,
#2645,#2646,#2647,#2648),.UNSPECIFIED.,.F.,.F.,(4,3,3,3,3,3,3,3,3,3,3,3,
3,3,3,3,3,3,3,3,3,3,3,3,3,3,3,3,3,3,3,3,3,3,3,3,3,3,3,3,3,3,3,3,3,3,3,3,
3,3,3,3,3,3,3,3,3,3,3,3,3,3,3,3,3,3,3,3,3,3,3,3,3,3,3,3,3,3,3,3,3,3,3,3,
3,3,3,4),(3.43312823844568,3.53886571608446,3.64479708310453,3.75061296207734,
3.84309511158213,3.92392538116706,4.0453851958861,4.16735884551524,4.28832397867383,
4.33961099298118,4.41638681935184,4.53966375845899,4.66344945480998,4.7861757440636,
4.83612687438022,4.90885077305799,5.03269341428374,5.15703566877754,5.280359426735,
5.33264275577926,5.40131422740528,5.52624205252495,5.65166856817375,5.77608522555368,
5.8291586371783,5.89377729020778,6.01984165824091,6.14639699759964,6.27195624948043,
6.32567451857735,6.38624061524426,6.51353512565279,6.64131780467527,6.76811570333499,
6.82219039997639,6.87870367137871,7.00743946183548,7.1366593098716,7.26489997630762,
7.31870628137543,7.37116676775246,7.50149500096249,7.63230497809334,7.76213895082796,
7.81522216277447,7.86362978666387,7.99579120427675,8.12843325902339,8.26009639460611,
8.31173804417351,8.35609277566069,8.49034523496544,8.62507907415709,8.75882471405792,
8.80825392557255,8.84855572351401,8.98524488725905,9.1224180423161,9.25858704063866,
9.3047698069716,9.34101870567752,9.4805141006281,9.62050056314391,9.75945206737273,
9.80128568837064,9.83348153670986,9.97640611678005,10.1198297288754,10.2621831603793,
10.2978015697697,10.325944646339,10.4728345065823,10.6202418459691,10.7665078296321,
10.7943174511687,10.8184073573612,10.9703310936648,11.1305822131163,11.281733750965,
11.2908333325678,11.3108702042751,11.4705282357435,11.6308569654135,11.7873492139668,
11.8033336064797,11.9517801563986,12.101088822815,12.1633941780016),
 .UNSPECIFIED.);
#128=LINE('',#519,#142);
#129=LINE('',#536,#143);
#130=LINE('',#672,#144);
#131=LINE('',#772,#145);
#132=LINE('',#787,#146);
#133=LINE('',#947,#147);
#134=LINE('',#1377,#148);
#135=LINE('',#1731,#149);
#136=LINE('',#1779,#150);
#137=LINE('',#1784,#151);
#138=LINE('',#1790,#152);
#139=LINE('',#1793,#153);
#140=LINE('',#1795,#154);
#141=LINE('',#1796,#155);
#142=VECTOR('',#454,10.0828709611728);
#143=VECTOR('',#457,10.);
#144=VECTOR('',#460,10.);
#145=VECTOR('',#463,10.0828709611728);
#146=VECTOR('',#466,10.);
#147=VECTOR('',#469,10.);
#148=VECTOR('',#474,10.0828709611728);
#149=VECTOR('',#481,10.0828709611728);
#150=VECTOR('',#486,0.75);
#151=VECTOR('',#493,1.5);
#152=VECTOR('',#498,10.);
#153=VECTOR('',#501,10.);
#154=VECTOR('',#504,10.);
#155=VECTOR('',#505,10.);
#156=VERTEX_POINT('',#517);
#157=VERTEX_POINT('',#518);
#158=VERTEX_POINT('',#520);
#159=VERTEX_POINT('',#534);
#160=VERTEX_POINT('',#535);
#161=VERTEX_POINT('',#537);
#162=VERTEX_POINT('',#629);
#163=VERTEX_POINT('',#640);
#164=VERTEX_POINT('',#649);
#165=VERTEX_POINT('',#670);
#166=VERTEX_POINT('',#671);
#167=VERTEX_POINT('',#673);
#168=VERTEX_POINT('',#732);
#169=VERTEX_POINT('',#750);
#170=VERTEX_POINT('',#770);
#171=VERTEX_POINT('',#771);
#172=VERTEX_POINT('',#773);
#173=VERTEX_POINT('',#785);
#174=VERTEX_POINT('',#786);
#175=VERTEX_POINT('',#788);
#176=VERTEX_POINT('',#811);
#177=VERTEX_POINT('',#945);
#178=VERTEX_POINT('',#946);
#179=VERTEX_POINT('',#948);
#180=VERTEX_POINT('',#955);
#181=VERTEX_POINT('',#1029);
#182=VERTEX_POINT('',#1043);
#183=VERTEX_POINT('',#1050);
#184=VERTEX_POINT('',#1225);
#185=VERTEX_POINT('',#1295);
#186=VERTEX_POINT('',#1376);
#187=VERTEX_POINT('',#1379);
#188=VERTEX_POINT('',#1392);
#189=VERTEX_POINT('',#1428);
#190=VERTEX_POINT('',#1558);
#191=VERTEX_POINT('',#1730);
#192=VERTEX_POINT('',#1733);
#193=VERTEX_POINT('',#1777);
#194=VERTEX_POINT('',#1778);
#195=VERTEX_POINT('',#1782);
#196=VERTEX_POINT('',#1786);
#197=VERTEX_POINT('',#1787);
#198=VERTEX_POINT('',#1789);
#199=VERTEX_POINT('',#1791);
#200=EDGE_CURVE('',#156,#157,#128,.T.);
#201=EDGE_CURVE('',#158,#156,#87,.T.);
#202=EDGE_CURVE('',#157,#158,#88,.T.);
#203=EDGE_CURVE('',#159,#160,#129,.T.);
#204=EDGE_CURVE('',#160,#161,#89,.T.);
#205=EDGE_CURVE('',#161,#162,#90,.F.);
#206=EDGE_CURVE('',#162,#163,#91,.F.);
#207=EDGE_CURVE('',#163,#164,#92,.T.);
#208=EDGE_CURVE('',#164,#159,#93,.T.);
#209=EDGE_CURVE('',#165,#166,#130,.T.);
#210=EDGE_CURVE('',#165,#167,#94,.T.);
#211=EDGE_CURVE('',#167,#168,#95,.F.);
#212=EDGE_CURVE('',#168,#169,#96,.T.);
#213=EDGE_CURVE('',#169,#166,#97,.T.);
#214=EDGE_CURVE('',#170,#171,#131,.T.);
#215=EDGE_CURVE('',#172,#170,#98,.T.);
#216=EDGE_CURVE('',#171,#172,#99,.T.);
#217=EDGE_CURVE('',#173,#174,#132,.T.);
#218=EDGE_CURVE('',#174,#175,#100,.T.);
#219=EDGE_CURVE('',#175,#176,#101,.T.);
#220=EDGE_CURVE('',#176,#173,#102,.T.);
#221=EDGE_CURVE('',#177,#178,#133,.T.);
#222=EDGE_CURVE('',#177,#179,#103,.T.);
#223=EDGE_CURVE('',#179,#180,#104,.T.);
#224=EDGE_CURVE('',#180,#181,#105,.T.);
#225=EDGE_CURVE('',#181,#182,#106,.T.);
#226=EDGE_CURVE('',#182,#183,#107,.T.);
#227=EDGE_CURVE('',#183,#178,#108,.T.);
#228=EDGE_CURVE('',#178,#184,#109,.T.);
#229=EDGE_CURVE('',#184,#174,#110,.T.);
#230=EDGE_CURVE('',#173,#185,#111,.T.);
#231=EDGE_CURVE('',#185,#177,#112,.T.);
#232=EDGE_CURVE('',#163,#171,#113,.T.);
#233=EDGE_CURVE('',#162,#186,#134,.T.);
#234=EDGE_CURVE('',#186,#186,#33,.T.);
#235=EDGE_CURVE('',#187,#161,#114,.T.);
#236=EDGE_CURVE('',#188,#187,#115,.T.);
#237=EDGE_CURVE('',#176,#188,#116,.F.);
#238=EDGE_CURVE('',#170,#175,#117,.T.);
#239=EDGE_CURVE('',#166,#189,#118,.T.);
#240=EDGE_CURVE('',#189,#160,#119,.T.);
#241=EDGE_CURVE('',#159,#190,#120,.T.);
#242=EDGE_CURVE('',#190,#165,#121,.T.);
#243=EDGE_CURVE('',#182,#157,#122,.T.);
#244=EDGE_CURVE('',#181,#191,#135,.T.);
#245=EDGE_CURVE('',#191,#191,#34,.T.);
#246=EDGE_CURVE('',#192,#180,#123,.T.);
#247=EDGE_CURVE('',#168,#192,#124,.T.);
#248=EDGE_CURVE('',#156,#167,#125,.T.);
#249=EDGE_CURVE('',#193,#194,#136,.T.);
#250=EDGE_CURVE('',#194,#194,#29,.T.);
#251=EDGE_CURVE('',#195,#195,#30,.T.);
#252=EDGE_CURVE('',#195,#194,#137,.T.);
#253=EDGE_CURVE('',#196,#197,#31,.T.);
#254=EDGE_CURVE('',#196,#198,#138,.T.);
#255=EDGE_CURVE('',#198,#199,#32,.T.);
#256=EDGE_CURVE('',#197,#199,#139,.T.);
#257=EDGE_CURVE('',#197,#196,#140,.T.);
#258=EDGE_CURVE('',#199,#198,#141,.T.);
#259=EDGE_CURVE('',#172,#158,#126,.T.);
#260=EDGE_CURVE('',#192,#188,#127,.T.);
#261=ORIENTED_EDGE('',*,*,#200,.F.);
#262=ORIENTED_EDGE('',*,*,#201,.F.);
#263=ORIENTED_EDGE('',*,*,#202,.F.);
#264=ORIENTED_EDGE('',*,*,#203,.T.);
#265=ORIENTED_EDGE('',*,*,#204,.T.);
#266=ORIENTED_EDGE('',*,*,#205,.T.);
#267=ORIENTED_EDGE('',*,*,#206,.T.);
#268=ORIENTED_EDGE('',*,*,#207,.T.);
#269=ORIENTED_EDGE('',*,*,#208,.T.);
#270=ORIENTED_EDGE('',*,*,#209,.F.);
#271=ORIENTED_EDGE('',*,*,#210,.T.);
#272=ORIENTED_EDGE('',*,*,#211,.T.);
#273=ORIENTED_EDGE('',*,*,#212,.T.);
#274=ORIENTED_EDGE('',*,*,#213,.T.);
#275=ORIENTED_EDGE('',*,*,#214,.F.);
#276=ORIENTED_EDGE('',*,*,#215,.F.);
#277=ORIENTED_EDGE('',*,*,#216,.F.);
#278=ORIENTED_EDGE('',*,*,#217,.T.);
#279=ORIENTED_EDGE('',*,*,#218,.T.);
#280=ORIENTED_EDGE('',*,*,#219,.T.);
#281=ORIENTED_EDGE('',*,*,#220,.T.);
#282=ORIENTED_EDGE('',*,*,#221,.F.);
#283=ORIENTED_EDGE('',*,*,#222,.T.);
#284=ORIENTED_EDGE('',*,*,#223,.T.);
#285=ORIENTED_EDGE('',*,*,#224,.T.);
#286=ORIENTED_EDGE('',*,*,#225,.T.);
#287=ORIENTED_EDGE('',*,*,#226,.T.);
#288=ORIENTED_EDGE('',*,*,#227,.T.);
#289=ORIENTED_EDGE('',*,*,#221,.T.);
#290=ORIENTED_EDGE('',*,*,#228,.T.);
#291=ORIENTED_EDGE('',*,*,#229,.T.);
#292=ORIENTED_EDGE('',*,*,#217,.F.);
#293=ORIENTED_EDGE('',*,*,#230,.T.);
#294=ORIENTED_EDGE('',*,*,#231,.T.);
#295=ORIENTED_EDGE('',*,*,#214,.T.);
#296=ORIENTED_EDGE('',*,*,#232,.F.);
#297=ORIENTED_EDGE('',*,*,#206,.F.);
#298=ORIENTED_EDGE('',*,*,#233,.T.);
#299=ORIENTED_EDGE('',*,*,#234,.F.);
#300=ORIENTED_EDGE('',*,*,#233,.F.);
#301=ORIENTED_EDGE('',*,*,#205,.F.);
#302=ORIENTED_EDGE('',*,*,#235,.F.);
#303=ORIENTED_EDGE('',*,*,#236,.F.);
#304=ORIENTED_EDGE('',*,*,#237,.F.);
#305=ORIENTED_EDGE('',*,*,#219,.F.);
#306=ORIENTED_EDGE('',*,*,#238,.F.);
#307=ORIENTED_EDGE('',*,*,#209,.T.);
#308=ORIENTED_EDGE('',*,*,#239,.T.);
#309=ORIENTED_EDGE('',*,*,#240,.T.);
#310=ORIENTED_EDGE('',*,*,#203,.F.);
#311=ORIENTED_EDGE('',*,*,#241,.T.);
#312=ORIENTED_EDGE('',*,*,#242,.T.);
#313=ORIENTED_EDGE('',*,*,#200,.T.);
#314=ORIENTED_EDGE('',*,*,#243,.F.);
#315=ORIENTED_EDGE('',*,*,#225,.F.);
#316=ORIENTED_EDGE('',*,*,#244,.T.);
#317=ORIENTED_EDGE('',*,*,#245,.F.);
#318=ORIENTED_EDGE('',*,*,#244,.F.);
#319=ORIENTED_EDGE('',*,*,#224,.F.);
#320=ORIENTED_EDGE('',*,*,#246,.F.);
#321=ORIENTED_EDGE('',*,*,#247,.F.);
#322=ORIENTED_EDGE('',*,*,#211,.F.);
#323=ORIENTED_EDGE('',*,*,#248,.F.);
#324=ORIENTED_EDGE('',*,*,#249,.T.);
#325=ORIENTED_EDGE('',*,*,#250,.F.);
#326=ORIENTED_EDGE('',*,*,#249,.F.);
#327=ORIENTED_EDGE('',*,*,#251,.F.);
#328=ORIENTED_EDGE('',*,*,#252,.T.);
#329=ORIENTED_EDGE('',*,*,#250,.T.);
#330=ORIENTED_EDGE('',*,*,#252,.F.);
#331=ORIENTED_EDGE('',*,*,#253,.F.);
#332=ORIENTED_EDGE('',*,*,#254,.T.);
#333=ORIENTED_EDGE('',*,*,#255,.T.);
#334=ORIENTED_EDGE('',*,*,#256,.F.);
#335=ORIENTED_EDGE('',*,*,#257,.F.);
#336=ORIENTED_EDGE('',*,*,#256,.T.);
#337=ORIENTED_EDGE('',*,*,#258,.T.);
#338=ORIENTED_EDGE('',*,*,#254,.F.);
#339=ORIENTED_EDGE('',*,*,#258,.F.);
#340=ORIENTED_EDGE('',*,*,#255,.F.);
#341=ORIENTED_EDGE('',*,*,#202,.T.);
#342=ORIENTED_EDGE('',*,*,#259,.F.);
#343=ORIENTED_EDGE('',*,*,#215,.T.);
#344=ORIENTED_EDGE('',*,*,#238,.T.);
#345=ORIENTED_EDGE('',*,*,#218,.F.);
#346=ORIENTED_EDGE('',*,*,#229,.F.);
#347=ORIENTED_EDGE('',*,*,#228,.F.);
#348=ORIENTED_EDGE('',*,*,#227,.F.);
#349=ORIENTED_EDGE('',*,*,#226,.F.);
#350=ORIENTED_EDGE('',*,*,#243,.T.);
#351=ORIENTED_EDGE('',*,*,#248,.T.);
#352=ORIENTED_EDGE('',*,*,#210,.F.);
#353=ORIENTED_EDGE('',*,*,#242,.F.);
#354=ORIENTED_EDGE('',*,*,#241,.F.);
#355=ORIENTED_EDGE('',*,*,#208,.F.);
#356=ORIENTED_EDGE('',*,*,#207,.F.);
#357=ORIENTED_EDGE('',*,*,#232,.T.);
#358=ORIENTED_EDGE('',*,*,#216,.T.);
#359=ORIENTED_EDGE('',*,*,#259,.T.);
#360=ORIENTED_EDGE('',*,*,#201,.T.);
#361=ORIENTED_EDGE('',*,*,#247,.T.);
#362=ORIENTED_EDGE('',*,*,#260,.T.);
#363=ORIENTED_EDGE('',*,*,#236,.T.);
#364=ORIENTED_EDGE('',*,*,#235,.T.);
#365=ORIENTED_EDGE('',*,*,#204,.F.);
#366=ORIENTED_EDGE('',*,*,#240,.F.);
#367=ORIENTED_EDGE('',*,*,#239,.F.);
#368=ORIENTED_EDGE('',*,*,#213,.F.);
#369=ORIENTED_EDGE('',*,*,#212,.F.);
#370=ORIENTED_EDGE('',*,*,#234,.T.);
#371=ORIENTED_EDGE('',*,*,#251,.T.);
#372=ORIENTED_EDGE('',*,*,#246,.T.);
#373=ORIENTED_EDGE('',*,*,#223,.F.);
#374=ORIENTED_EDGE('',*,*,#222,.F.);
#375=ORIENTED_EDGE('',*,*,#231,.F.);
#376=ORIENTED_EDGE('',*,*,#230,.F.);
#377=ORIENTED_EDGE('',*,*,#220,.F.);
#378=ORIENTED_EDGE('',*,*,#237,.T.);
#379=ORIENTED_EDGE('',*,*,#260,.F.);
#380=ORIENTED_EDGE('',*,*,#245,.T.);
#381=ORIENTED_EDGE('',*,*,#253,.T.);
#382=ORIENTED_EDGE('',*,*,#257,.T.);
#383=CONICAL_SURFACE('',#424,10.0828709611728,0.477631486461853);
#384=CONICAL_SURFACE('',#427,10.0828709611728,0.477631486461852);
#385=CONICAL_SURFACE('',#431,10.0828709611728,0.477631486461852);
#386=CONICAL_SURFACE('',#434,10.0828709611728,0.477631486461853);
#387=CONICAL_SURFACE('',#436,0.75,1.02974425867665);
#388=ADVANCED_FACE('',(#43),#383,.T.);
#389=ADVANCED_FACE('',(#44),#35,.T.);
#390=ADVANCED_FACE('',(#45),#36,.T.);
#391=ADVANCED_FACE('',(#46),#384,.T.);
#392=ADVANCED_FACE('',(#47),#37,.T.);
#393=ADVANCED_FACE('',(#48),#38,.T.);
#394=ADVANCED_FACE('',(#49),#39,.T.);
#395=ADVANCED_FACE('',(#50),#385,.T.);
#396=ADVANCED_FACE('',(#51),#40,.T.);
#397=ADVANCED_FACE('',(#52),#386,.T.);
#398=ADVANCED_FACE('',(#53),#387,.F.);
#399=ADVANCED_FACE('',(#54),#41,.F.);
#400=ADVANCED_FACE('',(#55),#42,.F.);
#401=ADVANCED_FACE('',(#56),#25,.F.);
#402=ADVANCED_FACE('',(#57),#26,.T.);
#403=ADVANCED_FACE('',(#58),#21,.T.);
#404=ADVANCED_FACE('',(#59),#22,.T.);
#405=ADVANCED_FACE('',(#60),#23,.T.);
#406=ADVANCED_FACE('',(#61,#19),#27,.F.);
#407=ADVANCED_FACE('',(#62),#24,.T.);
#408=ADVANCED_FACE('',(#63,#20),#28,.T.);
#409=CLOSED_SHELL('',(#388,#389,#390,#391,#392,#393,#394,#395,#396,#397,
#398,#399,#400,#401,#402,#403,#404,#405,#406,#407,#408));
#410=DERIVED_UNIT_ELEMENT(#412,1.);
#411=DERIVED_UNIT_ELEMENT(#2767,-3.);
#412=(
MASS_UNIT()
NAMED_UNIT(*)
SI_UNIT(.KILO.,.GRAM.)
);
#413=DERIVED_UNIT((#410,#411));
#414=MEASURE_REPRESENTATION_ITEM('density measure',
POSITIVE_RATIO_MEASURE(7850.),#413);
#415=PROPERTY_DEFINITION_REPRESENTATION(#420,#417);
#416=PROPERTY_DEFINITION_REPRESENTATION(#421,#418);
#417=REPRESENTATION('material name',(#419),#2764);
#418=REPRESENTATION('density',(#414),#2764);
#419=DESCRIPTIVE_REPRESENTATION_ITEM('Steel','Steel');
#420=PROPERTY_DEFINITION('material property','material name',#2779);
#421=PROPERTY_DEFINITION('material property','density of part',#2779);
#422=AXIS2_PLACEMENT_3D('',#514,#448,#449);
#423=AXIS2_PLACEMENT_3D('',#515,#450,#451);
#424=AXIS2_PLACEMENT_3D('',#516,#452,#453);
#425=AXIS2_PLACEMENT_3D('',#533,#455,#456);
#426=AXIS2_PLACEMENT_3D('',#669,#458,#459);
#427=AXIS2_PLACEMENT_3D('',#769,#461,#462);
#428=AXIS2_PLACEMENT_3D('',#784,#464,#465);
#429=AXIS2_PLACEMENT_3D('',#944,#467,#468);
#430=AXIS2_PLACEMENT_3D('',#1224,#470,#471);
#431=AXIS2_PLACEMENT_3D('',#1363,#472,#473);
#432=AXIS2_PLACEMENT_3D('',#1378,#475,#476);
#433=AXIS2_PLACEMENT_3D('',#1427,#477,#478);
#434=AXIS2_PLACEMENT_3D('',#1723,#479,#480);
#435=AXIS2_PLACEMENT_3D('',#1732,#482,#483);
#436=AXIS2_PLACEMENT_3D('',#1776,#484,#485);
#437=AXIS2_PLACEMENT_3D('',#1780,#487,#488);
#438=AXIS2_PLACEMENT_3D('',#1781,#489,#490);
#439=AXIS2_PLACEMENT_3D('',#1783,#491,#492);
#440=AXIS2_PLACEMENT_3D('',#1785,#494,#495);
#441=AXIS2_PLACEMENT_3D('',#1788,#496,#497);
#442=AXIS2_PLACEMENT_3D('',#1792,#499,#500);
#443=AXIS2_PLACEMENT_3D('',#1794,#502,#503);
#444=AXIS2_PLACEMENT_3D('',#1797,#506,#507);
#445=AXIS2_PLACEMENT_3D('',#2649,#508,#509);
#446=AXIS2_PLACEMENT_3D('',#2758,#510,#511);
#447=AXIS2_PLACEMENT_3D('',#2759,#512,#513);
#448=DIRECTION('axis',(0.,0.,1.));
#449=DIRECTION('refdir',(1.,0.,0.));
#450=DIRECTION('axis',(0.,0.,1.));
#451=DIRECTION('refdir',(1.,0.,0.));
#452=DIRECTION('center_axis',(-0.999998150357468,1.22311926218953E-16,-0.00192335166890067));
#453=DIRECTION('ref_axis',(0.00192335166890067,7.56733827884275E-19,-0.999998150357468));
#454=DIRECTION('',(0.888968641956629,-1.64569875675045E-16,-0.457968070522157));
#455=DIRECTION('center_axis',(1.,0.,0.));
#456=DIRECTION('ref_axis',(0.,-0.383900654636831,-0.923374402595942));
#457=DIRECTION('',(-1.,0.,0.));
#458=DIRECTION('center_axis',(1.,0.,0.));
#459=DIRECTION('ref_axis',(0.,-0.383900654636831,-0.923374402595942));
#460=DIRECTION('',(-1.,0.,0.));
#461=DIRECTION('center_axis',(0.999998150357468,0.,-0.00192335166890064));
#462=DIRECTION('ref_axis',(0.00188552935118339,0.197339522906265,0.980333390984003));
#463=DIRECTION('',(-0.887217786869247,0.0907124443636231,0.452344836491379));
#464=DIRECTION('center_axis',(1.,0.,0.));
#465=DIRECTION('ref_axis',(0.,-0.933031496668778,0.359794700105519));
#466=DIRECTION('',(-1.,0.,0.));
#467=DIRECTION('center_axis',(1.,0.,0.));
#468=DIRECTION('ref_axis',(0.,-0.933031496668778,0.359794700105519));
#469=DIRECTION('',(-1.,0.,0.));
#470=DIRECTION('center_axis',(1.,0.,0.));
#471=DIRECTION('ref_axis',(0.,-0.933031496668778,0.359794700105519));
#472=DIRECTION('center_axis',(0.999998150357468,0.,-0.00192335166890064));
#473=DIRECTION('ref_axis',(0.00188552935118339,0.197339522906265,0.980333390984003));
#474=DIRECTION('',(-0.887217786869246,0.0907124443636231,0.452344836491379));
#475=DIRECTION('center_axis',(-1.,0.,0.));
#476=DIRECTION('ref_axis',(0.,-1.30186245269702E-10,1.));
#477=DIRECTION('center_axis',(1.,0.,0.));
#478=DIRECTION('ref_axis',(0.,-0.383900654636831,-0.923374402595942));
#479=DIRECTION('center_axis',(-0.999998150357468,1.22311926218953E-16,-0.00192335166890067));
#480=DIRECTION('ref_axis',(0.00192335166890067,7.56733827884275E-19,-0.999998150357468));
#481=DIRECTION('',(0.888968641956628,-1.64569875675045E-16,-0.457968070522157));
#482=DIRECTION('center_axis',(1.,0.,0.));
#483=DIRECTION('ref_axis',(0.,-2.72207770363878E-10,-1.));
#484=DIRECTION('center_axis',(-1.,0.,0.));
#485=DIRECTION('ref_axis',(0.,-1.,0.));
#486=DIRECTION('',(-0.515038074910058,0.85716730070211,-1.04972719113862E-16));
#487=DIRECTION('center_axis',(1.,0.,0.));
#488=DIRECTION('ref_axis',(0.,-1.,0.));
#489=DIRECTION('center_axis',(1.,0.,0.));
#490=DIRECTION('ref_axis',(0.,-1.,0.));
#491=DIRECTION('center_axis',(1.,0.,0.));
#492=DIRECTION('ref_axis',(0.,-1.,0.));
#493=DIRECTION('',(1.,0.,0.));
#494=DIRECTION('center_axis',(-1.,0.,0.));
#495=DIRECTION('ref_axis',(0.,-0.341465075002413,0.939894463518962));
#496=DIRECTION('center_axis',(-1.,0.,0.));
#497=DIRECTION('ref_axis',(0.,0.928199354036305,-0.372083269130158));
#498=DIRECTION('',(-1.,0.,0.));
#499=DIRECTION('center_axis',(-1.,8.08778904679311E-31,-4.93038065763132E-31));
#500=DIRECTION('ref_axis',(9.34159272196283E-31,0.928199354036305,-0.372083269130158));
#501=DIRECTION('',(-1.,0.,0.));
#502=DIRECTION('center_axis',(0.,0.341465075002414,-0.939894463518961));
#503=DIRECTION('ref_axis',(1.15320612263241E-15,-0.939894463518961,-0.341465075002414));
#504=DIRECTION('',(0.,-0.939894463518961,-0.341465075002414));
#505=DIRECTION('',(1.15320612263241E-15,-0.939894463518961,-0.341465075002414));
#506=DIRECTION('center_axis',(1.,-8.08778904679311E-31,4.93038065763132E-31));
#507=DIRECTION('ref_axis',(-4.9303827022737E-31,-2.52806115965179E-7,0.999999999999968));
#508=DIRECTION('center_axis',(1.,0.,0.));
#509=DIRECTION('ref_axis',(0.,1.22464679914735E-16,1.));
#510=DIRECTION('center_axis',(1.,0.,0.));
#511=DIRECTION('ref_axis',(0.,1.22464679914735E-16,1.));
#512=DIRECTION('',(-1.35358744914524E-16,-1.98174810424986E-14,-1.));
#513=DIRECTION('',(1.,-1.05471203221159E-15,-1.35358744914503E-16));
#514=CARTESIAN_POINT('',(0.,0.,0.));
#515=CARTESIAN_POINT('',(0.,0.,0.));
#516=CARTESIAN_POINT('Origin',(70.0273052483332,-16.3419528584586,23.9094722590792));
#517=CARTESIAN_POINT('',(60.2089426677925,-16.3418709043514,39.0404387813727));
#518=CARTESIAN_POINT('',(62.064028504481,-16.3412384746603,38.0847581678604));
#519=CARTESIAN_POINT('',(70.0079123416427,-16.3419528584586,33.992324570545));
#520=CARTESIAN_POINT('',(58.0494265365959,-22.2231737500705,39.053529588759));
#521=CARTESIAN_POINT('Ctrl Pts',(58.0496320350649,-22.2228581454748,39.0537207893326));
#522=CARTESIAN_POINT('Ctrl Pts',(58.3972337779427,-21.2486832883047,39.2389444987605));
#523=CARTESIAN_POINT('Ctrl Pts',(58.7497113638793,-20.262683937019,39.3322805601332));
#524=CARTESIAN_POINT('Ctrl Pts',(59.4704664974131,-18.2883957910028,39.3289706232452));
#525=CARTESIAN_POINT('Ctrl Pts',(59.8363118034734,-17.3052740091921,39.2324062255454));
#526=CARTESIAN_POINT('Ctrl Pts',(60.2089109690348,-16.3419528585065,39.0404551117753));
#527=CARTESIAN_POINT('Ctrl Pts',(62.0634831539963,-16.3419528584751,38.0850391329602));
#528=CARTESIAN_POINT('Ctrl Pts',(61.3665944271802,-17.2548630531022,38.4440538051607));
#529=CARTESIAN_POINT('Ctrl Pts',(60.687854595187,-18.2136216893085,38.7056311467095));
#530=CARTESIAN_POINT('Ctrl Pts',(59.3509624766515,-20.1896924167615,39.0299433733532));
#531=CARTESIAN_POINT('Ctrl Pts',(58.6951166688993,-21.2026020368552,39.0921530738386));
#532=CARTESIAN_POINT('Ctrl Pts',(58.0499221427969,-22.2225300547959,39.0536875395953));
#533=CARTESIAN_POINT('Origin',(-9.79197488703214,-16.3419528584586,24.1215520810498));
#534=CARTESIAN_POINT('',(13.2525455153385,-12.5030601482066,33.3549366334159));
#535=CARTESIAN_POINT('',(-3.11995073168001,-12.5029463120903,33.3552961070092));
#536=CARTESIAN_POINT('',(-9.79197488703214,-12.5029463120903,33.3552961070092));
#537=CARTESIAN_POINT('',(-18.8444439687813,-26.2539539076455,22.7978318685736));
#538=CARTESIAN_POINT('Ctrl Pts',(-3.11995073168001,-12.5029463120903,33.3552961070092));
#539=CARTESIAN_POINT('Ctrl Pts',(-3.30383110554813,-12.7294440856338,33.4494644565895));
#540=CARTESIAN_POINT('Ctrl Pts',(-3.48771147941625,-12.9593889348667,33.5352869551755));
#541=CARTESIAN_POINT('Ctrl Pts',(-3.67159185328438,-13.192146370338,33.6125330149361));
#542=CARTESIAN_POINT('Ctrl Pts',(-3.7663989527364,-13.3121540517926,33.6523604022529));
#543=CARTESIAN_POINT('Ctrl Pts',(-3.86120605218842,-13.4329091237272,33.6899086754281));
#544=CARTESIAN_POINT('Ctrl Pts',(-3.95601315164044,-13.5543229588524,33.7251513825003));
#545=CARTESIAN_POINT('Ctrl Pts',(-4.13982589025579,-13.7897210426366,33.7934802158959));
#546=CARTESIAN_POINT('Ctrl Pts',(-4.32363862887114,-14.0276695118355,33.8531606732832));
#547=CARTESIAN_POINT('Ctrl Pts',(-4.50745136748649,-14.2675160391328,33.9040217018882));
#548=CARTESIAN_POINT('Ctrl Pts',(-4.69123176857549,-14.507320371077,33.9548737826919));
#549=CARTESIAN_POINT('Ctrl Pts',(-4.87501216966448,-14.7490218203788,33.9969094738139));
#550=CARTESIAN_POINT('Ctrl Pts',(-5.05879257075347,-14.9919567398645,34.0300085945427));
#551=CARTESIAN_POINT('Ctrl Pts',(-5.24255265808652,-15.2348648070816,34.0631040567342));
#552=CARTESIAN_POINT('Ctrl Pts',(-5.42631274541957,-15.4790057945254,34.0872648829441));
#553=CARTESIAN_POINT('Ctrl Pts',(-5.61007283275262,-15.7237087405677,34.1024224945304));
#554=CARTESIAN_POINT('Ctrl Pts',(-5.79384762080878,-15.9684312627339,34.1175813187188));
#555=CARTESIAN_POINT('Ctrl Pts',(-5.97762240886494,-16.2137155536322,34.1237354685817));
#556=CARTESIAN_POINT('Ctrl Pts',(-6.1613971969211,-16.4588871342671,34.1208683764343));
#557=CARTESIAN_POINT('Ctrl Pts',(-6.34516954910695,-16.7040554652388,34.1180013222891));
#558=CARTESIAN_POINT('Ctrl Pts',(-6.52894190129279,-16.9491108085443,34.106113270651));
#559=CARTESIAN_POINT('Ctrl Pts',(-6.71271425347864,-17.1933795594181,34.085239780536));
#560=CARTESIAN_POINT('Ctrl Pts',(-6.89652871382212,-17.4377042801205,34.064361507633));
#561=CARTESIAN_POINT('Ctrl Pts',(-7.08034317416561,-17.6812417686356,34.0344937050279));
#562=CARTESIAN_POINT('Ctrl Pts',(-7.26415763450909,-17.9233230049679,33.9957238670645));
#563=CARTESIAN_POINT('Ctrl Pts',(-7.40214537498121,-18.1050510515524,33.966619724066));
#564=CARTESIAN_POINT('Ctrl Pts',(-7.54013311545333,-18.2859585257944,33.9325000357266));
#565=CARTESIAN_POINT('Ctrl Pts',(-7.67812085592544,-18.4657657012343,33.8934208382968));
#566=CARTESIAN_POINT('Ctrl Pts',(-7.86216937543231,-18.7055931259258,33.841296871299));
#567=CARTESIAN_POINT('Ctrl Pts',(-8.04621789493917,-18.9435361725756,33.7803319624408));
#568=CARTESIAN_POINT('Ctrl Pts',(-8.23026641444604,-19.1789382847357,33.7106872709974));
#569=CARTESIAN_POINT('Ctrl Pts',(-8.41428352907516,-19.4143002293651,33.6410544632846));
#570=CARTESIAN_POINT('Ctrl Pts',(-8.59830064370428,-19.6471218376707,33.5627449087183));
#571=CARTESIAN_POINT('Ctrl Pts',(-8.7823177583334,-19.876760868579,33.4759698786248));
#572=CARTESIAN_POINT('Ctrl Pts',(-8.9663147969017,-20.1063748461266,33.3892043155899));
#573=CARTESIAN_POINT('Ctrl Pts',(-9.15031183547,-20.3328066787229,33.2939752197117));
#574=CARTESIAN_POINT('Ctrl Pts',(-9.3343088740383,-20.5554322957426,33.1905427101984));
#575=CARTESIAN_POINT('Ctrl Pts',(-9.51831926046828,-20.7780740628915,33.0871026972881));
#576=CARTESIAN_POINT('Ctrl Pts',(-9.70232964689825,-20.9969088084362,32.9754581963556));
#577=CARTESIAN_POINT('Ctrl Pts',(-9.88634003332822,-21.2113341603667,32.8559167251798));
#578=CARTESIAN_POINT('Ctrl Pts',(-10.0703468558123,-21.4257553592689,32.7363775693044));
#579=CARTESIAN_POINT('Ctrl Pts',(-10.2543536782964,-21.6357670925821,32.6089418865145));
#580=CARTESIAN_POINT('Ctrl Pts',(-10.4383605007805,-21.8407925815488,32.4739626133312));
#581=CARTESIAN_POINT('Ctrl Pts',(-10.6224060115382,-22.0458611780596,32.3389549601401));
#582=CARTESIAN_POINT('Ctrl Pts',(-10.8064515222958,-22.2459412016432,32.196400699774));
#583=CARTESIAN_POINT('Ctrl Pts',(-10.9904970330535,-22.4404846404641,32.0466962503295));
#584=CARTESIAN_POINT('Ctrl Pts',(-11.1270742087725,-22.584852157604,31.9356030168487));
#585=CARTESIAN_POINT('Ctrl Pts',(-11.2636513844915,-22.7261713281609,31.8205731666221));
#586=CARTESIAN_POINT('Ctrl Pts',(-11.4002285602105,-22.8642296796379,31.7017832825309));
#587=CARTESIAN_POINT('Ctrl Pts',(-11.5836997398527,-23.049690599236,31.5422066911345));
#588=CARTESIAN_POINT('Ctrl Pts',(-11.767170919495,-23.2293231229655,31.3757939377789));
#589=CARTESIAN_POINT('Ctrl Pts',(-11.9506420991372,-23.402629188853,31.2029961256927));
#590=CARTESIAN_POINT('Ctrl Pts',(-12.1340806372644,-23.5759044217096,31.0302290562135));
#591=CARTESIAN_POINT('Ctrl Pts',(-12.3175191753916,-23.7428552434517,30.8510793948606));
#592=CARTESIAN_POINT('Ctrl Pts',(-12.5009577135188,-23.9030200003583,30.6660355347445));
#593=CARTESIAN_POINT('Ctrl Pts',(-12.6843766051657,-24.0631676034337,30.4810114930406));
#594=CARTESIAN_POINT('Ctrl Pts',(-12.8677954968127,-24.2165304079631,30.2900947264892));
#595=CARTESIAN_POINT('Ctrl Pts',(-13.0512143884597,-24.3626859834769,30.0938079477415));
#596=CARTESIAN_POINT('Ctrl Pts',(-13.2346514332954,-24.5088560241842,29.8975017422549));
#597=CARTESIAN_POINT('Ctrl Pts',(-13.4180884781311,-24.6478172391879,29.6958246872444));
#598=CARTESIAN_POINT('Ctrl Pts',(-13.6015255229668,-24.7791888399713,29.4893308574402));
#599=CARTESIAN_POINT('Ctrl Pts',(-13.784962563752,-24.9105604378539,29.2828370321955));
#600=CARTESIAN_POINT('Ctrl Pts',(-13.9683996045372,-25.0343422724635,29.071526672202));
#601=CARTESIAN_POINT('Ctrl Pts',(-14.1518366453224,-25.1501977163059,28.8559815634907));
#602=CARTESIAN_POINT('Ctrl Pts',(-14.3353219906561,-25.2660836684082,28.6403796952007));
#603=CARTESIAN_POINT('Ctrl Pts',(-14.5188073359897,-25.3740389242226,28.4205410983909));
#604=CARTESIAN_POINT('Ctrl Pts',(-14.7022926813234,-25.473772877734,28.1970720645073));
#605=CARTESIAN_POINT('Ctrl Pts',(-14.8423072090477,-25.5498781512837,28.0265466681421));
#606=CARTESIAN_POINT('Ctrl Pts',(-14.982321736772,-25.6211971261832,27.8539078037672));
#607=CARTESIAN_POINT('Ctrl Pts',(-15.1223362644962,-25.6876194554439,27.6794328910254));
#608=CARTESIAN_POINT('Ctrl Pts',(-15.3072296730379,-25.7753321454048,27.4490335042892));
#609=CARTESIAN_POINT('Ctrl Pts',(-15.4921230815795,-25.8545326340486,27.215357636045));
#610=CARTESIAN_POINT('Ctrl Pts',(-15.6770164901211,-25.9249957508523,26.979049049122));
#611=CARTESIAN_POINT('Ctrl Pts',(-15.8618761355493,-25.9954460004899,26.7427836141626));
#612=CARTESIAN_POINT('Ctrl Pts',(-16.0467357809775,-26.0571619856021,26.5038866824574));
#613=CARTESIAN_POINT('Ctrl Pts',(-16.2315954264057,-26.1099683386607,26.2630173687749));
#614=CARTESIAN_POINT('Ctrl Pts',(-16.4164299779613,-26.1627675234924,26.0221807520276));
#615=CARTESIAN_POINT('Ctrl Pts',(-16.6012645295169,-26.2066594326511,25.7793725550944));
#616=CARTESIAN_POINT('Ctrl Pts',(-16.7860990810726,-26.2415195348603,25.5352633738802));
#617=CARTESIAN_POINT('Ctrl Pts',(-16.9709328447583,-26.276379488476,25.2911552331981));
#618=CARTESIAN_POINT('Ctrl Pts',(-17.1557666084439,-26.3022076705491,25.0457463897673));
#619=CARTESIAN_POINT('Ctrl Pts',(-17.3406003721296,-26.3189311007093,24.7997151541046));
#620=CARTESIAN_POINT('Ctrl Pts',(-17.5254211520251,-26.3356533561193,24.5537012010957));
#621=CARTESIAN_POINT('Ctrl Pts',(-17.7102419319206,-26.3432721198499,24.3070652162581));
#622=CARTESIAN_POINT('Ctrl Pts',(-17.8950627118161,-26.3417664218008,24.060489012044));
#623=CARTESIAN_POINT('Ctrl Pts',(-18.0799013612349,-26.3402605781724,23.8138889674413));
#624=CARTESIAN_POINT('Ctrl Pts',(-18.2647400106537,-26.3296285102437,23.5673489886918));
#625=CARTESIAN_POINT('Ctrl Pts',(-18.4495786600724,-26.3099013775129,23.3215506301238));
#626=CARTESIAN_POINT('Ctrl Pts',(-18.5812004296421,-26.2958538818904,23.1465200560866));
#627=CARTESIAN_POINT('Ctrl Pts',(-18.7128221992117,-26.2771956206472,22.9718655363277));
#628=CARTESIAN_POINT('Ctrl Pts',(-18.8444439687813,-26.2539539076455,22.7978318685736));
#629=CARTESIAN_POINT('',(-19.2106706210194,-18.2745140167139,14.3100686371662));
#630=CARTESIAN_POINT('Ctrl Pts',(-19.2106706210194,-18.2745140167139,14.3100686371662));
#631=CARTESIAN_POINT('Ctrl Pts',(-19.2003290056184,-19.4844983564006,14.5483984218873));
#632=CARTESIAN_POINT('Ctrl Pts',(-19.1789787859476,-20.7296391581908,15.0404422612328));
#633=CARTESIAN_POINT('Ctrl Pts',(-19.1167149345456,-22.9219834209963,16.4781533332262));
#634=CARTESIAN_POINT('Ctrl Pts',(-19.0758113658042,-23.8691925610854,17.4238123417079));
#635=CARTESIAN_POINT('Ctrl Pts',(-18.9876404980493,-25.280619831031,19.467012208464));
#636=CARTESIAN_POINT('Ctrl Pts',(-18.9342565025961,-25.8341197304009,20.7063874016872));
#637=CARTESIAN_POINT('Ctrl Pts',(-18.8672176724067,-26.1721887467932,22.2671993440762));
#638=CARTESIAN_POINT('Ctrl Pts',(-18.8558466108904,-26.2184632631446,22.5320783489));
#639=CARTESIAN_POINT('Ctrl Pts',(-18.8444439687812,-26.2539539076455,22.7978318685736));
#640=CARTESIAN_POINT('',(-19.0929126732673,-9.29259622902169,17.0288395455656));
#641=CARTESIAN_POINT('Ctrl Pts',(-19.092912673267,-9.29259622901691,17.0288395455704));
#642=CARTESIAN_POINT('Ctrl Pts',(-19.1144295085298,-9.79333783763855,16.5311588400975));
#643=CARTESIAN_POINT('Ctrl Pts',(-19.1333349197055,-10.3406459823866,16.0943733630939));
#644=CARTESIAN_POINT('Ctrl Pts',(-19.1780891429776,-11.9355708835072,15.0610123183464));
#645=CARTESIAN_POINT('Ctrl Pts',(-19.2003000729228,-13.1677848102598,14.5490625369289));
#646=CARTESIAN_POINT('Ctrl Pts',(-19.2217457273983,-15.7343656833149,14.054837786147));
#647=CARTESIAN_POINT('Ctrl Pts',(-19.2209763072446,-17.0687334438761,14.0725668655153));
#648=CARTESIAN_POINT('Ctrl Pts',(-19.2106706210194,-18.2745140167139,14.3100686371662));
#649=CARTESIAN_POINT('',(-13.2324734191118,-16.3420486767299,14.1223534759363));
#650=CARTESIAN_POINT('Ctrl Pts',(-19.0929126732672,-9.29259622902171,17.0288395455656));
#651=CARTESIAN_POINT('Ctrl Pts',(-18.6039384270893,-9.75557369064621,16.568692144687));
#652=CARTESIAN_POINT('Ctrl Pts',(-18.1155117702606,-10.2625100749753,16.1549671382516));
#653=CARTESIAN_POINT('Ctrl Pts',(-17.1379510373443,-11.3492626354413,15.4325712567333));
#654=CARTESIAN_POINT('Ctrl Pts',(-16.6509957421962,-11.9264843455688,15.1254861552056));
#655=CARTESIAN_POINT('Ctrl Pts',(-15.1836278553288,-13.7387006468933,14.3781593026483));
#656=CARTESIAN_POINT('Ctrl Pts',(-14.2112693640351,-15.0339556422323,14.1215686015152));
#657=CARTESIAN_POINT('Ctrl Pts',(-13.2321769905159,-16.3418265488391,14.1215520818475));
#658=CARTESIAN_POINT('Ctrl Pts',(-13.2324778502065,-16.3420519971576,14.1223654553914));
#659=CARTESIAN_POINT('Ctrl Pts',(-12.704319124946,-17.0472774805191,14.1220725660057));
#660=CARTESIAN_POINT('Ctrl Pts',(-10.9353418998787,-19.4091760068456,14.3684025224309));
#661=CARTESIAN_POINT('Ctrl Pts',(-7.92554617500423,-23.1223118431563,16.2081214229353));
#662=CARTESIAN_POINT('Ctrl Pts',(-4.20309067558322,-26.0748955898565,20.3976147561912));
#663=CARTESIAN_POINT('Ctrl Pts',(-0.480635176162215,-26.6729571351405,25.4879409951471));
#664=CARTESIAN_POINT('Ctrl Pts',(3.24182032325879,-24.7720837272787,30.2477311313583));
#665=CARTESIAN_POINT('Ctrl Pts',(6.9642758226798,-20.8319663142151,33.5256363535746));
#666=CARTESIAN_POINT('Ctrl Pts',(10.3011842200397,-16.3263369118877,34.4248438800719));
#667=CARTESIAN_POINT('Ctrl Pts',(12.3972741175926,-13.5577954759463,33.7923595914786));
#668=CARTESIAN_POINT('Ctrl Pts',(13.2525455153385,-12.5030601482066,33.3549366334159));
#669=CARTESIAN_POINT('Origin',(-9.79197488703214,-16.3419528584586,24.1215520810498));
#670=CARTESIAN_POINT('',(60.3200108778955,-12.5029463120903,33.3552961070092));
#671=CARTESIAN_POINT('',(43.981402086755,-12.5027187415393,33.355802567081));
#672=CARTESIAN_POINT('',(-9.79197488703214,-12.5029463120903,33.3552961070092));
#673=CARTESIAN_POINT('',(70.246019312837,-6.45171302705804,22.6440013789155));
#674=CARTESIAN_POINT('Ctrl Pts',(60.3200108778955,-12.5029463120903,33.3552961070092));
#675=CARTESIAN_POINT('Ctrl Pts',(60.5038618792597,-12.276302347557,33.2610669772985));
#676=CARTESIAN_POINT('Ctrl Pts',(60.687712880624,-12.0531179363845,33.1584845615808));
#677=CARTESIAN_POINT('Ctrl Pts',(60.8715638819882,-11.8340080062922,33.0478297604538));
#678=CARTESIAN_POINT('Ctrl Pts',(61.0554295743274,-11.614880567791,32.9371661172379));
#679=CARTESIAN_POINT('Ctrl Pts',(61.2392952666666,-11.3998285111477,32.8184289231942));
#680=CARTESIAN_POINT('Ctrl Pts',(61.4231609590058,-11.1894434636422,32.6919457089019));
#681=CARTESIAN_POINT('Ctrl Pts',(61.607025966911,-10.9790591992882,32.5654629654393));
#682=CARTESIAN_POINT('Ctrl Pts',(61.7908909748161,-10.7733421472043,32.4312344052163));
#683=CARTESIAN_POINT('Ctrl Pts',(61.9747559827213,-10.5728568239162,32.2896320845896));
#684=CARTESIAN_POINT('Ctrl Pts',(62.1586569450487,-10.3723322961375,32.1480020739218));
#685=CARTESIAN_POINT('Ctrl Pts',(62.3425579073762,-10.1770417693465,31.9989955826118));
#686=CARTESIAN_POINT('Ctrl Pts',(62.5264588697036,-9.98751949473255,31.8430271102113));
#687=CARTESIAN_POINT('Ctrl Pts',(62.6180086844675,-9.89317127102052,31.7653826836866));
#688=CARTESIAN_POINT('Ctrl Pts',(62.7095584992313,-9.80025207381711,31.6860135375995));
#689=CARTESIAN_POINT('Ctrl Pts',(62.8011083139951,-9.70882472996496,31.6049745087219));
#690=CARTESIAN_POINT('Ctrl Pts',(62.9844459673372,-9.52573233686298,31.4426857545408));
#691=CARTESIAN_POINT('Ctrl Pts',(63.1677836206793,-9.34856826124392,31.2736473019602));
#692=CARTESIAN_POINT('Ctrl Pts',(63.3511212740213,-9.17782388412413,31.0983175235096));
#693=CARTESIAN_POINT('Ctrl Pts',(63.5344262310605,-9.00710995743155,30.9230190132433));
#694=CARTESIAN_POINT('Ctrl Pts',(63.7177311880998,-8.84281364095432,30.7414316189751));
#695=CARTESIAN_POINT('Ctrl Pts',(63.901036145139,-8.6853893637493,30.5540504643753));
#696=CARTESIAN_POINT('Ctrl Pts',(64.08432139103,-8.52798201469122,30.3666894592453));
#697=CARTESIAN_POINT('Ctrl Pts',(64.2676066369211,-8.37744541116025,30.1735361538988));
#698=CARTESIAN_POINT('Ctrl Pts',(64.4508918828122,-8.2341942591723,29.9751194118062));
#699=CARTESIAN_POINT('Ctrl Pts',(64.6341952195567,-8.09092896782695,29.7766830853321));
#700=CARTESIAN_POINT('Ctrl Pts',(64.8174985563012,-7.95495073296708,29.5729825111679));
#701=CARTESIAN_POINT('Ctrl Pts',(65.0008018930458,-7.82663216272927,29.3645773002228));
#702=CARTESIAN_POINT('Ctrl Pts',(65.184105147874,-7.69831364983563,29.1561721824116));
#703=CARTESIAN_POINT('Ctrl Pts',(65.3674084027023,-7.57765494057443,28.9430626740198));
#704=CARTESIAN_POINT('Ctrl Pts',(65.5507116575306,-7.46498407980595,28.7258354457903));
#705=CARTESIAN_POINT('Ctrl Pts',(65.7340632455225,-7.3522835101316,28.5085509393681));
#706=CARTESIAN_POINT('Ctrl Pts',(65.9174148335144,-7.247575128725,28.2871467939617));
#707=CARTESIAN_POINT('Ctrl Pts',(66.1007664215062,-7.15114060460869,28.0622335087324));
#708=CARTESIAN_POINT('Ctrl Pts',(66.2416988854761,-7.0770165937707,27.889354812594));
#709=CARTESIAN_POINT('Ctrl Pts',(66.3826313494459,-7.00777998640643,27.7144033636244));
#710=CARTESIAN_POINT('Ctrl Pts',(66.5235638134158,-6.94353932175356,27.5376643440001));
#711=CARTESIAN_POINT('Ctrl Pts',(66.7083147932138,-6.85932504348738,27.3059738865685));
#712=CARTESIAN_POINT('Ctrl Pts',(66.8930657730119,-6.7836708276584,27.0711362262076));
#713=CARTESIAN_POINT('Ctrl Pts',(67.0778167528099,-6.71679208561765,26.8337984004249));
#714=CARTESIAN_POINT('Ctrl Pts',(67.2625339193427,-6.64992558377531,26.5965040123922));
#715=CARTESIAN_POINT('Ctrl Pts',(67.4472510858754,-6.59183142333909,26.3567106357977));
#716=CARTESIAN_POINT('Ctrl Pts',(67.6319682524082,-6.54267498670683,26.1150799068391));
#717=CARTESIAN_POINT('Ctrl Pts',(67.8166602932701,-6.49352523645064,25.8734820450701));
#718=CARTESIAN_POINT('Ctrl Pts',(68.0013523341321,-6.45331083702999,25.630047598045));
#719=CARTESIAN_POINT('Ctrl Pts',(68.1860443749941,-6.42214616704729,25.3854489142729));
#720=CARTESIAN_POINT('Ctrl Pts',(68.3707356669634,-6.39098162343165,25.140851222304));
#721=CARTESIAN_POINT('Ctrl Pts',(68.5554269589328,-6.36886677337592,24.8950895741149));
#722=CARTESIAN_POINT('Ctrl Pts',(68.7401182509021,-6.35586433396472,24.6488432539055));
#723=CARTESIAN_POINT('Ctrl Pts',(68.9247965622024,-6.34286280840475,24.402614240641));
#724=CARTESIAN_POINT('Ctrl Pts',(69.1094748735026,-6.33897242737457,24.1559008967494));
#725=CARTESIAN_POINT('Ctrl Pts',(69.2941531848029,-6.3442038506153,23.9093852217896));
#726=CARTESIAN_POINT('Ctrl Pts',(69.4788495330838,-6.34943578479356,23.6628454703781));
#727=CARTESIAN_POINT('Ctrl Pts',(69.6635458813647,-6.36379129901915,23.4165037001686));
#728=CARTESIAN_POINT('Ctrl Pts',(69.8482422296456,-6.38722893310384,23.1710408659821));
#729=CARTESIAN_POINT('Ctrl Pts',(69.9808345907094,-6.40405466501443,22.994824622179));
#730=CARTESIAN_POINT('Ctrl Pts',(70.1134269517732,-6.42555997357377,22.8190613419402));
#731=CARTESIAN_POINT('Ctrl Pts',(70.246019312837,-6.45171302705803,22.6440013789155));
#732=CARTESIAN_POINT('',(70.4861409340651,-23.4317131537204,17.0692262976128));
#733=CARTESIAN_POINT('Ctrl Pts',(70.4861409340652,-23.4317131537204,17.0692262976128));
#734=CARTESIAN_POINT('Ctrl Pts',(70.4862705229579,-23.4287314507439,17.0662287674329));
#735=CARTESIAN_POINT('Ctrl Pts',(70.4864000309977,-23.4257478439522,17.063233125429));
#736=CARTESIAN_POINT('Ctrl Pts',(70.5273473736045,-22.4812111342183,16.1160884842506));
#737=CARTESIAN_POINT('Ctrl Pts',(70.5596783310739,-21.3407495876014,15.3700005537743));
#738=CARTESIAN_POINT('Ctrl Pts',(70.5805853819044,-20.1809594048269,14.8878080550904));
#739=CARTESIAN_POINT('Ctrl Pts',(70.6014807975035,-19.0218146706787,14.4058839070879));
#740=CARTESIAN_POINT('Ctrl Pts',(70.6137456351311,-17.6889934312021,14.1234055566888));
#741=CARTESIAN_POINT('Ctrl Pts',(70.613905697952,-15.0225734888823,14.119717733974));
#742=CARTESIAN_POINT('Ctrl Pts',(70.6018008902893,-13.6889747859953,14.3985082919164));
#743=CARTESIAN_POINT('Ctrl Pts',(70.5602724454708,-11.3671791107405,15.3562913777396));
#744=CARTESIAN_POINT('Ctrl Pts',(70.5280705560844,-10.2244902694933,16.0993849109922));
#745=CARTESIAN_POINT('Ctrl Pts',(70.4466396541971,-8.33598959602112,17.9828985750334));
#746=CARTESIAN_POINT('Ctrl Pts',(70.3974219166565,-7.59017010292173,19.1233115120883));
#747=CARTESIAN_POINT('Ctrl Pts',(70.3159832161288,-6.80363983090224,21.0151080257897));
#748=CARTESIAN_POINT('Ctrl Pts',(70.2815355053141,-6.5753500270149,21.8164158484548));
#749=CARTESIAN_POINT('Ctrl Pts',(70.246019312837,-6.45171302705803,22.6440013789155));
#750=CARTESIAN_POINT('',(64.5785975011072,-16.3418398754335,14.1223294240653));
#751=CARTESIAN_POINT('Ctrl Pts',(70.4861409340651,-23.4317131537203,17.0692262976128));
#752=CARTESIAN_POINT('Ctrl Pts',(69.9932221457709,-22.9679972968025,16.603048986522));
#753=CARTESIAN_POINT('Ctrl Pts',(69.500872219544,-22.4594142558152,16.1837286355551));
#754=CARTESIAN_POINT('Ctrl Pts',(68.5154518490084,-21.3678332266743,15.4513673779171));
#755=CARTESIAN_POINT('Ctrl Pts',(68.0246131172804,-20.7874878243495,15.1399592688252));
#756=CARTESIAN_POINT('Ctrl Pts',(66.5453876455897,-18.9641517728536,14.3819463097047));
#757=CARTESIAN_POINT('Ctrl Pts',(65.5652968115245,-17.6595581429168,14.1215655907549));
#758=CARTESIAN_POINT('Ctrl Pts',(64.5783101268697,-16.3420553947111,14.1215520815755));
#759=CARTESIAN_POINT('Ctrl Pts',(64.5785975011071,-16.3418398754335,14.1223294240653));
#760=CARTESIAN_POINT('Ctrl Pts',(64.0663735092364,-15.6583947272785,14.1220047129032));
#761=CARTESIAN_POINT('Ctrl Pts',(62.3134469492704,-13.3196776854209,14.3582867963356));
#762=CARTESIAN_POINT('Ctrl Pts',(59.3198178212093,-9.61714179014324,16.1617925090257));
#763=CARTESIAN_POINT('Ctrl Pts',(55.597710116924,-6.6373045036854,20.3264378227002));
#764=CARTESIAN_POINT('Ctrl Pts',(51.8756024126388,-6.00136254530909,25.4076509380921));
#765=CARTESIAN_POINT('Ctrl Pts',(48.1534947083535,-7.8626387952721,30.1782520569775));
#766=CARTESIAN_POINT('Ctrl Pts',(45.5220945997256,-10.6262432599246,32.5168114168021));
#767=CARTESIAN_POINT('Ctrl Pts',(44.1313970591928,-12.3179284157171,33.279162057123));
#768=CARTESIAN_POINT('Ctrl Pts',(43.981402086755,-12.5027187415393,33.355802567081));
#769=CARTESIAN_POINT('Origin',(-18.632330944955,-16.3419528584586,23.9094722590792));
#770=CARTESIAN_POINT('',(-8.11366684722407,-19.4091129500286,8.65230069288761));
#771=CARTESIAN_POINT('',(-8.5739632806004,-19.3620505125645,8.88698119022154));
#772=CARTESIAN_POINT('',(-18.6513424940965,-18.3317018034619,14.0248971788585));
#773=CARTESIAN_POINT('',(-7.56747813737811,-20.9320708732932,8.74280778329143));
#774=CARTESIAN_POINT('Ctrl Pts',(-7.56714688413526,-20.93180526032,8.74303892411505));
#775=CARTESIAN_POINT('Ctrl Pts',(-7.73681883712803,-20.4571032627298,8.69121612623587));
#776=CARTESIAN_POINT('Ctrl Pts',(-7.90759961683281,-19.9805590694166,8.6612909321015));
#777=CARTESIAN_POINT('Ctrl Pts',(-8.0908687384197,-19.4722994581904,8.65303467093221));
#778=CARTESIAN_POINT('Ctrl Pts',(-8.10226559244385,-19.440705562713,8.65261891674666));
#779=CARTESIAN_POINT('Ctrl Pts',(-8.11366685340765,-19.4091129522227,8.65230069660979));
#780=CARTESIAN_POINT('Ctrl Pts',(-8.57396328060033,-19.3620505127429,8.88698119025744));
#781=CARTESIAN_POINT('Ctrl Pts',(-8.23507872775428,-19.8801785663263,8.81162462512703));
#782=CARTESIAN_POINT('Ctrl Pts',(-7.89967866352224,-20.4044653159683,8.76372375673456));
#783=CARTESIAN_POINT('Ctrl Pts',(-7.56775776126658,-20.9320511129522,8.74344542760396));
#784=CARTESIAN_POINT('Origin',(-9.79197488703214,-16.3419528584586,24.1215520810498));
#785=CARTESIAN_POINT('',(1.42397064912803,-7.01163789177082,20.5236050799946));
#786=CARTESIAN_POINT('',(-15.2581389381919,-7.01163789177082,20.5236050799946));
#787=CARTESIAN_POINT('',(-9.79197488703214,-7.01163789177082,20.5236050799946));
#788=CARTESIAN_POINT('',(-18.7459948602771,-6.38951832608673,25.0957424519997));
#789=CARTESIAN_POINT('Ctrl Pts',(-15.2581389381919,-7.01163789177082,20.5236050799946));
#790=CARTESIAN_POINT('Ctrl Pts',(-15.4429068609046,-6.92292320481202,20.7536629355589));
#791=CARTESIAN_POINT('Ctrl Pts',(-15.6276747836174,-6.84271056089006,20.9870315863028));
#792=CARTESIAN_POINT('Ctrl Pts',(-15.8124427063301,-6.77122723925405,21.2230678009645));
#793=CARTESIAN_POINT('Ctrl Pts',(-15.9971806962721,-6.69975549805823,21.4590657772902));
#794=CARTESIAN_POINT('Ctrl Pts',(-16.181918686214,-6.63701033484171,21.6977301930786));
#795=CARTESIAN_POINT('Ctrl Pts',(-16.366656676156,-6.58316927098943,21.9384023168462));
#796=CARTESIAN_POINT('Ctrl Pts',(-16.5513733094053,-6.52933443145004,22.1790466176382));
#797=CARTESIAN_POINT('Ctrl Pts',(-16.7360899426547,-6.48440169541789,22.4216978961484));
#798=CARTESIAN_POINT('Ctrl Pts',(-16.920806575904,-6.44849778279093,22.665685787139));
#799=CARTESIAN_POINT('Ctrl Pts',(-17.1055237447132,-6.41259376606561,22.9096743855382));
#800=CARTESIAN_POINT('Ctrl Pts',(-17.2902409135225,-6.38571866702325,23.1549993339555));
#801=CARTESIAN_POINT('Ctrl Pts',(-17.4749580823317,-6.36794767667619,23.4009824218373));
#802=CARTESIAN_POINT('Ctrl Pts',(-17.6596661251451,-6.35017756430915,23.6469533568658));
#803=CARTESIAN_POINT('Ctrl Pts',(-17.8443741679585,-6.34151068042883,23.8935820935789));
#804=CARTESIAN_POINT('Ctrl Pts',(-18.0290822107718,-6.34197022103146,24.1401867572144));
#805=CARTESIAN_POINT('Ctrl Pts',(-18.2138043981919,-6.34242979682488,24.3868103053875));
#806=CARTESIAN_POINT('Ctrl Pts',(-18.3985265856119,-6.35201719312004,24.6334095033454));
#807=CARTESIAN_POINT('Ctrl Pts',(-18.583248773032,-6.37070348482088,24.8793026526296));
#808=CARTESIAN_POINT('Ctrl Pts',(-18.6374974687804,-6.37619122274399,24.9515158655004));
#809=CARTESIAN_POINT('Ctrl Pts',(-18.6917461645287,-6.38246336473218,25.0236682013162));
#810=CARTESIAN_POINT('Ctrl Pts',(-18.7459948602771,-6.38951832608671,25.0957424519997));
#811=CARTESIAN_POINT('',(-18.4656475349835,-22.8932268948081,31.6767362945983));
#812=CARTESIAN_POINT('Ctrl Pts',(-18.745994860277,-6.38951832608671,25.0957424519997));
#813=CARTESIAN_POINT('Ctrl Pts',(-18.7350328914847,-6.41460081188941,25.3519878484894));
#814=CARTESIAN_POINT('Ctrl Pts',(-18.7240974254553,-6.44964473009742,25.6077412684552));
#815=CARTESIAN_POINT('Ctrl Pts',(-18.656902803527,-6.72748718411466,27.1800244214776));
#816=CARTESIAN_POINT('Ctrl Pts',(-18.6028159776632,-7.23907124414019,28.4491736286964));
#817=CARTESIAN_POINT('Ctrl Pts',(-18.511851585252,-8.60746238484617,30.5875937438738));
#818=CARTESIAN_POINT('Ctrl Pts',(-18.4691283229875,-9.55999122563356,31.5943188428241));
#819=CARTESIAN_POINT('Ctrl Pts',(-18.4040361406193,-11.7939441502035,33.1300404920541));
#820=CARTESIAN_POINT('Ctrl Pts',(-18.3816576122764,-13.0753732663495,33.6590293146778));
#821=CARTESIAN_POINT('Ctrl Pts',(-18.3707641225345,-14.3274525206357,33.9165400028857));
#822=CARTESIAN_POINT('Ctrl Pts',(-18.3598374662847,-15.5833438771558,34.1748347126054));
#823=CARTESIAN_POINT('Ctrl Pts',(-18.359037432939,-16.9738173090542,34.1937500799866));
#824=CARTESIAN_POINT('Ctrl Pts',(-18.3816392788045,-19.6399445252774,33.6594594081029));
#825=CARTESIAN_POINT('Ctrl Pts',(-18.4050450713237,-20.9155990095394,33.106257027103));
#826=CARTESIAN_POINT('Ctrl Pts',(-18.4447208308112,-22.2887435373871,32.1701598644079));
#827=CARTESIAN_POINT('Ctrl Pts',(-18.4547410680823,-22.5967348707071,31.9338313494078));
#828=CARTESIAN_POINT('Ctrl Pts',(-18.4656475349834,-22.8932268948081,31.6767362945983));
#829=CARTESIAN_POINT('Ctrl Pts',(-18.4656475349834,-22.8932268948081,31.6767362945983));
#830=CARTESIAN_POINT('Ctrl Pts',(-18.2807869459275,-22.7069179960069,31.83828902673));
#831=CARTESIAN_POINT('Ctrl Pts',(-18.0959263568717,-22.5146177821416,31.9929579918768));
#832=CARTESIAN_POINT('Ctrl Pts',(-17.9110657678158,-22.3168560876738,32.1403132946983));
#833=CARTESIAN_POINT('Ctrl Pts',(-17.7262195560671,-22.119109773881,32.2876571371406));
#834=CARTESIAN_POINT('Ctrl Pts',(-17.5413733443183,-21.9159030471013,32.4276882899403));
#835=CARTESIAN_POINT('Ctrl Pts',(-17.3565271325696,-21.707797005435,32.5600185643843));
#836=CARTESIAN_POINT('Ctrl Pts',(-17.1716867201568,-21.499697492855,32.692344687119));
#837=CARTESIAN_POINT('Ctrl Pts',(-16.9868463077441,-21.2866992033994,32.8169702677619));
#838=CARTESIAN_POINT('Ctrl Pts',(-16.8020058953314,-21.0693912025043,32.933551099618));
#839=CARTESIAN_POINT('Ctrl Pts',(-16.6171376350388,-20.8520504621934,33.0501494954308));
#840=CARTESIAN_POINT('Ctrl Pts',(-16.4322693747462,-20.630398952895,33.1587005890996));
#841=CARTESIAN_POINT('Ctrl Pts',(-16.2474011144537,-20.405050496663,33.2589060515611));
#842=CARTESIAN_POINT('Ctrl Pts',(-16.0625293450803,-20.1796977629746,33.3591134160746));
#843=CARTESIAN_POINT('Ctrl Pts',(-15.877657575707,-19.9506481933039,33.4509747245029));
#844=CARTESIAN_POINT('Ctrl Pts',(-15.6927858063336,-19.7185364380031,33.5342394406911));
#845=CARTESIAN_POINT('Ctrl Pts',(-15.5078720416361,-19.4863719563804,33.6175230712259));
#846=CARTESIAN_POINT('Ctrl Pts',(-15.3229582769385,-19.2511441565003,33.6922061145062));
#847=CARTESIAN_POINT('Ctrl Pts',(-15.138044512241,-19.0135050972935,33.7580871759465));
#848=CARTESIAN_POINT('Ctrl Pts',(-15.0166668863381,-18.8575185222784,33.8013315868895));
#849=CARTESIAN_POINT('Ctrl Pts',(-14.8952892604352,-18.700493365515,33.8407845656479));
#850=CARTESIAN_POINT('Ctrl Pts',(-14.7739116345323,-18.5426171921019,33.876400951772));
#851=CARTESIAN_POINT('Ctrl Pts',(-14.5903591916436,-18.3038700829184,33.9302615758476));
#852=CARTESIAN_POINT('Ctrl Pts',(-14.406806748755,-18.0631020661784,33.9753626771761));
#853=CARTESIAN_POINT('Ctrl Pts',(-14.2232543058663,-17.82097251532,34.0115723466821));
#854=CARTESIAN_POINT('Ctrl Pts',(-14.0397382339179,-17.5788909424634,34.0477748412374));
#855=CARTESIAN_POINT('Ctrl Pts',(-13.8562221619695,-17.3354486528137,34.0750893789932));
#856=CARTESIAN_POINT('Ctrl Pts',(-13.672706090021,-17.0913133319971,34.0934354979725));
#857=CARTESIAN_POINT('Ctrl Pts',(-13.489213585205,-16.8472093630362,34.1117792609434));
#858=CARTESIAN_POINT('Ctrl Pts',(-13.305721080389,-16.6024128217556,34.121156883373));
#859=CARTESIAN_POINT('Ctrl Pts',(-13.1222285755729,-16.3575956482063,34.1215398461988));
#860=CARTESIAN_POINT('Ctrl Pts',(-12.9387251201845,-16.1127638643153,34.1219228318792));
#861=CARTESIAN_POINT('Ctrl Pts',(-12.755221664796,-15.8679117277729,34.1133100816651));
#862=CARTESIAN_POINT('Ctrl Pts',(-12.5717182094076,-15.6237115875165,34.0957252035054));
#863=CARTESIAN_POINT('Ctrl Pts',(-12.3882183980413,-15.3795162966005,34.0781406745472));
#864=CARTESIAN_POINT('Ctrl Pts',(-12.204718586675,-15.135973257312,34.0515843960265));
#865=CARTESIAN_POINT('Ctrl Pts',(-12.0212187753087,-14.8937508400925,34.0161319566181));
#866=CARTESIAN_POINT('Ctrl Pts',(-11.8376786833549,-14.6514752519125,33.9806717349396));
#867=CARTESIAN_POINT('Ctrl Pts',(-11.6541385914012,-14.4105211444178,33.9363114901911));
#868=CARTESIAN_POINT('Ctrl Pts',(-11.4705984994475,-14.1715491850694,33.8831783745799));
#869=CARTESIAN_POINT('Ctrl Pts',(-11.3411242443255,-14.002971758185,33.8456968058783));
#870=CARTESIAN_POINT('Ctrl Pts',(-11.2116499892035,-13.8353805401791,33.8038506875509));
#871=CARTESIAN_POINT('Ctrl Pts',(-11.0821757340814,-13.6690038826748,33.7576998472921));
#872=CARTESIAN_POINT('Ctrl Pts',(-10.8980928871539,-13.4324542400696,33.6920838832926));
#873=CARTESIAN_POINT('Ctrl Pts',(-10.7140100402263,-13.1982887015749,33.6177442432599));
#874=CARTESIAN_POINT('Ctrl Pts',(-10.5299271932987,-12.9671538214436,33.5348794130702));
#875=CARTESIAN_POINT('Ctrl Pts',(-10.3458739901556,-12.7360561621218,33.4520279270199));
#876=CARTESIAN_POINT('Ctrl Pts',(-10.1618207870124,-12.5079884491045,33.3606540855151));
#877=CARTESIAN_POINT('Ctrl Pts',(-9.97776758386928,-12.2835800767087,33.2610055857377));
#878=CARTESIAN_POINT('Ctrl Pts',(-9.79373281468032,-12.0591941800623,33.161367066313));
#879=CARTESIAN_POINT('Ctrl Pts',(-9.60969804549136,-11.8384671468311,33.0534556565527));
#880=CARTESIAN_POINT('Ctrl Pts',(-9.42566327630241,-11.6220074372975,32.9375667827878));
#881=CARTESIAN_POINT('Ctrl Pts',(-9.24161360778458,-11.405530203334,32.821668526739));
#882=CARTESIAN_POINT('Ctrl Pts',(-9.05756393926674,-11.1933212305084,32.6977916451339));
#883=CARTESIAN_POINT('Ctrl Pts',(-8.87351427074891,-10.9859646081276,32.5662776457035));
#884=CARTESIAN_POINT('Ctrl Pts',(-8.68946688636853,-10.7786105591338,32.4347652784198));
#885=CARTESIAN_POINT('Ctrl Pts',(-8.50541950198814,-10.5761089743975,32.2956161339279));
#886=CARTESIAN_POINT('Ctrl Pts',(-8.32137211760775,-10.3790157977991,32.1492156023126));
#887=CARTESIAN_POINT('Ctrl Pts',(-8.13728598000847,-10.1818811210455,32.002784244441));
#888=CARTESIAN_POINT('Ctrl Pts',(-7.9531998424092,-9.99015735229873,31.8490986140574));
#889=CARTESIAN_POINT('Ctrl Pts',(-7.76911370480992,-9.80436922513151,31.6885858616836));
#890=CARTESIAN_POINT('Ctrl Pts',(-7.64288908108337,-9.67697757712165,31.5785250931982));
#891=CARTESIAN_POINT('Ctrl Pts',(-7.51666445735682,-9.55237597506207,31.4652553468363));
#892=CARTESIAN_POINT('Ctrl Pts',(-7.39043983363028,-9.4307242142639,31.3489249528244));
#893=CARTESIAN_POINT('Ctrl Pts',(-7.20657346228525,-9.25351894982873,31.1794711109935));
#894=CARTESIAN_POINT('Ctrl Pts',(-7.02270709094023,-9.08252151640905,31.0034707460934));
#895=CARTESIAN_POINT('Ctrl Pts',(-6.8388407195952,-8.9182071852376,30.8214028390393));
#896=CARTESIAN_POINT('Ctrl Pts',(-6.65500637473809,-8.7539214749113,30.6393666452103));
#897=CARTESIAN_POINT('Ctrl Pts',(-6.47117202988098,-8.59631673060967,30.4512652267868));
#898=CARTESIAN_POINT('Ctrl Pts',(-6.28733768502387,-8.44582987773727,30.257612859214));
#899=CARTESIAN_POINT('Ctrl Pts',(-6.10352350086607,-8.29535952841971,30.0639817290609));
#900=CARTESIAN_POINT('Ctrl Pts',(-5.91970931670827,-8.15200568371264,29.8648010863201));
#901=CARTESIAN_POINT('Ctrl Pts',(-5.73589513255047,-8.01616428597931,29.6606174035003));
#902=CARTESIAN_POINT('Ctrl Pts',(-5.55206708898657,-7.88031264594012,29.4564183254344));
#903=CARTESIAN_POINT('Ctrl Pts',(-5.36823904542267,-7.75197474238562,29.2472156850379));
#904=CARTESIAN_POINT('Ctrl Pts',(-5.18441100185876,-7.63150327460107,29.033585066187));
#905=CARTESIAN_POINT('Ctrl Pts',(-5.00058546963201,-7.51103345261804,28.8199573658164));
#906=CARTESIAN_POINT('Ctrl Pts',(-4.81675993740525,-7.39842998726777,28.6019020529573));
#907=CARTESIAN_POINT('Ctrl Pts',(-4.6329344051785,-7.2940000404152,28.3800200922553));
#908=CARTESIAN_POINT('Ctrl Pts',(-4.44906898276874,-7.18954743224001,28.1580899831166));
#909=CARTESIAN_POINT('Ctrl Pts',(-4.26520356035898,-7.09327200677403,27.9323318200056));
#910=CARTESIAN_POINT('Ctrl Pts',(-4.08133813794921,-7.00543368665032,27.7033686249918));
#911=CARTESIAN_POINT('Ctrl Pts',(-3.95379340302584,-6.94450153796537,27.544540229568));
#912=CARTESIAN_POINT('Ctrl Pts',(-3.82624866810246,-6.88762832897253,27.3841700294339));
#913=CARTESIAN_POINT('Ctrl Pts',(-3.69870393317908,-6.83488700506657,27.2224711156696));
#914=CARTESIAN_POINT('Ctrl Pts',(-3.51477593549982,-6.75883050530745,26.9892905186544));
#915=CARTESIAN_POINT('Ctrl Pts',(-3.33084793782055,-6.69134555594802,26.7532753373608));
#916=CARTESIAN_POINT('Ctrl Pts',(-3.14691994014129,-6.63262443524299,26.5150728288474));
#917=CARTESIAN_POINT('Ctrl Pts',(-2.96302333516612,-6.57391333701844,26.2769109765742));
#918=CARTESIAN_POINT('Ctrl Pts',(-2.77912673019095,-6.52396314835027,26.0365628137708));
#919=CARTESIAN_POINT('Ctrl Pts',(-2.59523012521579,-6.4829156666552,25.7946885520639));
#920=CARTESIAN_POINT('Ctrl Pts',(-2.41135323329694,-6.44187258510292,25.55284021841));
#921=CARTESIAN_POINT('Ctrl Pts',(-2.22747634137808,-6.4097303517643,25.3094663881378));
#922=CARTESIAN_POINT('Ctrl Pts',(-2.04359944945923,-6.3865794259601,25.0652362546498));
#923=CARTESIAN_POINT('Ctrl Pts',(-1.85970846844314,-6.36342672627534,24.8209874076515));
#924=CARTESIAN_POINT('Ctrl Pts',(-1.67581748742705,-6.34926674013829,24.5758824045006));
#925=CARTESIAN_POINT('Ctrl Pts',(-1.49192650641096,-6.34413805761126,24.3305956362192));
#926=CARTESIAN_POINT('Ctrl Pts',(-1.30803800846243,-6.33900944433649,24.0853121800285));
#927=CARTESIAN_POINT('Ctrl Pts',(-1.12414951051389,-6.3429118945642,23.8398472432997));
#928=CARTESIAN_POINT('Ctrl Pts',(-0.940261012565365,-6.35583187209622,23.5948760461546));
#929=CARTESIAN_POINT('Ctrl Pts',(-0.756333005460349,-6.36875462553549,23.3498522159985));
#930=CARTESIAN_POINT('Ctrl Pts',(-0.572404998355333,-6.39069876381012,23.1053226168468));
#931=CARTESIAN_POINT('Ctrl Pts',(-0.38847699125032,-6.42159869658434,22.8619595663912));
#932=CARTESIAN_POINT('Ctrl Pts',(-0.261307338409636,-6.44296321733105,22.6936959336373));
#933=CARTESIAN_POINT('Ctrl Pts',(-0.134137685568954,-6.4686079494931,22.5259898987217));
#934=CARTESIAN_POINT('Ctrl Pts',(-0.00696803272827218,-6.49849677740319,
22.3590616894921));
#935=CARTESIAN_POINT('Ctrl Pts',(0.176955480936241,-6.54172452966751,22.1176359870118));
#936=CARTESIAN_POINT('Ctrl Pts',(0.36087899460075,-6.59384505039608,21.8777651142843));
#937=CARTESIAN_POINT('Ctrl Pts',(0.544802508265258,-6.65472174658996,21.6401102853906));
#938=CARTESIAN_POINT('Ctrl Pts',(0.728698672383694,-6.71558939037953,21.4024907959245));
#939=CARTESIAN_POINT('Ctrl Pts',(0.912594836502128,-6.78521054186911,21.1670869635082));
#940=CARTESIAN_POINT('Ctrl Pts',(1.09649100062056,-6.86339799043559,20.9345475918974));
#941=CARTESIAN_POINT('Ctrl Pts',(1.20565088345638,-6.90980968567493,20.7965133339159));
#942=CARTESIAN_POINT('Ctrl Pts',(1.31481076629221,-6.95923880059778,20.6594881334329));
#943=CARTESIAN_POINT('Ctrl Pts',(1.42397064912803,-7.01163789177082,20.5236050799946));
#944=CARTESIAN_POINT('Origin',(-9.79197488703214,-16.3419528584586,24.1215520810498));
#945=CARTESIAN_POINT('',(48.5256417701986,-7.01123100287523,20.523469176989));
#946=CARTESIAN_POINT('',(31.8090223174973,-7.01197581299018,20.5237014154096));
#947=CARTESIAN_POINT('',(-9.79197488703214,-7.01163789177082,20.5236050799946));
#948=CARTESIAN_POINT('',(57.5418525725263,-16.3420819703859,14.1215554735336));
#949=CARTESIAN_POINT('Ctrl Pts',(48.5256417701986,-7.01123100287523,20.523469176989));
#950=CARTESIAN_POINT('Ctrl Pts',(49.5762060379946,-7.51659763619511,19.2165537628058));
#951=CARTESIAN_POINT('Ctrl Pts',(51.8573489392744,-9.21426411597073,16.6090818800465));
#952=CARTESIAN_POINT('Ctrl Pts',(54.8627525400502,-12.7672434904008,14.498186603407));
#953=CARTESIAN_POINT('Ctrl Pts',(56.8175918730301,-15.3757615606503,14.1226889750878));
#954=CARTESIAN_POINT('Ctrl Pts',(57.5418525725263,-16.3420819612165,14.1222656596556));
#955=CARTESIAN_POINT('',(70.1360140758419,-26.2823672355936,25.2115805260213));
#956=CARTESIAN_POINT('Ctrl Pts',(57.5418525725263,-16.3420819704296,14.1215520818833));
#957=CARTESIAN_POINT('Ctrl Pts',(57.7297487687125,-16.592794019062,14.121555318876));
#958=CARTESIAN_POINT('Ctrl Pts',(57.9176449648987,-16.8434722865189,14.1309913753842));
#959=CARTESIAN_POINT('Ctrl Pts',(58.105541161085,-17.0934126453293,14.1498266441599));
#960=CARTESIAN_POINT('Ctrl Pts',(58.2934969755142,-17.3434323085927,14.1686678892442));
#961=CARTESIAN_POINT('Ctrl Pts',(58.4814527899435,-17.5927133433042,14.1969142876069));
#962=CARTESIAN_POINT('Ctrl Pts',(58.6694086043727,-17.8405558709431,14.2344802692861));
#963=CARTESIAN_POINT('Ctrl Pts',(58.7998745277447,-18.0125910075918,14.2605559749089));
#964=CARTESIAN_POINT('Ctrl Pts',(58.9303404511168,-18.1839331466326,14.2911209363765));
#965=CARTESIAN_POINT('Ctrl Pts',(59.0608063744888,-18.3543505772863,14.3261319562539));
#966=CARTESIAN_POINT('Ctrl Pts',(59.2448923830951,-18.5948077311174,14.3755321271174));
#967=CARTESIAN_POINT('Ctrl Pts',(59.4289783917015,-18.833479705901,14.4337977652821));
#968=CARTESIAN_POINT('Ctrl Pts',(59.6130644003078,-19.0697079196801,14.5007749645181));
#969=CARTESIAN_POINT('Ctrl Pts',(59.7971196608313,-19.3058966760082,14.5677409764809));
#970=CARTESIAN_POINT('Ctrl Pts',(59.9811749213549,-19.5396422181833,14.6434155686791));
#971=CARTESIAN_POINT('Ctrl Pts',(60.1652301818784,-19.7702997232882,14.7275945670724));
#972=CARTESIAN_POINT('Ctrl Pts',(60.3492659051805,-20.0009327444052,14.8117646299768));
#973=CARTESIAN_POINT('Ctrl Pts',(60.5333016284825,-20.2284781212515,14.9044372010225));
#974=CARTESIAN_POINT('Ctrl Pts',(60.7173373517846,-20.4523086565017,15.0053590590974));
#975=CARTESIAN_POINT('Ctrl Pts',(60.9013862906505,-20.6761552649722,15.1062881643482));
#976=CARTESIAN_POINT('Ctrl Pts',(61.0854352295164,-20.8962862435058,15.2154676284391));
#977=CARTESIAN_POINT('Ctrl Pts',(61.2694841683824,-21.1120955675958,15.3325965950739));
#978=CARTESIAN_POINT('Ctrl Pts',(61.4535298778392,-21.327901104994,15.4497235065089));
#979=CARTESIAN_POINT('Ctrl Pts',(61.6375755872961,-21.5393848955347,15.5747995069139));
#980=CARTESIAN_POINT('Ctrl Pts',(61.821621296753,-21.7459659959293,15.7074780375175));
#981=CARTESIAN_POINT('Ctrl Pts',(62.0057042816173,-21.9525889359012,15.840183439958));
#982=CARTESIAN_POINT('Ctrl Pts',(62.1897872664816,-22.1543069665361,15.980494299424));
#983=CARTESIAN_POINT('Ctrl Pts',(62.3738702513458,-22.3505674334026,16.1280202652771));
#984=CARTESIAN_POINT('Ctrl Pts',(62.5000942592105,-22.4851414285578,16.2291774617872));
#985=CARTESIAN_POINT('Ctrl Pts',(62.6263182670752,-22.6171500273619,16.3337260911485));
#986=CARTESIAN_POINT('Ctrl Pts',(62.7525422749399,-22.746423677081,16.441529064586));
#987=CARTESIAN_POINT('Ctrl Pts',(62.9360821097823,-22.9343979358636,16.5982832373853));
#988=CARTESIAN_POINT('Ctrl Pts',(63.1196219446247,-23.1166448341701,16.7619673391052));
#989=CARTESIAN_POINT('Ctrl Pts',(63.3031617794671,-23.2926591754304,16.9321375224638));
#990=CARTESIAN_POINT('Ctrl Pts',(63.4866696344571,-23.468642848075,17.1022780554887));
#991=CARTESIAN_POINT('Ctrl Pts',(63.6701774894471,-23.6383959286773,17.2789022183087));
#992=CARTESIAN_POINT('Ctrl Pts',(63.853685344437,-23.8014490629998,17.4615283292577));
#993=CARTESIAN_POINT('Ctrl Pts',(64.0371740188642,-23.9644851547229,17.6441353518054));
#994=CARTESIAN_POINT('Ctrl Pts',(64.2206626932914,-24.1208225105926,17.8327428595895));
#995=CARTESIAN_POINT('Ctrl Pts',(64.4041513677186,-24.2700304750913,18.0268342611136));
#996=CARTESIAN_POINT('Ctrl Pts',(64.5876576994317,-24.4192527980113,18.2209443402339));
#997=CARTESIAN_POINT('Ctrl Pts',(64.7711640311447,-24.5613441842551,18.4205391458246));
#998=CARTESIAN_POINT('Ctrl Pts',(64.9546703628578,-24.6959151422188,18.6250701005906));
#999=CARTESIAN_POINT('Ctrl Pts',(65.1381768087338,-24.8304861839016,18.8296011825994));
#1000=CARTESIAN_POINT('Ctrl Pts',(65.3216832546098,-24.9575366351446,19.0390681827701));
#1001=CARTESIAN_POINT('Ctrl Pts',(65.5051897004857,-25.0767207345498,19.2528941396038));
#1002=CARTESIAN_POINT('Ctrl Pts',(65.6887423276065,-25.1959348278337,19.4667739078925));
#1003=CARTESIAN_POINT('Ctrl Pts',(65.8722949547273,-25.3072784754739,19.6850145786949));
#1004=CARTESIAN_POINT('Ctrl Pts',(66.0558475818481,-25.4104515632953,19.9070139995544));
#1005=CARTESIAN_POINT('Ctrl Pts',(66.1853244463623,-25.4832292081752,20.0636109896806));
#1006=CARTESIAN_POINT('Ctrl Pts',(66.3148013108766,-25.5519423005833,20.2220777363807));
#1007=CARTESIAN_POINT('Ctrl Pts',(66.4442781753909,-25.616499747042,20.382196520065));
#1008=CARTESIAN_POINT('Ctrl Pts',(66.6291919896236,-25.7086981772911,20.6108719296251));
#1009=CARTESIAN_POINT('Ctrl Pts',(66.8141058038563,-25.7924474311173,20.8429892807892));
#1010=CARTESIAN_POINT('Ctrl Pts',(66.999019618089,-25.8675099261132,21.0779091074316));
#1011=CARTESIAN_POINT('Ctrl Pts',(67.1839003860477,-25.9425590065581,21.3127869511372));
#1012=CARTESIAN_POINT('Ctrl Pts',(67.3687811540064,-26.0089243444401,21.5504660099995));
#1013=CARTESIAN_POINT('Ctrl Pts',(67.5536619219651,-26.0664178563526,21.7902905116984));
#1014=CARTESIAN_POINT('Ctrl Pts',(67.7385182355419,-26.1239037635353,22.0300832915475));
#1015=CARTESIAN_POINT('Ctrl Pts',(67.9233745491186,-26.1725201242085,22.2720206817422));
#1016=CARTESIAN_POINT('Ctrl Pts',(68.1082308626954,-26.2121294609302,22.5154344527227));
#1017=CARTESIAN_POINT('Ctrl Pts',(68.2930866291612,-26.2517386804218,22.7588475032824));
#1018=CARTESIAN_POINT('Ctrl Pts',(68.4779423956271,-26.2823408825778,23.0037366564339));
#1019=CARTESIAN_POINT('Ctrl Pts',(68.6627981620929,-26.3038499829524,23.2494249796467));
#1020=CARTESIAN_POINT('Ctrl Pts',(68.8476414527189,-26.3253576316866,23.4950967214552));
#1021=CARTESIAN_POINT('Ctrl Pts',(69.0324847433448,-26.3377733819107,23.7415672530518));
#1022=CARTESIAN_POINT('Ctrl Pts',(69.2173280339707,-26.3410630816378,23.9881551368807));
#1023=CARTESIAN_POINT('Ctrl Pts',(69.4021884894862,-26.3443530868524,24.2347659193161));
#1024=CARTESIAN_POINT('Ctrl Pts',(69.5870489450016,-26.3385153433464,24.4814938022784));
#1025=CARTESIAN_POINT('Ctrl Pts',(69.771909400517,-26.3235678228983,24.7276566113689));
#1026=CARTESIAN_POINT('Ctrl Pts',(69.8932776256253,-26.3137541825419,24.8892722643418));
#1027=CARTESIAN_POINT('Ctrl Pts',(70.0146458507336,-26.300014892036,25.0506443425374));
#1028=CARTESIAN_POINT('Ctrl Pts',(70.1360140758419,-26.2823672355936,25.2115805260213));
#1029=CARTESIAN_POINT('',(69.7570668964878,-16.3419528584586,34.1215520810498));
#1030=CARTESIAN_POINT('Ctrl Pts',(70.136014075842,-26.2823672355936,25.2115805260213));
#1031=CARTESIAN_POINT('Ctrl Pts',(70.0985340676186,-26.1862800549302,26.0878387526134));
#1032=CARTESIAN_POINT('Ctrl Pts',(70.0621225284731,-25.972605724339,26.9406529248162));
#1033=CARTESIAN_POINT('Ctrl Pts',(70.0289161958343,-25.6722678251464,27.719499082105));
#1034=CARTESIAN_POINT('Ctrl Pts',(69.9789748000426,-25.2205680226429,28.8908619250019));
#1035=CARTESIAN_POINT('Ctrl Pts',(69.9296659033238,-24.5046088058156,30.0502589681707));
#1036=CARTESIAN_POINT('Ctrl Pts',(69.8476421118196,-22.6656491281941,31.9821743814688));
#1037=CARTESIAN_POINT('Ctrl Pts',(69.81491724793,-21.5426414325967,32.7546854416163));
#1038=CARTESIAN_POINT('Ctrl Pts',(69.7718287076509,-19.2465204482274,33.7724232975586));
#1039=CARTESIAN_POINT('Ctrl Pts',(69.7585810439887,-17.9206240872712,34.0857501983161));
#1040=CARTESIAN_POINT('Ctrl Pts',(69.7571095122007,-16.5058754288268,34.120544430783));
#1041=CARTESIAN_POINT('Ctrl Pts',(69.7570668964878,-16.4239068011821,34.1215520810498));
#1042=CARTESIAN_POINT('Ctrl Pts',(69.7570668964878,-16.3419528584586,34.1215520810498));
#1043=CARTESIAN_POINT('',(69.8667462425793,-9.62781693187391,31.532380561007));
#1044=CARTESIAN_POINT('Ctrl Pts',(69.7570668964878,-16.3419528584586,34.1215520810498));
#1045=CARTESIAN_POINT('Ctrl Pts',(69.7570668964878,-15.0909128831594,34.1215520810498));
#1046=CARTESIAN_POINT('Ctrl Pts',(69.7674584452861,-13.8432832425057,33.8757693259755));
#1047=CARTESIAN_POINT('Ctrl Pts',(69.8033484831875,-11.6444528128303,33.0278584699621));
#1048=CARTESIAN_POINT('Ctrl Pts',(69.8311105899043,-10.5548433033026,32.3722571122096));
#1049=CARTESIAN_POINT('Ctrl Pts',(69.8667462425794,-9.62781693187391,31.532380561007));
#1050=CARTESIAN_POINT('',(40.8189282403624,-16.3417637422378,14.121552082838));
#1051=CARTESIAN_POINT('Ctrl Pts',(69.8667462425793,-9.62781693187392,31.532380561007));
#1052=CARTESIAN_POINT('Ctrl Pts',(69.6820187264992,-9.81056797208809,31.6979511619245));
#1053=CARTESIAN_POINT('Ctrl Pts',(69.4972912104191,-9.99945879708746,31.8567698270283));
#1054=CARTESIAN_POINT('Ctrl Pts',(69.312563694339,-10.1939690346514,32.0083952329202));
#1055=CARTESIAN_POINT('Ctrl Pts',(69.1278504882637,-10.3884642043874,32.160008893078));
#1056=CARTESIAN_POINT('Ctrl Pts',(68.9431372821885,-10.5885777016143,32.3044302388516));
#1057=CARTESIAN_POINT('Ctrl Pts',(68.7584240761132,-10.793756991061,32.4412589639269));
#1058=CARTESIAN_POINT('Ctrl Pts',(68.573716614591,-10.9989298994625,32.5780834336492));
#1059=CARTESIAN_POINT('Ctrl Pts',(68.3890091530688,-11.2091680576591,32.7073156030151));
#1060=CARTESIAN_POINT('Ctrl Pts',(68.2043016915466,-11.4238900132983,32.8285985292464));
#1061=CARTESIAN_POINT('Ctrl Pts',(68.0195662680496,-11.6386444746623,32.949899815917));
#1062=CARTESIAN_POINT('Ctrl Pts',(67.8348308445526,-11.8578838528641,33.0632493181214));
#1063=CARTESIAN_POINT('Ctrl Pts',(67.6500954210556,-12.081000946225,33.1683354210902));
#1064=CARTESIAN_POINT('Ctrl Pts',(67.4653564709158,-12.3041222989439,33.2734235301775));
#1065=CARTESIAN_POINT('Ctrl Pts',(67.280617520776,-12.5311212659939,33.3702478110455));
#1066=CARTESIAN_POINT('Ctrl Pts',(67.0958785706361,-12.7613687830569,33.4585439777465));
#1067=CARTESIAN_POINT('Ctrl Pts',(66.9110974708159,-12.9916688329466,33.5468602899295));
#1068=CARTESIAN_POINT('Ctrl Pts',(66.7263163709956,-13.2252186586539,33.6266445013981));
#1069=CARTESIAN_POINT('Ctrl Pts',(66.5415352711754,-13.4613707209128,33.6976810770926));
#1070=CARTESIAN_POINT('Ctrl Pts',(66.4192064129926,-13.6177082043554,33.7447087395666));
#1071=CARTESIAN_POINT('Ctrl Pts',(66.2968775548098,-13.7751858081828,33.7879035753916));
#1072=CARTESIAN_POINT('Ctrl Pts',(66.1745486966269,-13.9336121476191,33.8272151197357));
#1073=CARTESIAN_POINT('Ctrl Pts',(65.9911430659876,-14.1711381339303,33.8861542669568));
#1074=CARTESIAN_POINT('Ctrl Pts',(65.8077374353483,-14.4108714469504,33.9363803497524));
#1075=CARTESIAN_POINT('Ctrl Pts',(65.624331804709,-14.6521557823497,33.9777473835777));
#1076=CARTESIAN_POINT('Ctrl Pts',(65.4409627178223,-14.8933920416075,34.0191061749808));
#1077=CARTESIAN_POINT('Ctrl Pts',(65.2575936309356,-15.1361784284428,34.051609393126));
#1078=CARTESIAN_POINT('Ctrl Pts',(65.0742245440489,-15.3798492253833,34.0751623104702));
#1079=CARTESIAN_POINT('Ctrl Pts',(64.8908791693438,-15.6234885122896,34.0987121820937));
#1080=CARTESIAN_POINT('Ctrl Pts',(64.7075337946387,-15.8680117002455,34.1133140364628));
#1081=CARTESIAN_POINT('Ctrl Pts',(64.5241884199336,-16.1127477056343,34.1189249858643));
#1082=CARTESIAN_POINT('Ctrl Pts',(64.3408321885647,-16.3574982028888,34.1245362675141));
#1083=CARTESIAN_POINT('Ctrl Pts',(64.1574759571957,-16.6024612607422,34.1211555706488));
#1084=CARTESIAN_POINT('Ctrl Pts',(63.9741197258268,-16.8469642705357,34.1087921138953));
#1085=CARTESIAN_POINT('Ctrl Pts',(63.7907672139143,-17.0914623204852,34.0964289079396));
#1086=CARTESIAN_POINT('Ctrl Pts',(63.6074147020019,-17.3355000593147,34.075083322553));
#1087=CARTESIAN_POINT('Ctrl Pts',(63.4240621900894,-17.5784077439482,34.0448166303878));
#1088=CARTESIAN_POINT('Ctrl Pts',(63.2406692813496,-17.8213689468002,34.0145432697657));
#1089=CARTESIAN_POINT('Ctrl Pts',(63.0572763726098,-18.0631993177238,33.9753449087973));
#1090=CARTESIAN_POINT('Ctrl Pts',(62.87388346387,-18.3032357105975,33.9273345370247));
#1091=CARTESIAN_POINT('Ctrl Pts',(62.7433726928048,-18.4740565723904,33.8931681634053));
#1092=CARTESIAN_POINT('Ctrl Pts',(62.6128619217397,-18.6439690311562,33.854540120438));
#1093=CARTESIAN_POINT('Ctrl Pts',(62.4823511506745,-18.8127374305739,33.811506858973));
#1094=CARTESIAN_POINT('Ctrl Pts',(62.2984032654465,-19.0506073773439,33.7508538004068));
#1095=CARTESIAN_POINT('Ctrl Pts',(62.1144553802185,-19.2862762498777,33.6814291410366));
#1096=CARTESIAN_POINT('Ctrl Pts',(61.9305074949905,-19.5190934858082,33.6034177958785));
#1097=CARTESIAN_POINT('Ctrl Pts',(61.7465892335035,-19.7518732278721,33.5254190139955));
#1098=CARTESIAN_POINT('Ctrl Pts',(61.5626709720164,-19.9818019859794,33.4388363954478));
#1099=CARTESIAN_POINT('Ctrl Pts',(61.3787527105293,-20.2082453243543,33.3439044148179));
#1100=CARTESIAN_POINT('Ctrl Pts',(61.1948528698078,-20.4346659827648,33.2489819423235));
#1101=CARTESIAN_POINT('Ctrl Pts',(61.0109530290862,-20.6576016615662,33.1457118853027));
#1102=CARTESIAN_POINT('Ctrl Pts',(60.8270531883647,-20.8764378558838,33.0343768750265));
#1103=CARTESIAN_POINT('Ctrl Pts',(60.6431383862638,-21.0952918538672,32.9230328069648));
#1104=CARTESIAN_POINT('Ctrl Pts',(60.459223584163,-21.3100454511758,32.8036225983421));
#1105=CARTESIAN_POINT('Ctrl Pts',(60.2753087820622,-21.5201075438379,32.6764754620208));
#1106=CARTESIAN_POINT('Ctrl Pts',(60.091396270325,-21.7301670205139,32.5493299091129));
#1107=CARTESIAN_POINT('Ctrl Pts',(59.9074837585879,-21.9355348720299,32.4144477673342));
#1108=CARTESIAN_POINT('Ctrl Pts',(59.7235712468507,-22.1356472158002,32.272202711135));
#1109=CARTESIAN_POINT('Ctrl Pts',(59.5396198462314,-22.3358018739585,32.1299275767688));
#1110=CARTESIAN_POINT('Ctrl Pts',(59.3556684456121,-22.5306985760327,31.9802865777978));
#1111=CARTESIAN_POINT('Ctrl Pts',(59.1717170449927,-22.7198037679764,31.8236957940665));
#1112=CARTESIAN_POINT('Ctrl Pts',(59.0445292315693,-22.8505550196079,31.7154256786013));
#1113=CARTESIAN_POINT('Ctrl Pts',(58.9173414181458,-22.9785382054076,31.603834011089));
#1114=CARTESIAN_POINT('Ctrl Pts',(58.7901536047224,-23.1035863724515,31.4890694527597));
#1115=CARTESIAN_POINT('Ctrl Pts',(58.6064288859629,-23.2842203396779,31.3232903137443));
#1116=CARTESIAN_POINT('Ctrl Pts',(58.4227041672035,-23.4587825653207,31.1508392426395));
#1117=CARTESIAN_POINT('Ctrl Pts',(58.2389794484441,-23.6267880800836,30.9721853213986));
#1118=CARTESIAN_POINT('Ctrl Pts',(58.0552868243704,-23.7947642461327,30.7935626090308));
#1119=CARTESIAN_POINT('Ctrl Pts',(57.8715942002968,-23.9561857959363,30.6087394135335));
#1120=CARTESIAN_POINT('Ctrl Pts',(57.6879015762231,-24.1106053728508,30.4182208916692));
#1121=CARTESIAN_POINT('Ctrl Pts',(57.5042291676293,-24.2650079558013,30.2277233364788));
#1122=CARTESIAN_POINT('Ctrl Pts',(57.3205567590355,-24.4124099281205,30.0315319239142));
#1123=CARTESIAN_POINT('Ctrl Pts',(57.1368843504416,-24.5524042464184,29.8301848425742));
#1124=CARTESIAN_POINT('Ctrl Pts',(56.9531980740833,-24.6924091346666,29.628822558984));
#1125=CARTESIAN_POINT('Ctrl Pts',(56.7695117977249,-24.825005088882,29.4223040570508));
#1126=CARTESIAN_POINT('Ctrl Pts',(56.5858255213666,-24.9498277017526,29.2111975188171));
#1127=CARTESIAN_POINT('Ctrl Pts',(56.4021417819073,-25.0746485906928,29.000093896185));
#1128=CARTESIAN_POINT('Ctrl Pts',(56.218458042448,-25.1916962121857,28.784402606167));
#1129=CARTESIAN_POINT('Ctrl Pts',(56.0347743029887,-25.3006511661229,28.5647181405453));
#1130=CARTESIAN_POINT('Ctrl Pts',(55.8510505174874,-25.4096298740117,28.3449857801378));
#1131=CARTESIAN_POINT('Ctrl Pts',(55.6673267319861,-25.5105122635478,28.1212587551967));
#1132=CARTESIAN_POINT('Ctrl Pts',(55.4836029464847,-25.60302571085,27.8941545810091));
#1133=CARTESIAN_POINT('Ctrl Pts',(55.3550539839131,-25.6677560757408,27.7352529673294));
#1134=CARTESIAN_POINT('Ctrl Pts',(55.2265050213415,-25.7283903167678,27.5746985115701));
#1135=CARTESIAN_POINT('Ctrl Pts',(55.09795605877,-25.7848491682891,27.4127083036849));
#1136=CARTESIAN_POINT('Ctrl Pts',(54.914166328287,-25.8655698283153,27.1811067718444));
#1137=CARTESIAN_POINT('Ctrl Pts',(54.730376597804,-25.9377779781355,26.9464992058423));
#1138=CARTESIAN_POINT('Ctrl Pts',(54.546586867321,-26.0012683775424,26.7095288395981));
#1139=CARTESIAN_POINT('Ctrl Pts',(54.362828563367,-26.0647479206144,26.4725989933333));
#1140=CARTESIAN_POINT('Ctrl Pts',(54.179070259413,-26.1195126166622,26.2333074234019));
#1141=CARTESIAN_POINT('Ctrl Pts',(53.9953119554591,-26.1654074356689,25.9923113305218));
#1142=CARTESIAN_POINT('Ctrl Pts',(53.811573394862,-26.2112973236453,25.7513411307402));
#1143=CARTESIAN_POINT('Ctrl Pts',(53.6278348342649,-26.2483191851287,25.5086670483499));
#1144=CARTESIAN_POINT('Ctrl Pts',(53.4440962736678,-26.276369137311,25.2649562958719));
#1145=CARTESIAN_POINT('Ctrl Pts',(53.2603436026706,-26.3044212436195,25.0212268273647));
#1146=CARTESIAN_POINT('Ctrl Pts',(53.0765909316733,-26.3235000288748,24.7764608072357));
#1147=CARTESIAN_POINT('Ctrl Pts',(52.892838260676,-26.3335533645886,24.5313316875487));
#1148=CARTESIAN_POINT('Ctrl Pts',(52.7090880962733,-26.3436065631636,24.2862059117005));
#1149=CARTESIAN_POINT('Ctrl Pts',(52.5253379318706,-26.3446345490204,24.0407173257775));
#1150=CARTESIAN_POINT('Ctrl Pts',(52.3415877674679,-26.3366372928566,23.7955412579116));
#1151=CARTESIAN_POINT('Ctrl Pts',(52.1577979589503,-26.3286383112839,23.5503122932863));
#1152=CARTESIAN_POINT('Ctrl Pts',(51.9740081504327,-26.3116102050438,23.3053962611466));
#1153=CARTESIAN_POINT('Ctrl Pts',(51.790218341915,-26.2856050470353,23.0614666351477));
#1154=CARTESIAN_POINT('Ctrl Pts',(51.6620650655492,-26.2674721253674,22.891378962569));
#1155=CARTESIAN_POINT('Ctrl Pts',(51.5339117891834,-26.2449756331345,22.7217708380947));
#1156=CARTESIAN_POINT('Ctrl Pts',(51.4057585128175,-26.2181481206445,22.5528688296648));
#1157=CARTESIAN_POINT('Ctrl Pts',(51.2219725860574,-26.1796745100943,22.3106447287191));
#1158=CARTESIAN_POINT('Ctrl Pts',(51.0381866592972,-26.1322796111987,22.0698002259133));
#1159=CARTESIAN_POINT('Ctrl Pts',(50.854400732537,-26.0760869722104,21.8309990789358));
#1160=CARTESIAN_POINT('Ctrl Pts',(50.6706461900471,-26.0199039289784,21.5922387109224));
#1161=CARTESIAN_POINT('Ctrl Pts',(50.4868916475571,-25.9549262087668,21.3555212743406));
#1162=CARTESIAN_POINT('Ctrl Pts',(50.3031371050672,-25.8813282021387,21.1214990727868));
#1163=CARTESIAN_POINT('Ctrl Pts',(50.1194022527366,-25.8077380818816,20.8875019478073));
#1164=CARTESIAN_POINT('Ctrl Pts',(49.935667400406,-25.7255296034649,20.6561997479404));
#1165=CARTESIAN_POINT('Ctrl Pts',(49.7519325480755,-25.6349269537529,20.4282293948784));
#1166=CARTESIAN_POINT('Ctrl Pts',(49.5681834772144,-25.5443172926519,20.2002414000714));
#1167=CARTESIAN_POINT('Ctrl Pts',(49.3844344063534,-25.4453122627602,19.975586028366));
#1168=CARTESIAN_POINT('Ctrl Pts',(49.2006853354924,-25.3381845972264,19.7548812092772));
#1169=CARTESIAN_POINT('Ctrl Pts',(49.0169387046153,-25.2310583542293,19.5341793209038));
#1170=CARTESIAN_POINT('Ctrl Pts',(48.8331920737383,-25.1158098153287,19.317428130996));
#1171=CARTESIAN_POINT('Ctrl Pts',(48.6494454428613,-24.9927584987228,19.1052225689091));
#1172=CARTESIAN_POINT('Ctrl Pts',(48.4656590383326,-24.8696805465253,18.8929710729726));
#1173=CARTESIAN_POINT('Ctrl Pts',(48.2818726338038,-24.7387965813139,18.6852674134983));
#1174=CARTESIAN_POINT('Ctrl Pts',(48.0980862292751,-24.6004711438982,18.482680232084));
#1175=CARTESIAN_POINT('Ctrl Pts',(47.9699111418051,-24.5040011406598,18.3413932322939));
#1176=CARTESIAN_POINT('Ctrl Pts',(47.8417360543352,-24.4039126521973,18.2025942584065));
#1177=CARTESIAN_POINT('Ctrl Pts',(47.7135609668652,-24.3003416364872,18.0664676012305));
#1178=CARTESIAN_POINT('Ctrl Pts',(47.5297857044395,-24.1518432740713,17.8712915132758));
#1179=CARTESIAN_POINT('Ctrl Pts',(47.3460104420139,-23.9961390376183,17.6815512691864));
#1180=CARTESIAN_POINT('Ctrl Pts',(47.1622351795882,-23.8336517561283,17.497773127412));
#1181=CARTESIAN_POINT('Ctrl Pts',(46.9784914673278,-23.6711923701261,17.3140265362972));
#1182=CARTESIAN_POINT('Ctrl Pts',(46.7947477550674,-23.501952448959,17.1362402137327));
#1183=CARTESIAN_POINT('Ctrl Pts',(46.611004042807,-23.3263941950036,16.9649062733853));
#1184=CARTESIAN_POINT('Ctrl Pts',(46.4272801541703,-23.1508548815644,16.7935908178041));
#1185=CARTESIAN_POINT('Ctrl Pts',(46.2435562655337,-22.9689987965911,16.6287265498289));
#1186=CARTESIAN_POINT('Ctrl Pts',(46.0598323768971,-22.7813247355866,16.470768472291));
#1187=CARTESIAN_POINT('Ctrl Pts',(45.876094394581,-22.5936362778803,16.3127982775998));
#1188=CARTESIAN_POINT('Ctrl Pts',(45.6923564122649,-22.4001291644755,16.1617355144518));
#1189=CARTESIAN_POINT('Ctrl Pts',(45.5086184299488,-22.2013359739533,16.0179954849708));
#1190=CARTESIAN_POINT('Ctrl Pts',(45.324882940155,-22.0025454801869,15.8742574054146));
#1191=CARTESIAN_POINT('Ctrl Pts',(45.1411474503612,-21.7984692806791,15.7378420231402));
#1192=CARTESIAN_POINT('Ctrl Pts',(44.9574119605674,-21.5896702889878,15.6091222417313));
#1193=CARTESIAN_POINT('Ctrl Pts',(44.7736367052365,-21.3808261073113,15.4803746017348));
#1194=CARTESIAN_POINT('Ctrl Pts',(44.5898614499056,-21.1672573288093,15.3593260383347));
#1195=CARTESIAN_POINT('Ctrl Pts',(44.4060861945747,-20.9495540933919,15.2463049937941));
#1196=CARTESIAN_POINT('Ctrl Pts',(44.2778452700208,-20.7976377533056,15.1674373398227));
#1197=CARTESIAN_POINT('Ctrl Pts',(44.1496043454669,-20.6437087275525,15.0924777079038));
#1198=CARTESIAN_POINT('Ctrl Pts',(44.021363420913,-20.4879743253553,15.0215242791125));
#1199=CARTESIAN_POINT('Ctrl Pts',(43.838271000727,-20.2656288556567,14.9202224907552));
#1200=CARTESIAN_POINT('Ctrl Pts',(43.655178580541,-20.0395303343696,14.8270561219653));
#1201=CARTESIAN_POINT('Ctrl Pts',(43.472086160355,-19.8102954265721,14.7422877266235));
#1202=CARTESIAN_POINT('Ctrl Pts',(43.2890273514435,-19.5811026006773,14.6575348926785));
#1203=CARTESIAN_POINT('Ctrl Pts',(43.105968542532,-19.3487748037838,14.5811770533189));
#1204=CARTESIAN_POINT('Ctrl Pts',(42.9229097336204,-19.1139472985317,14.5134280797578));
#1205=CARTESIAN_POINT('Ctrl Pts',(42.7398518835957,-18.8791210233378,14.445679461075));
#1206=CARTESIAN_POINT('Ctrl Pts',(42.5567940335709,-18.6417953377019,14.3865397005891));
#1207=CARTESIAN_POINT('Ctrl Pts',(42.3737361835462,-18.4026204134683,14.3361727206095));
#1208=CARTESIAN_POINT('Ctrl Pts',(42.1906891083938,-18.1634595671848,14.2858087052544));
#1209=CARTESIAN_POINT('Ctrl Pts',(42.0076420332414,-17.9224499779221,14.2442164961473));
#1210=CARTESIAN_POINT('Ctrl Pts',(41.824594958089,-17.6802524956753,14.2115089892653));
#1211=CARTESIAN_POINT('Ctrl Pts',(41.6415132353595,-17.4380091697244,14.1787952914301));
#1212=CARTESIAN_POINT('Ctrl Pts',(41.45843151263,-17.1945777828308,14.1549696960517));
#1213=CARTESIAN_POINT('Ctrl Pts',(41.2753497899006,-16.9506261579014,14.1400934294025));
#1214=CARTESIAN_POINT('Ctrl Pts',(41.1232092733878,-16.7479028840127,14.1277312839187));
#1215=CARTESIAN_POINT('Ctrl Pts',(40.9710687568751,-16.5448205520165,14.1215482427044));
#1216=CARTESIAN_POINT('Ctrl Pts',(40.8189282403624,-16.3417637422378,14.1215520828381));
#1217=CARTESIAN_POINT('Ctrl Pts',(40.8189282161613,-16.3417637006808,14.1210626962717));
#1218=CARTESIAN_POINT('Ctrl Pts',(40.6556741024277,-16.123863281086,14.1208727931892));
#1219=CARTESIAN_POINT('Ctrl Pts',(39.2616874733766,-14.2633689412506,14.1804742110539));
#1220=CARTESIAN_POINT('Ctrl Pts',(36.6369683290082,-10.8254732075635,15.2886413579628));
#1221=CARTESIAN_POINT('Ctrl Pts',(33.7969204765204,-8.11568903683527,18.1051586044385));
#1222=CARTESIAN_POINT('Ctrl Pts',(32.1876051393501,-7.19341620498072,20.051962095197));
#1223=CARTESIAN_POINT('Ctrl Pts',(31.8090223174973,-7.01197581299018,20.5237014154096));
#1224=CARTESIAN_POINT('Origin',(-9.79197488703214,-16.3419528584586,24.1215520810498));
#1225=CARTESIAN_POINT('',(-6.24827178383868,-16.3417890809219,14.121552082391));
#1226=CARTESIAN_POINT('Ctrl Pts',(31.8090223174973,-7.01197581299018,20.5237014154096));
#1227=CARTESIAN_POINT('Ctrl Pts',(30.9568726240327,-6.60357277541937,21.585536485334));
#1228=CARTESIAN_POINT('Ctrl Pts',(28.8739904152506,-6.04519584586766,24.3514011539137));
#1229=CARTESIAN_POINT('Ctrl Pts',(25.5603756911512,-7.03894819562094,28.8019312664417));
#1230=CARTESIAN_POINT('Ctrl Pts',(21.8681781451987,-10.3608918229863,32.6467360365578));
#1231=CARTESIAN_POINT('Ctrl Pts',(18.1759805992465,-15.1066756479907,34.4620516109841));
#1232=CARTESIAN_POINT('Ctrl Pts',(14.483783053294,-20.1465261612052,33.8157297957813));
#1233=CARTESIAN_POINT('Ctrl Pts',(10.7915855073418,-24.280669382547,30.8616278195279));
#1234=CARTESIAN_POINT('Ctrl Pts',(7.09938796138936,-26.5249333440827,26.3030038013737));
#1235=CARTESIAN_POINT('Ctrl Pts',(3.40719041543705,-26.3450656854923,21.2250525059838));
#1236=CARTESIAN_POINT('Ctrl Pts',(-0.285007130515323,-23.7838583691827,
16.8366686005998));
#1237=CARTESIAN_POINT('Ctrl Pts',(-3.5034945302739,-20.0069816668823,14.5229787097507));
#1238=CARTESIAN_POINT('Ctrl Pts',(-5.49124941471501,-17.3525397370025,14.1227689972222));
#1239=CARTESIAN_POINT('Ctrl Pts',(-6.24827178383868,-16.3417890915748,14.122202531954));
#1240=CARTESIAN_POINT('Ctrl Pts',(-6.24827178383868,-16.3417890809219,14.121552082391));
#1241=CARTESIAN_POINT('Ctrl Pts',(-6.43670428521179,-16.0901840194236,14.1215562031167));
#1242=CARTESIAN_POINT('Ctrl Pts',(-6.6251367865849,-15.8386165351376,14.131060428824));
#1243=CARTESIAN_POINT('Ctrl Pts',(-6.81356928795801,-15.5877957775357,14.1500302765661));
#1244=CARTESIAN_POINT('Ctrl Pts',(-7.00206083081917,-15.3368964303559,14.1690060681238));
#1245=CARTESIAN_POINT('Ctrl Pts',(-7.19055237368033,-15.086744524485,14.1974533896739));
#1246=CARTESIAN_POINT('Ctrl Pts',(-7.37904391654149,-14.8380448943654,14.2352858072973));
#1247=CARTESIAN_POINT('Ctrl Pts',(-7.475830018501,-14.7103433148002,14.2547118896237));
#1248=CARTESIAN_POINT('Ctrl Pts',(-7.5726161204605,-14.5830245369328,14.2766115972734));
#1249=CARTESIAN_POINT('Ctrl Pts',(-7.66940222242,-14.456183150615,14.3009679533627));
#1250=CARTESIAN_POINT('Ctrl Pts',(-7.85335345529538,-14.2151089785967,14.3472595349046));
#1251=CARTESIAN_POINT('Ctrl Pts',(-8.03730468817075,-13.9757053089256,14.4024388520471));
#1252=CARTESIAN_POINT('Ctrl Pts',(-8.22125592104612,-13.7386326552009,14.4663605283508));
#1253=CARTESIAN_POINT('Ctrl Pts',(-8.40517636192908,-13.5015996855775,14.5302715046676));
#1254=CARTESIAN_POINT('Ctrl Pts',(-8.58909680281203,-13.2668972219252,14.6029218462067));
#1255=CARTESIAN_POINT('Ctrl Pts',(-8.77301724369499,-13.0351726701951,14.6841157349594));
#1256=CARTESIAN_POINT('Ctrl Pts',(-8.95691809665347,-12.8034727976306,14.7653009763875));
#1257=CARTESIAN_POINT('Ctrl Pts',(-9.14081894961195,-12.5747504666433,14.8550278560387));
#1258=CARTESIAN_POINT('Ctrl Pts',(-9.32471980257043,-12.3496360934856,14.9530512849482));
#1259=CARTESIAN_POINT('Ctrl Pts',(-9.50863383467759,-12.124505587636,15.0510817386503));
#1260=CARTESIAN_POINT('Ctrl Pts',(-9.69254786678475,-11.902983813003,15.1574098211094));
#1261=CARTESIAN_POINT('Ctrl Pts',(-9.87646189889192,-11.6856806312785,15.2717425381053));
#1262=CARTESIAN_POINT('Ctrl Pts',(-10.0603726406237,-11.4683813372892,15.3860732095936));
#1263=CARTESIAN_POINT('Ctrl Pts',(-10.2442833823554,-11.25530073106,15.5084080977694));
#1264=CARTESIAN_POINT('Ctrl Pts',(-10.4281941240872,-11.0470241862251,15.6384081853022));
#1265=CARTESIAN_POINT('Ctrl Pts',(-10.612142189394,-10.8387053729224,15.7684346555682));
#1266=CARTESIAN_POINT('Ctrl Pts',(-10.7960902547008,-10.6351928061645,15.9061292867366));
#1267=CARTESIAN_POINT('Ctrl Pts',(-10.9800383200076,-10.4370441406469,16.0511089064582));
#1268=CARTESIAN_POINT('Ctrl Pts',(-11.1072254694625,-10.3000382749237,16.1513521165768));
#1269=CARTESIAN_POINT('Ctrl Pts',(-11.2344126189174,-10.1655961719279,16.2550771800299));
#1270=CARTESIAN_POINT('Ctrl Pts',(-11.3615997683724,-10.0338934489507,16.3621457580043));
#1271=CARTESIAN_POINT('Ctrl Pts',(-11.5449923775124,-9.84398978257294,16.5165291682449));
#1272=CARTESIAN_POINT('Ctrl Pts',(-11.7283849866523,-9.65972557482587,16.6779125801768));
#1273=CARTESIAN_POINT('Ctrl Pts',(-11.9117775957923,-9.48161147224784,16.8458585701435));
#1274=CARTESIAN_POINT('Ctrl Pts',(-12.0951381920774,-9.30352846111318,17.0137752436038));
#1275=CARTESIAN_POINT('Ctrl Pts',(-12.2784987883625,-9.13159361739164,17.1882520149594));
#1276=CARTESIAN_POINT('Ctrl Pts',(-12.4618593846476,-8.96628222222762,17.3688131799934));
#1277=CARTESIAN_POINT('Ctrl Pts',(-12.6452007949717,-8.80098812444394,17.5493554519854));
#1278=CARTESIAN_POINT('Ctrl Pts',(-12.8285422052959,-8.64231628192897,17.7359806384882));
#1279=CARTESIAN_POINT('Ctrl Pts',(-13.01188361562,-8.49070371705319,17.9281776438322));
#1280=CARTESIAN_POINT('Ctrl Pts',(-13.1952428068456,-8.33907644841749,18.1203932889151));
#1281=CARTESIAN_POINT('Ctrl Pts',(-13.3786019980713,-8.19451000266753,18.3181816129883));
#1282=CARTESIAN_POINT('Ctrl Pts',(-13.5619611892969,-8.05740064203569,18.5209990214527));
#1283=CARTESIAN_POINT('Ctrl Pts',(-13.745320538883,-7.92029116298765,18.7238166050829));
#1284=CARTESIAN_POINT('Ctrl Pts',(-13.928679888469,-7.79063893773014,18.9316630464908));
#1285=CARTESIAN_POINT('Ctrl Pts',(-14.1120392380551,-7.66879685588257,19.1439658231353));
#1286=CARTESIAN_POINT('Ctrl Pts',(-14.2954450810215,-7.546923879236,19.3563224321791));
#1287=CARTESIAN_POINT('Ctrl Pts',(-14.4788509239879,-7.4328651443918,19.5731373899238));
#1288=CARTESIAN_POINT('Ctrl Pts',(-14.6622567669542,-7.32692821254073,19.7938124131061));
#1289=CARTESIAN_POINT('Ctrl Pts',(-14.7927702827444,-7.25154238401814,19.950847067274));
#1290=CARTESIAN_POINT('Ctrl Pts',(-14.9232837985346,-7.18026840169428,20.1098358806295));
#1291=CARTESIAN_POINT('Ctrl Pts',(-15.0537973143248,-7.11320250070678,20.2705565170046));
#1292=CARTESIAN_POINT('Ctrl Pts',(-15.1219111889471,-7.07820138726927,20.3544352264931));
#1293=CARTESIAN_POINT('Ctrl Pts',(-15.1900250635695,-7.04434216736129,20.4387952726442));
#1294=CARTESIAN_POINT('Ctrl Pts',(-15.2581389381919,-7.01163789177082,20.5236050799946));
#1295=CARTESIAN_POINT('',(10.4402525560149,-16.342172653367,14.1215520834653));
#1296=CARTESIAN_POINT('Ctrl Pts',(1.42397064912803,-7.01163789177082,20.5236050799946));
#1297=CARTESIAN_POINT('Ctrl Pts',(1.61237041734428,-7.10207383192834,20.2890836137999));
#1298=CARTESIAN_POINT('Ctrl Pts',(1.80077018556052,-7.20135950477919,20.0579656271665));
#1299=CARTESIAN_POINT('Ctrl Pts',(1.98916995377676,-7.30920875716578,19.8309187943939));
#1300=CARTESIAN_POINT('Ctrl Pts',(2.17305567258253,-7.41447394663784,19.609311992845));
#1301=CARTESIAN_POINT('Ctrl Pts',(2.35694139138831,-7.52789694591529,19.3915837619352));
#1302=CARTESIAN_POINT('Ctrl Pts',(2.54082711019408,-7.64916404263749,19.178332219104));
#1303=CARTESIAN_POINT('Ctrl Pts',(2.73148390311555,-7.77489645893446,18.9572282883267));
#1304=CARTESIAN_POINT('Ctrl Pts',(2.92214069603702,-7.90906142363999,18.7409372480737));
#1305=CARTESIAN_POINT('Ctrl Pts',(3.11279748895849,-8.0512581345456,18.5300960099641));
#1306=CARTESIAN_POINT('Ctrl Pts',(3.30345428187997,-8.1934548454512,18.3192547718545));
#1307=CARTESIAN_POINT('Ctrl Pts',(3.49411107480144,-8.3436831085346,18.1138636088154));
#1308=CARTESIAN_POINT('Ctrl Pts',(3.68476786772291,-8.50149275581392,17.9145249843765));
#1309=CARTESIAN_POINT('Ctrl Pts',(3.86868249850439,-8.65372180870208,17.722235536136));
#1310=CARTESIAN_POINT('Ctrl Pts',(4.05259712928587,-8.81305120122908,17.5355199128449));
#1311=CARTESIAN_POINT('Ctrl Pts',(4.23651176006735,-8.97904802180023,17.3548961590812));
#1312=CARTESIAN_POINT('Ctrl Pts',(4.42039488882753,-9.14501640942205,17.1743033436573));
#1313=CARTESIAN_POINT('Ctrl Pts',(4.60427801758771,-9.31764975607668,16.9998005206598));
#1314=CARTESIAN_POINT('Ctrl Pts',(4.78816114634789,-9.49647644197715,16.8318708375799));
#1315=CARTESIAN_POINT('Ctrl Pts',(4.97202449275085,-9.6752838894983,16.6639592205674));
#1316=CARTESIAN_POINT('Ctrl Pts',(5.15588783915381,-9.86028314202307,16.5026195229546));
#1317=CARTESIAN_POINT('Ctrl Pts',(5.33975118555677,-10.0509667082386,16.3482970834481));
#1318=CARTESIAN_POINT('Ctrl Pts',(5.52362861283562,-10.2416648776455,16.193962825408));
#1319=CARTESIAN_POINT('Ctrl Pts',(5.70750604011446,-10.4380480150151,16.0466470776662));
#1320=CARTESIAN_POINT('Ctrl Pts',(5.89138346739331,-10.6395756172438,15.9067548346854));
#1321=CARTESIAN_POINT('Ctrl Pts',(6.07525842866218,-10.8411005167532,15.7668644678223));
#1322=CARTESIAN_POINT('Ctrl Pts',(6.25913338993105,-11.0477695121213,15.6343975644557));
#1323=CARTESIAN_POINT('Ctrl Pts',(6.44300835119991,-11.2590125870529,15.5097161445423));
#1324=CARTESIAN_POINT('Ctrl Pts',(6.62692293973596,-11.4703011874095,15.3850078542823));
#1325=CARTESIAN_POINT('Ctrl Pts',(6.81083752827202,-11.6861655965036,15.268088543181));
#1326=CARTESIAN_POINT('Ctrl Pts',(6.99475211680807,-11.9060094340764,15.1592752533859));
#1327=CARTESIAN_POINT('Ctrl Pts',(7.12200266726337,-12.0581194410532,15.0839873105778));
#1328=CARTESIAN_POINT('Ctrl Pts',(7.24925321771867,-12.2121339600228,15.0125789883264));
#1329=CARTESIAN_POINT('Ctrl Pts',(7.37650376817398,-12.367849113956,14.9451421388158));
#1330=CARTESIAN_POINT('Ctrl Pts',(7.55970548174622,-12.5920311149585,14.8480537856099));
#1331=CARTESIAN_POINT('Ctrl Pts',(7.74290719531847,-12.8198116160705,14.7591677904901));
#1332=CARTESIAN_POINT('Ctrl Pts',(7.92610890889072,-13.0505692889748,14.6787350120533));
#1333=CARTESIAN_POINT('Ctrl Pts',(8.10927681032924,-13.2812843727071,14.5983170784769));
#1334=CARTESIAN_POINT('Ctrl Pts',(8.29244471176776,-13.5149752632441,14.526349340817));
#1335=CARTESIAN_POINT('Ctrl Pts',(8.47561261320628,-13.7510029549448,14.4630336337163));
#1336=CARTESIAN_POINT('Ctrl Pts',(8.65877653583184,-13.9870255196006,14.3997193019731));
#1337=CARTESIAN_POINT('Ctrl Pts',(8.84194045845741,-14.2253845104996,14.3450567022522));
#1338=CARTESIAN_POINT('Ctrl Pts',(9.02510438108298,-14.4654269889391,14.2991974417067));
#1339=CARTESIAN_POINT('Ctrl Pts',(9.20825791029305,-14.7054558464582,14.2533407833896));
#1340=CARTESIAN_POINT('Ctrl Pts',(9.39141143950313,-14.9471677213644,14.2162865184269));
#1341=CARTESIAN_POINT('Ctrl Pts',(9.57456496871321,-15.1898999585949,14.1881350397736));
#1342=CARTESIAN_POINT('Ctrl Pts',(9.75774620917243,-15.4326689213722,14.1599793017831));
#1343=CARTESIAN_POINT('Ctrl Pts',(9.94092744963166,-15.6764582727213,14.1407290751016));
#1344=CARTESIAN_POINT('Ctrl Pts',(10.1241086900909,-15.9205994403242,14.1304329596988));
#1345=CARTESIAN_POINT('Ctrl Pts',(10.2294899787322,-16.0610500169656,14.1245097663279));
#1346=CARTESIAN_POINT('Ctrl Pts',(10.3348712673736,-16.2016169467824,14.1215489941224));
#1347=CARTESIAN_POINT('Ctrl Pts',(10.4402525560149,-16.342172653367,14.1215520834653));
#1348=CARTESIAN_POINT('Ctrl Pts',(10.4402525725263,-16.34217268233,14.1212363487599));
#1349=CARTESIAN_POINT('Ctrl Pts',(10.6495816045592,-16.6213808794108,14.1209684355577));
#1350=CARTESIAN_POINT('Ctrl Pts',(12.0894892700758,-18.5418142709613,14.1998352903908));
#1351=CARTESIAN_POINT('Ctrl Pts',(14.7599755690761,-22.0158617637469,15.3897953999597));
#1352=CARTESIAN_POINT('Ctrl Pts',(18.4517114695271,-25.4699968097804,19.110004219338));
#1353=CARTESIAN_POINT('Ctrl Pts',(22.1434473699782,-26.7547694922483,24.0212536160866));
#1354=CARTESIAN_POINT('Ctrl Pts',(25.8351832704293,-25.5648390959173,28.9563398146681));
#1355=CARTESIAN_POINT('Ctrl Pts',(29.5269191708803,-22.1830049996455,32.742394262353));
#1356=CARTESIAN_POINT('Ctrl Pts',(33.2186550713314,-17.4129902814127,34.4796251251117));
#1357=CARTESIAN_POINT('Ctrl Pts',(36.9103909717823,-12.3884344827127,33.7551656012148));
#1358=CARTESIAN_POINT('Ctrl Pts',(40.6021268722335,-8.30346716695278,30.7411854636633));
#1359=CARTESIAN_POINT('Ctrl Pts',(44.2938627726846,-6.12892399514151,26.1539951487817));
#1360=CARTESIAN_POINT('Ctrl Pts',(46.9350344053396,-6.30969106956099,22.5266071612385));
#1361=CARTESIAN_POINT('Ctrl Pts',(48.3456274045109,-6.9246363444374,20.7474093551422));
#1362=CARTESIAN_POINT('Ctrl Pts',(48.5256417701986,-7.01123100287523,20.523469176989));
#1363=CARTESIAN_POINT('Origin',(-18.632330944955,-16.3419528584586,23.9094722590792));
#1364=CARTESIAN_POINT('Ctrl Pts',(-19.0929126732673,-9.29259622902172,17.0288395455657));
#1365=CARTESIAN_POINT('Ctrl Pts',(-18.5790724428407,-9.43569964894976,16.4997556938949));
#1366=CARTESIAN_POINT('Ctrl Pts',(-18.0746926689468,-9.62777220090508,15.977350927558));
#1367=CARTESIAN_POINT('Ctrl Pts',(-17.0607005269019,-10.1154734996937,14.9384276625112));
#1368=CARTESIAN_POINT('Ctrl Pts',(-16.5542483747021,-10.4135054629965,14.4256084507047));
#1369=CARTESIAN_POINT('Ctrl Pts',(-14.993453937603,-11.4895404891345,12.8921756886103));
#1370=CARTESIAN_POINT('Ctrl Pts',(-13.9750783857441,-12.4220516299249,11.9628073847398));
#1371=CARTESIAN_POINT('Ctrl Pts',(-12.0577938693239,-14.5098725590227,10.4738628157648));
#1372=CARTESIAN_POINT('Ctrl Pts',(-11.1663810630703,-15.637019918524,9.90054113595472));
#1373=CARTESIAN_POINT('Ctrl Pts',(-9.70897307833367,-17.6586609581749,9.21316907110016));
#1374=CARTESIAN_POINT('Ctrl Pts',(-9.13660851741256,-18.5018098232241,9.01209463103566));
#1375=CARTESIAN_POINT('Ctrl Pts',(-8.57396328060033,-19.3620505127428,8.88698119025744));
#1376=CARTESIAN_POINT('',(-33.2739748870321,-16.836629514532,21.4801943525059));
#1377=CARTESIAN_POINT('',(-18.6513424940965,-18.3317018034619,14.0248971788585));
#1378=CARTESIAN_POINT('Origin',(-33.2739748870321,-16.3419528584586,23.9351402299375));
#1379=CARTESIAN_POINT('',(-8.89128505271984,-16.341892461565,39.0006077088223));
#1380=CARTESIAN_POINT('Ctrl Pts',(-8.89128505271984,-16.341892461565,39.0006077088223));
#1381=CARTESIAN_POINT('Ctrl Pts',(-9.61174359600001,-18.1985266725105,38.6294580387232));
#1382=CARTESIAN_POINT('Ctrl Pts',(-10.3480304350054,-19.9525833513339,37.9086412806237));
#1383=CARTESIAN_POINT('Ctrl Pts',(-11.8813355300273,-23.0212372762518,35.8385279196935));
#1384=CARTESIAN_POINT('Ctrl Pts',(-12.6581820111373,-24.3117752490493,34.5227819144824));
#1385=CARTESIAN_POINT('Ctrl Pts',(-14.2540409521741,-26.176000250502,31.5407243210719));
#1386=CARTESIAN_POINT('Ctrl Pts',(-15.0479577471839,-26.7674789844203,29.9285956057456));
#1387=CARTESIAN_POINT('Ctrl Pts',(-16.3675709137858,-27.1082266510387,27.3061353369691));
#1388=CARTESIAN_POINT('Ctrl Pts',(-16.8611352940101,-27.1062235837532,26.3383789071281));
#1389=CARTESIAN_POINT('Ctrl Pts',(-17.8492220230402,-26.8497049923766,24.492664148467));
#1390=CARTESIAN_POINT('Ctrl Pts',(-18.3391949439084,-26.6085350375168,23.6190655674017));
#1391=CARTESIAN_POINT('Ctrl Pts',(-18.8444439687813,-26.2539539076455,22.7978318685736));
#1392=CARTESIAN_POINT('',(-6.57147526024581,-10.0312911896139,38.9264298295647));
#1393=CARTESIAN_POINT('Ctrl Pts',(-6.57158268945907,-10.0315736263982,38.9267432058488));
#1394=CARTESIAN_POINT('Ctrl Pts',(-6.94398461378924,-11.0720603507142,39.1547265741233));
#1395=CARTESIAN_POINT('Ctrl Pts',(-7.32191209326379,-12.1292495647911,39.2774787952671));
#1396=CARTESIAN_POINT('Ctrl Pts',(-8.09633407230539,-14.2500353050145,39.3038397428503));
#1397=CARTESIAN_POINT('Ctrl Pts',(-8.48984734310045,-15.3073804938818,39.2074113825108));
#1398=CARTESIAN_POINT('Ctrl Pts',(-8.89128505271983,-16.341892461565,39.0006077088223));
#1399=CARTESIAN_POINT('Ctrl Pts',(-6.57191871868297,-10.0321666684455,38.9268039749481));
#1400=CARTESIAN_POINT('Ctrl Pts',(-7.47525693497582,-11.4603774922608,39.0205534740274));
#1401=CARTESIAN_POINT('Ctrl Pts',(-8.39977018575437,-12.8825144050537,38.9165023749577));
#1402=CARTESIAN_POINT('Ctrl Pts',(-10.2649421087248,-15.5507156396113,38.3255248337801));
#1403=CARTESIAN_POINT('Ctrl Pts',(-11.1960199728485,-16.7885849575109,37.8575096018081));
#1404=CARTESIAN_POINT('Ctrl Pts',(-13.177839796197,-19.1029316071225,36.5557740596704));
#1405=CARTESIAN_POINT('Ctrl Pts',(-14.2192190225423,-20.1565907400381,35.7120592904735));
#1406=CARTESIAN_POINT('Ctrl Pts',(-16.325840371165,-21.8367336458169,33.8045625592201));
#1407=CARTESIAN_POINT('Ctrl Pts',(-17.3718890192047,-22.4703879351905,32.7704444903327));
#1408=CARTESIAN_POINT('Ctrl Pts',(-18.4656475349835,-22.8932268948081,31.6767362945983));
#1409=CARTESIAN_POINT('Ctrl Pts',(-8.11366685340765,-19.4091129522227,8.65230069660979));
#1410=CARTESIAN_POINT('Ctrl Pts',(-8.2710122254957,-18.9731128406011,8.64790903624863));
#1411=CARTESIAN_POINT('Ctrl Pts',(-8.42918968859447,-18.5373548462161,8.66209398611585));
#1412=CARTESIAN_POINT('Ctrl Pts',(-8.91816082231602,-17.2029564203248,8.76325517785409));
#1413=CARTESIAN_POINT('Ctrl Pts',(-9.25113813226843,-16.3115627334842,8.91188525496653));
#1414=CARTESIAN_POINT('Ctrl Pts',(-10.2297541037371,-13.7916913551538,9.57572993237103));
#1415=CARTESIAN_POINT('Ctrl Pts',(-10.8799571153571,-12.243831987589,10.2934086396769));
#1416=CARTESIAN_POINT('Ctrl Pts',(-11.9275760360401,-10.1105979972687,11.8127129213716));
#1417=CARTESIAN_POINT('Ctrl Pts',(-12.3051347465497,-9.41040416738345,12.4295083463938));
#1418=CARTESIAN_POINT('Ctrl Pts',(-13.4509816333923,-7.54884165769773,14.4629634194304));
#1419=CARTESIAN_POINT('Ctrl Pts',(-14.1944032921232,-6.68450273824449,15.9821738907302));
#1420=CARTESIAN_POINT('Ctrl Pts',(-15.2468480108089,-5.95065975632217,18.1865255113582));
#1421=CARTESIAN_POINT('Ctrl Pts',(-15.5638165130128,-5.79157480058515,18.8574669142239));
#1422=CARTESIAN_POINT('Ctrl Pts',(-16.3534277873089,-5.55644285711462,20.5131518658739));
#1423=CARTESIAN_POINT('Ctrl Pts',(-16.829605377422,-5.54880900686527,21.499038101455));
#1424=CARTESIAN_POINT('Ctrl Pts',(-17.7835381269692,-5.79529629188059,23.3762855466894));
#1425=CARTESIAN_POINT('Ctrl Pts',(-18.2562671292143,-6.0342376845238,24.2626626532648));
#1426=CARTESIAN_POINT('Ctrl Pts',(-18.7459948602771,-6.38951832608675,25.0957424519997));
#1427=CARTESIAN_POINT('Origin',(-9.79197488703214,-16.3419528584586,24.1215520810498));
#1428=CARTESIAN_POINT('',(17.4769976534094,-16.342206702109,14.1215520842716));
#1429=CARTESIAN_POINT('Ctrl Pts',(43.981402086755,-12.5027187415393,33.355802567081));
#1430=CARTESIAN_POINT('Ctrl Pts',(42.8906944910976,-13.846445192517,33.913103821834));
#1431=CARTESIAN_POINT('Ctrl Pts',(40.5592843273452,-16.9822684052856,34.4732702250714));
#1432=CARTESIAN_POINT('Ctrl Pts',(36.9871715954977,-21.6905003489767,33.0644430033567));
#1433=CARTESIAN_POINT('Ctrl Pts',(33.2650638912125,-25.3047296344877,29.4367067998926));
#1434=CARTESIAN_POINT('Ctrl Pts',(29.5429561869272,-26.7544073947373,24.5253355171858));
#1435=CARTESIAN_POINT('Ctrl Pts',(25.8208484826419,-25.6894265669332,19.5164486366742));
#1436=CARTESIAN_POINT('Ctrl Pts',(22.0987407783567,-22.3669867345755,15.6197159661265));
#1437=CARTESIAN_POINT('Ctrl Pts',(19.3174571740241,-18.797067450174,14.242192634254));
#1438=CARTESIAN_POINT('Ctrl Pts',(17.7768761377866,-16.7422330287928,14.1211943135593));
#1439=CARTESIAN_POINT('Ctrl Pts',(17.4769976696442,-16.3422067226608,14.1215956072242));
#1440=CARTESIAN_POINT('Ctrl Pts',(17.4769976534094,-16.342206702109,14.1215520842716));
#1441=CARTESIAN_POINT('Ctrl Pts',(17.2937520639446,-16.0977630985146,14.121545879226));
#1442=CARTESIAN_POINT('Ctrl Pts',(17.1105064744798,-15.8532933728606,14.1305069183767));
#1443=CARTESIAN_POINT('Ctrl Pts',(16.927260885015,-15.6094679419938,14.1484148691615));
#1444=CARTESIAN_POINT('Ctrl Pts',(16.7378662587459,-15.3574606413609,14.1669237438145));
#1445=CARTESIAN_POINT('Ctrl Pts',(16.5484716324768,-15.1061419401313,14.194990350428));
#1446=CARTESIAN_POINT('Ctrl Pts',(16.3590770062078,-14.8562481562863,14.2325338518249));
#1447=CARTESIAN_POINT('Ctrl Pts',(16.1758330740654,-14.6144698098159,14.2688581074697));
#1448=CARTESIAN_POINT('Ctrl Pts',(15.992589141923,-14.3740255844431,14.3140533805206));
#1449=CARTESIAN_POINT('Ctrl Pts',(15.8093452097807,-14.1355744945803,14.367994037166));
#1450=CARTESIAN_POINT('Ctrl Pts',(15.6168752364482,-13.8851177707456,14.4246505202741));
#1451=CARTESIAN_POINT('Ctrl Pts',(15.4244052631158,-13.6368603790782,14.4909555905236));
#1452=CARTESIAN_POINT('Ctrl Pts',(15.2319352897834,-13.3915516922252,14.5667034188109));
#1453=CARTESIAN_POINT('Ctrl Pts',(15.039465316451,-13.1462430053722,14.6424512470982));
#1454=CARTESIAN_POINT('Ctrl Pts',(14.8469953431186,-12.9038833665118,14.7276417172032));
#1455=CARTESIAN_POINT('Ctrl Pts',(14.6545253697862,-12.6652023750487,14.8220087652334));
#1456=CARTESIAN_POINT('Ctrl Pts',(14.4706548513246,-12.4371855218877,14.9121595443216));
#1457=CARTESIAN_POINT('Ctrl Pts',(14.286784332863,-12.2124506539233,15.010714463978));
#1458=CARTESIAN_POINT('Ctrl Pts',(14.1029138144015,-11.9916185769428,15.1174090546942));
#1459=CARTESIAN_POINT('Ctrl Pts',(13.919075398813,-11.7708250561385,15.2240850170684));
#1460=CARTESIAN_POINT('Ctrl Pts',(13.7352369832245,-11.5539332181162,15.3388976918117));
#1461=CARTESIAN_POINT('Ctrl Pts',(13.551398567636,-11.3415416590641,15.4615354623031));
#1462=CARTESIAN_POINT('Ctrl Pts',(13.36758040078,-11.1291734937073,15.584159724957));
#1463=CARTESIAN_POINT('Ctrl Pts',(13.1837622339241,-10.9213048600487,15.7146072224742));
#1464=CARTESIAN_POINT('Ctrl Pts',(12.9999440670682,-10.7185085344523,15.85252106558));
#1465=CARTESIAN_POINT('Ctrl Pts',(12.8161115200637,-10.5156963440405,15.9904456977258));
#1466=CARTESIAN_POINT('Ctrl Pts',(12.6322789730593,-10.3179574879489,16.1358376876971));
#1467=CARTESIAN_POINT('Ctrl Pts',(12.4484464260548,-10.1258356716999,16.2882968751675));
#1468=CARTESIAN_POINT('Ctrl Pts',(12.2646165840949,-9.93371668246972,16.4407538192435));
#1469=CARTESIAN_POINT('Ctrl Pts',(12.0807867421349,-9.74721478590611,16.6002775771508));
#1470=CARTESIAN_POINT('Ctrl Pts',(11.896956900175,-9.56684107868234,16.7664273117793));
#1471=CARTESIAN_POINT('Ctrl Pts',(11.7130857777238,-9.38642686707059,16.9326143566866));
#1472=CARTESIAN_POINT('Ctrl Pts',(11.5292146552727,-9.21214380142075,17.1054301624719));
#1473=CARTESIAN_POINT('Ctrl Pts',(11.3453435328215,-9.04446755273832,17.2843956390195));
#1474=CARTESIAN_POINT('Ctrl Pts',(11.207701577048,-8.91894873010994,17.4183653340949));
#1475=CARTESIAN_POINT('Ctrl Pts',(11.0700596212744,-8.79713144733769,17.5557803179072));
#1476=CARTESIAN_POINT('Ctrl Pts',(10.9324176655008,-8.67920112622558,17.6964267211708));
#1477=CARTESIAN_POINT('Ctrl Pts',(10.7485410099558,-8.52165735324174,17.884317034856));
#1478=CARTESIAN_POINT('Ctrl Pts',(10.5646643544107,-8.37100318398355,18.0780335897512));
#1479=CARTESIAN_POINT('Ctrl Pts',(10.3807876988657,-8.22765849583836,18.2770480818426));
#1480=CARTESIAN_POINT('Ctrl Pts',(10.1969431302797,-8.08433882171747,18.4760278453827));
#1481=CARTESIAN_POINT('Ctrl Pts',(10.0130985616936,-7.94832624605482,18.680303473505));
#1482=CARTESIAN_POINT('Ctrl Pts',(9.8292539931076,-7.81999865879427,18.8893157887152));
#1483=CARTESIAN_POINT('Ctrl Pts',(9.64542967524249,-7.69168520698616,19.0983050809441));
#1484=CARTESIAN_POINT('Ctrl Pts',(9.46160535737737,-7.57105519983508,19.3120297799615));
#1485=CARTESIAN_POINT('Ctrl Pts',(9.27778103951226,-7.45844225873966,19.5299032024136));
#1486=CARTESIAN_POINT('Ctrl Pts',(9.09394238890245,-7.34582053723611,19.7477936124121));
#1487=CARTESIAN_POINT('Ctrl Pts',(8.91010373829264,-7.2412172622085,19.9698331448867));
#1488=CARTESIAN_POINT('Ctrl Pts',(8.72626508768283,-7.14491988163103,20.1954109191523));
#1489=CARTESIAN_POINT('Ctrl Pts',(8.54242917813086,-7.04862393685985,20.4209853300243));
#1490=CARTESIAN_POINT('Ctrl Pts',(8.3585932685789,-6.96063374694634,20.6500976188338));
#1491=CARTESIAN_POINT('Ctrl Pts',(8.17475735902693,-6.88118871177217,20.8821166733325));
#1492=CARTESIAN_POINT('Ctrl Pts',(7.99088026832023,-6.80172588008429,21.1141877025112));
#1493=CARTESIAN_POINT('Ctrl Pts',(7.80700317761354,-6.73081211990365,21.3491665338302));
#1494=CARTESIAN_POINT('Ctrl Pts',(7.62312608690684,-6.66863746088923,21.586405296513));
#1495=CARTESIAN_POINT('Ctrl Pts',(7.48552071167651,-6.62210873210297,21.7639441559363));
#1496=CARTESIAN_POINT('Ctrl Pts',(7.34791533644618,-6.58047319576083,21.942748296547));
#1497=CARTESIAN_POINT('Ctrl Pts',(7.21030996121585,-6.54379195945107,22.1225415765352));
#1498=CARTESIAN_POINT('Ctrl Pts',(7.0264438729524,-6.49477908170808,22.3627784643177));
#1499=CARTESIAN_POINT('Ctrl Pts',(6.84257778468896,-6.45459827636811,22.604855966561));
#1500=CARTESIAN_POINT('Ctrl Pts',(6.65871169642552,-6.42336705538026,22.8481096335977));
#1501=CARTESIAN_POINT('Ctrl Pts',(6.47487771301854,-6.39214128767571,23.0913208261131));
#1502=CARTESIAN_POINT('Ctrl Pts',(6.29104372961157,-6.36986202050824,23.3357074957974));
#1503=CARTESIAN_POINT('Ctrl Pts',(6.10720974620459,-6.3565951415894,23.5805980477339));
#1504=CARTESIAN_POINT('Ctrl Pts',(5.92339600072378,-6.3433297231955,23.8254616401451));
#1505=CARTESIAN_POINT('Ctrl Pts',(5.73958225524296,-6.33907472719501,24.070828724489));
#1506=CARTESIAN_POINT('Ctrl Pts',(5.55576850976215,-6.34384401548555,24.3160246088375));
#1507=CARTESIAN_POINT('Ctrl Pts',(5.37194033583072,-6.34861367814114,24.5612397398244));
#1508=CARTESIAN_POINT('Ctrl Pts',(5.18811216189929,-6.36240903822656,24.806283363858));
#1509=CARTESIAN_POINT('Ctrl Pts',(5.00428398796787,-6.38519183296453,25.0504815085103));
#1510=CARTESIAN_POINT('Ctrl Pts',(4.82045848529918,-6.40797429663882,25.2946761046456));
#1511=CARTESIAN_POINT('Ctrl Pts',(4.63663298263049,-6.43974390572309,25.5380249672701));
#1512=CARTESIAN_POINT('Ctrl Pts',(4.45280747996181,-6.48041051369423,25.779859224621));
#1513=CARTESIAN_POINT('Ctrl Pts',(4.26894061302675,-6.52108627243271,26.0217478993216));
#1514=CARTESIAN_POINT('Ctrl Pts',(4.08507374609169,-6.57066298508106,26.262121011224));
#1515=CARTESIAN_POINT('Ctrl Pts',(3.90120687915663,-6.62899911332519,26.5003184724592));
#1516=CARTESIAN_POINT('Ctrl Pts',(3.7635386717478,-6.67267762015142,26.6786660891028));
#1517=CARTESIAN_POINT('Ctrl Pts',(3.62587046433897,-6.72126567415745,26.8557941815448));
#1518=CARTESIAN_POINT('Ctrl Pts',(3.48820225693014,-6.77468533704517,27.0314304588704));
#1519=CARTESIAN_POINT('Ctrl Pts',(3.30432444447643,-6.84603580305826,27.2660206745055));
#1520=CARTESIAN_POINT('Ctrl Pts',(3.12044663202272,-6.92602970020454,27.4980215699254));
#1521=CARTESIAN_POINT('Ctrl Pts',(2.93656881956901,-7.01445379384196,27.7267928773872));
#1522=CARTESIAN_POINT('Ctrl Pts',(2.75272311623894,-7.10286244668141,27.9555242363305));
#1523=CARTESIAN_POINT('Ctrl Pts',(2.56887741290887,-7.19969825647789,28.1810268720518));
#1524=CARTESIAN_POINT('Ctrl Pts',(2.3850317095788,-7.3046991946606,28.4026788271494));
#1525=CARTESIAN_POINT('Ctrl Pts',(2.20120628215949,-7.40968855253648,28.6243063367736));
#1526=CARTESIAN_POINT('Ctrl Pts',(2.01738085474018,-7.52284112094892,28.8420837607689));
#1527=CARTESIAN_POINT('Ctrl Pts',(1.83355542732087,-7.64384765252233,29.0554112021095));
#1528=CARTESIAN_POINT('Ctrl Pts',(1.64971571339774,-7.76486358845454,29.268755222785));
#1529=CARTESIAN_POINT('Ctrl Pts',(1.46587599947462,-7.89373457180199,29.4776483246259));
#1530=CARTESIAN_POINT('Ctrl Pts',(1.2820362855515,-8.03010586758084,29.6815160737602));
#1531=CARTESIAN_POINT('Ctrl Pts',(1.09819934011304,-8.16647510971288,29.885380752803));
#1532=CARTESIAN_POINT('Ctrl Pts',(0.914362394674577,-8.31034428101215,30.0842199988562));
#1533=CARTESIAN_POINT('Ctrl Pts',(0.730525449236119,-8.46131545691145,30.277488577257));
#1534=CARTESIAN_POINT('Ctrl Pts',(0.546647373339096,-8.61232041010007,30.4708003962874));
#1535=CARTESIAN_POINT('Ctrl Pts',(0.362769297442075,-8.77043037137529,30.6585388357711));
#1536=CARTESIAN_POINT('Ctrl Pts',(0.178891221545051,-8.93520641387681,30.8401908647377));
#1537=CARTESIAN_POINT('Ctrl Pts',(0.0412923319117972,-9.05851094801315,
30.9761239680372));
#1538=CARTESIAN_POINT('Ctrl Pts',(-0.096306557721457,-9.18554747624378,
31.1086494760617));
#1539=CARTESIAN_POINT('Ctrl Pts',(-0.233905447354712,-9.3161180838142,31.2375654115177));
#1540=CARTESIAN_POINT('Ctrl Pts',(-0.417785034110902,-9.49060546104918,
31.409841575963));
#1541=CARTESIAN_POINT('Ctrl Pts',(-0.601664620867095,-9.67145916699426,
31.5757234234678));
#1542=CARTESIAN_POINT('Ctrl Pts',(-0.785544207623287,-9.85818669199537,
31.7347495892343));
#1543=CARTESIAN_POINT('Ctrl Pts',(-0.969390918362881,-10.0448808317941,
31.8937473225524));
#1544=CARTESIAN_POINT('Ctrl Pts',(-1.15323762910247,-10.2374464810819,32.045891639682));
#1545=CARTESIAN_POINT('Ctrl Pts',(-1.33708433984207,-10.4353569611326,32.1907605246142));
#1546=CARTESIAN_POINT('Ctrl Pts',(-1.52092091818835,-10.6332565336896,32.3356214253486));
#1547=CARTESIAN_POINT('Ctrl Pts',(-1.70475749653462,-10.836500124194,32.4732075275232));
#1548=CARTESIAN_POINT('Ctrl Pts',(-1.8885940748809,-11.0445299566493,32.6031386425008));
#1549=CARTESIAN_POINT('Ctrl Pts',(-2.07241797308909,-11.2525454402355,32.7330607954726));
#1550=CARTESIAN_POINT('Ctrl Pts',(-2.25624187129729,-11.4653462683976,32.8553288684864));
#1551=CARTESIAN_POINT('Ctrl Pts',(-2.44006576950548,-11.6823470573254,32.9696068829848));
#1552=CARTESIAN_POINT('Ctrl Pts',(-2.62390250569521,-11.8993630012583,33.083892878486));
#1553=CARTESIAN_POINT('Ctrl Pts',(-2.80773924188494,-12.1205792443203,33.1901875701055));
#1554=CARTESIAN_POINT('Ctrl Pts',(-2.99157597807466,-12.3453861935884,33.2882011358161));
#1555=CARTESIAN_POINT('Ctrl Pts',(-3.03436756260978,-12.3977143939963,33.3110157041642));
#1556=CARTESIAN_POINT('Ctrl Pts',(-3.07715914714489,-12.4502370510652,33.3333817895275));
#1557=CARTESIAN_POINT('Ctrl Pts',(-3.11995073168001,-12.5029463120903,33.3552961070092));
#1558=CARTESIAN_POINT('',(33.8347220122025,-16.3417003866703,14.1215520842369));
#1559=CARTESIAN_POINT('Ctrl Pts',(13.2525455153385,-12.5030601482066,33.3549366334159));
#1560=CARTESIAN_POINT('Ctrl Pts',(13.6380926173996,-12.0275968623733,33.1577510917263));
#1561=CARTESIAN_POINT('Ctrl Pts',(15.2644582192677,-10.0861552400003,32.172216915473));
#1562=CARTESIAN_POINT('Ctrl Pts',(18.1316423209428,-7.326873489513,29.348920567681));
#1563=CARTESIAN_POINT('Ctrl Pts',(21.8540978203638,-5.92520709421405,24.4189708417102));
#1564=CARTESIAN_POINT('Ctrl Pts',(25.5765533197849,-7.0432993377298,19.4170770593282));
#1565=CARTESIAN_POINT('Ctrl Pts',(29.2990088192058,-10.4106878646624,15.5531714983803));
#1566=CARTESIAN_POINT('Ctrl Pts',(32.0517317158691,-13.9618218822402,14.2285526264055));
#1567=CARTESIAN_POINT('Ctrl Pts',(33.5636361127252,-15.9798304245436,14.1211054457391));
#1568=CARTESIAN_POINT('Ctrl Pts',(33.8347220097744,-16.3417003814741,14.1214746520385));
#1569=CARTESIAN_POINT('Ctrl Pts',(33.8347220122025,-16.3417003866703,14.1215520842369));
#1570=CARTESIAN_POINT('Ctrl Pts',(34.0177565652579,-16.5860295529519,14.1215459156147));
#1571=CARTESIAN_POINT('Ctrl Pts',(34.2007911183133,-16.8303880484454,14.1304986011185));
#1572=CARTESIAN_POINT('Ctrl Pts',(34.3838256713687,-17.0741060274468,14.1483905092542));
#1573=CARTESIAN_POINT('Ctrl Pts',(34.5668403444099,-17.3177975353978,14.1662804740881));
#1574=CARTESIAN_POINT('Ctrl Pts',(34.7498550174511,-17.5608483824759,14.1931077022267));
#1575=CARTESIAN_POINT('Ctrl Pts',(34.9328696904923,-17.8025922579946,14.2288005656966));
#1576=CARTESIAN_POINT('Ctrl Pts',(35.1158979558241,-18.0443540875546,14.2644960800347));
#1577=CARTESIAN_POINT('Ctrl Pts',(35.2989262211559,-18.284808470138,14.3090585062568));
#1578=CARTESIAN_POINT('Ctrl Pts',(35.4819544864877,-18.5232965022634,14.3623646196044));
#1579=CARTESIAN_POINT('Ctrl Pts',(35.6649847252112,-18.7617871057421,14.415671307693));
#1580=CARTESIAN_POINT('Ctrl Pts',(35.8480149639348,-18.998311039731,14.4777218064766));
#1581=CARTESIAN_POINT('Ctrl Pts',(36.0310452026584,-19.2322211214435,14.5483420986049));
#1582=CARTESIAN_POINT('Ctrl Pts',(36.2141136547379,-19.4661800392898,14.6189771349546));
#1583=CARTESIAN_POINT('Ctrl Pts',(36.3971821068175,-19.6975237427089,14.6981854565213));
#1584=CARTESIAN_POINT('Ctrl Pts',(36.580250558897,-19.9256204978126,14.7857432649564));
#1585=CARTESIAN_POINT('Ctrl Pts',(36.634806978614,-19.9935958489239,14.8118364584708));
#1586=CARTESIAN_POINT('Ctrl Pts',(36.6893633983309,-20.0612829585361,14.8386708448941));
#1587=CARTESIAN_POINT('Ctrl Pts',(36.7439198180478,-20.1286654335441,14.8662396674308));
#1588=CARTESIAN_POINT('Ctrl Pts',(36.9276512530023,-20.3555915934393,14.9590840907079));
#1589=CARTESIAN_POINT('Ctrl Pts',(37.1113826879567,-20.5791366635542,15.0602927454961));
#1590=CARTESIAN_POINT('Ctrl Pts',(37.2951141229111,-20.7986830408621,15.1695938549825));
#1591=CARTESIAN_POINT('Ctrl Pts',(37.4788134099979,-21.018191003688,15.2788758398286));
#1592=CARTESIAN_POINT('Ctrl Pts',(37.6625126970847,-21.2337014197746,15.3962473280606));
#1593=CARTESIAN_POINT('Ctrl Pts',(37.8462119841714,-21.444619451348,15.521389661548));
#1594=CARTESIAN_POINT('Ctrl Pts',(38.0298909834669,-21.6555141890858,15.6465181742876));
#1595=CARTESIAN_POINT('Ctrl Pts',(38.2135699827624,-21.8618173142,15.7794156758611));
#1596=CARTESIAN_POINT('Ctrl Pts',(38.3972489820579,-22.0629603422618,15.9197185439516));
#1597=CARTESIAN_POINT('Ctrl Pts',(38.5809423739728,-22.2641191313798,16.0600324058182));
#1598=CARTESIAN_POINT('Ctrl Pts',(38.7646357658876,-22.460116783971,16.2077526360284));
#1599=CARTESIAN_POINT('Ctrl Pts',(38.9483291578025,-22.6504143957962,16.3624726877241));
#1600=CARTESIAN_POINT('Ctrl Pts',(39.132019818707,-22.8407091784248,16.5171904391626));
#1601=CARTESIAN_POINT('Ctrl Pts',(39.3157104796116,-23.0253038737136,16.6789076256794));
#1602=CARTESIAN_POINT('Ctrl Pts',(39.4994011405162,-23.2036926655315,16.8471774123906));
#1603=CARTESIAN_POINT('Ctrl Pts',(39.6831332181134,-23.3821216786308,17.0154851388533));
#1604=CARTESIAN_POINT('Ctrl Pts',(39.8668652957106,-23.5543417876716,17.1903482262401));
#1605=CARTESIAN_POINT('Ctrl Pts',(40.0505973733078,-23.7198830514342,17.3712820073728));
#1606=CARTESIAN_POINT('Ctrl Pts',(40.1891900213616,-23.8447540179364,17.5077638464589));
#1607=CARTESIAN_POINT('Ctrl Pts',(40.3277826694153,-23.9658254617859,17.6476991052538));
#1608=CARTESIAN_POINT('Ctrl Pts',(40.4663753174691,-24.0829103267719,17.7908666936874));
#1609=CARTESIAN_POINT('Ctrl Pts',(40.650112736938,-24.2381340796442,17.9806692814854));
#1610=CARTESIAN_POINT('Ctrl Pts',(40.833850156407,-24.3863977598092,18.1762129481895));
#1611=CARTESIAN_POINT('Ctrl Pts',(41.0175875758759,-24.5272880060736,18.3769643220179));
#1612=CARTESIAN_POINT('Ctrl Pts',(41.2012928630786,-24.6681536132475,18.5776805881552));
#1613=CARTESIAN_POINT('Ctrl Pts',(41.3849981502813,-24.8016481998032,18.7836025142851));
#1614=CARTESIAN_POINT('Ctrl Pts',(41.568703437484,-24.927400766345,18.9941663708687));
#1615=CARTESIAN_POINT('Ctrl Pts',(41.7523884350501,-25.053139443935,19.2047069713763));
#1616=CARTESIAN_POINT('Ctrl Pts',(41.9360734326162,-25.1711376652798,19.419888238339));
#1617=CARTESIAN_POINT('Ctrl Pts',(42.1197584301823,-25.2810690327148,19.6391194799779));
#1618=CARTESIAN_POINT('Ctrl Pts',(42.3034577742456,-25.3910089862078,19.8583678444111));
#1619=CARTESIAN_POINT('Ctrl Pts',(42.487157118309,-25.4928806984679,20.0816665666475));
#1620=CARTESIAN_POINT('Ctrl Pts',(42.6708564623723,-25.5864042377027,20.3084013238949));
#1621=CARTESIAN_POINT('Ctrl Pts',(42.8545530404006,-25.6799263687159,20.5351326671055));
#1622=CARTESIAN_POINT('Ctrl Pts',(43.0382496184288,-25.7651004731733,20.7652996821762));
#1623=CARTESIAN_POINT('Ctrl Pts',(43.221946196457,-25.841694911624,20.9982684046412));
#1624=CARTESIAN_POINT('Ctrl Pts',(43.4056840942826,-25.9183065788479,21.2312895299355));
#1625=CARTESIAN_POINT('Ctrl Pts',(43.5894219921082,-25.9863346352103,21.4671133560977));
#1626=CARTESIAN_POINT('Ctrl Pts',(43.7731598899338,-26.0455970126897,21.7050897643446));
#1627=CARTESIAN_POINT('Ctrl Pts',(43.9117168655858,-26.0902868447312,21.8845480676856));
#1628=CARTESIAN_POINT('Ctrl Pts',(44.0502738412377,-26.1299929232742,22.0652301275352));
#1629=CARTESIAN_POINT('Ctrl Pts',(44.1888308168897,-26.1646562561679,22.2468526489727));
#1630=CARTESIAN_POINT('Ctrl Pts',(44.3725577874602,-26.2106199408722,22.487684664063));
#1631=CARTESIAN_POINT('Ctrl Pts',(44.5562847580306,-26.2477294446497,22.7302452357625));
#1632=CARTESIAN_POINT('Ctrl Pts',(44.7400117286011,-26.2758756705801,22.9738685171651));
#1633=CARTESIAN_POINT('Ctrl Pts',(44.9237065489592,-26.3040169712286,23.2174491671552));
#1634=CARTESIAN_POINT('Ctrl Pts',(45.1074013693172,-26.3231980929123,23.4620918775064));
#1635=CARTESIAN_POINT('Ctrl Pts',(45.2910961896752,-26.3333616491028,23.7071243090101));
#1636=CARTESIAN_POINT('Ctrl Pts',(45.4747707327806,-26.3435240833836,23.9521296924756));
#1637=CARTESIAN_POINT('Ctrl Pts',(45.658445275886,-26.3446709280571,24.1975244314361));
#1638=CARTESIAN_POINT('Ctrl Pts',(45.8421198189914,-26.3367968574091,24.4426337476744));
#1639=CARTESIAN_POINT('Ctrl Pts',(46.0258088028992,-26.3289221676885,24.6877623348206));
#1640=CARTESIAN_POINT('Ctrl Pts',(46.209497786807,-26.3120251512859,24.9326051743186));
#1641=CARTESIAN_POINT('Ctrl Pts',(46.3931867707148,-26.2861525939679,25.1764888660268));
#1642=CARTESIAN_POINT('Ctrl Pts',(46.5768730573534,-26.2602804165597,25.4203689765732));
#1643=CARTESIAN_POINT('Ctrl Pts',(46.7605593439921,-26.2254329933977,25.6632896891422));
#1644=CARTESIAN_POINT('Ctrl Pts',(46.9442456306308,-26.1817089253861,25.9045833604623));
#1645=CARTESIAN_POINT('Ctrl Pts',(47.1279734180566,-26.1379749786662,26.1459315479767));
#1646=CARTESIAN_POINT('Ctrl Pts',(47.3117012054825,-26.0853604284937,26.3856516837515));
#1647=CARTESIAN_POINT('Ctrl Pts',(47.4954289929083,-26.0240151527888,26.6230855564824));
#1648=CARTESIAN_POINT('Ctrl Pts',(47.6340481007093,-25.9777313135004,26.8022248802658));
#1649=CARTESIAN_POINT('Ctrl Pts',(47.7726672085102,-25.926478640662,26.9800629441073));
#1650=CARTESIAN_POINT('Ctrl Pts',(47.9112863163111,-25.8703404591751,27.1563222091671));
#1651=CARTESIAN_POINT('Ctrl Pts',(48.0950251890272,-25.7959296052431,27.3899529054082));
#1652=CARTESIAN_POINT('Ctrl Pts',(48.2787640617433,-25.7129103550129,27.6208816780552));
#1653=CARTESIAN_POINT('Ctrl Pts',(48.4625029344594,-25.6215042703805,27.8484711294729));
#1654=CARTESIAN_POINT('Ctrl Pts',(48.6462096542235,-25.530114181141,28.0760207544096));
#1655=CARTESIAN_POINT('Ctrl Pts',(48.8299163739875,-25.430340291534,28.3002319648875));
#1656=CARTESIAN_POINT('Ctrl Pts',(49.0136230937516,-25.3224527143178,28.5204863086682));
#1657=CARTESIAN_POINT('Ctrl Pts',(49.1973094992997,-25.214577067267,28.7407162968112));
#1658=CARTESIAN_POINT('Ctrl Pts',(49.3809959048477,-25.0985896471653,28.9569900405013));
#1659=CARTESIAN_POINT('Ctrl Pts',(49.5646823103958,-24.9748074936073,29.1687117623351));
#1660=CARTESIAN_POINT('Ctrl Pts',(49.7483830149585,-24.8510157042636,29.3804499655846));
#1661=CARTESIAN_POINT('Ctrl Pts',(49.9320837195213,-24.719428107627,29.5876351955559));
#1662=CARTESIAN_POINT('Ctrl Pts',(50.115784424084,-24.5804068949009,29.7896977292692));
#1663=CARTESIAN_POINT('Ctrl Pts',(50.2994823340459,-24.4413877970757,29.9917571890469));
#1664=CARTESIAN_POINT('Ctrl Pts',(50.4831802440078,-24.2949354697274,30.188693878838));
#1665=CARTESIAN_POINT('Ctrl Pts',(50.6668781539697,-24.1414549085555,30.3799678366972));
#1666=CARTESIAN_POINT('Ctrl Pts',(50.8506173290966,-23.987939870123,30.5712847615745));
#1667=CARTESIAN_POINT('Ctrl Pts',(51.0343565042235,-23.8273936175623,30.7569361934732));
#1668=CARTESIAN_POINT('Ctrl Pts',(51.2180956793504,-23.6602617258352,30.9364149059111));
#1669=CARTESIAN_POINT('Ctrl Pts',(51.3566443914775,-23.5342357526689,31.0717510118087));
#1670=CARTESIAN_POINT('Ctrl Pts',(51.4951931036046,-23.4044660773401,31.2035780118335));
#1671=CARTESIAN_POINT('Ctrl Pts',(51.6337418157317,-23.2711579197403,31.3316919700331));
#1672=CARTESIAN_POINT('Ctrl Pts',(51.8174831375815,-23.0943665464053,31.5015948703604));
#1673=CARTESIAN_POINT('Ctrl Pts',(52.0012244594313,-22.9112958894624,31.665018524477));
#1674=CARTESIAN_POINT('Ctrl Pts',(52.1849657812811,-22.7224446067579,31.8215082529955));
#1675=CARTESIAN_POINT('Ctrl Pts',(52.3686750473189,-22.5336262713575,31.9779706800596));
#1676=CARTESIAN_POINT('Ctrl Pts',(52.5523843133567,-22.3390295388869,32.1275014177841));
#1677=CARTESIAN_POINT('Ctrl Pts',(52.7360935793945,-22.1391867127148,32.269685587508));
#1678=CARTESIAN_POINT('Ctrl Pts',(52.9197826200942,-21.9393658880934,32.411854103569));
#1679=CARTESIAN_POINT('Ctrl Pts',(53.1034716607939,-21.7343003510501,32.5466775042886));
#1680=CARTESIAN_POINT('Ctrl Pts',(53.2871607014935,-21.5245528449836,32.6737832156527));
#1681=CARTESIAN_POINT('Ctrl Pts',(53.47086415748,-21.3147888786512,32.8008989018377));
#1682=CARTESIAN_POINT('Ctrl Pts',(53.6545676134665,-21.1003424469716,32.920295540617));
#1683=CARTESIAN_POINT('Ctrl Pts',(53.8382710694529,-20.881803562129,33.0316449867598));
#1684=CARTESIAN_POINT('Ctrl Pts',(54.0219717913185,-20.6632679298748,33.142992775651));
#1685=CARTESIAN_POINT('Ctrl Pts',(54.2056725131841,-20.4406402167145,33.2462934861083));
#1686=CARTESIAN_POINT('Ctrl Pts',(54.3893732350496,-20.2145338729731,33.3412655411321));
#1687=CARTESIAN_POINT('Ctrl Pts',(54.5731152987596,-19.9883766440028,33.4362589696152));
#1688=CARTESIAN_POINT('Ctrl Pts',(54.7568573624696,-19.7587394779711,33.5229198877681));
#1689=CARTESIAN_POINT('Ctrl Pts',(54.9405994261796,-19.5262558896166,33.6010148403921));
#1690=CARTESIAN_POINT('Ctrl Pts',(55.0791320558375,-19.3509745076797,33.659894657738));
#1691=CARTESIAN_POINT('Ctrl Pts',(55.2176646854953,-19.1740755260357,33.7139061937895));
#1692=CARTESIAN_POINT('Ctrl Pts',(55.3561973151531,-18.9958364644546,33.7629680458252));
#1693=CARTESIAN_POINT('Ctrl Pts',(55.5398728867403,-18.7595155226235,33.8280174405998));
#1694=CARTESIAN_POINT('Ctrl Pts',(55.7235484583276,-18.520764653069,33.8843841678739));
#1695=CARTESIAN_POINT('Ctrl Pts',(55.9072240299148,-18.2802384720413,33.9319062479583));
#1696=CARTESIAN_POINT('Ctrl Pts',(56.0908672285205,-18.0397546839652,33.9794199522341));
#1697=CARTESIAN_POINT('Ctrl Pts',(56.2745104271261,-17.797496483999,34.018092066813));
#1698=CARTESIAN_POINT('Ctrl Pts',(56.4581536257317,-17.5541291015119,34.0478116361782));
#1699=CARTESIAN_POINT('Ctrl Pts',(56.6417764754603,-17.3107886857351,34.0775279124191));
#1700=CARTESIAN_POINT('Ctrl Pts',(56.8253993251889,-17.0663396110889,34.098293590135));
#1701=CARTESIAN_POINT('Ctrl Pts',(57.0090221749175,-16.8214537047317,34.1100494124017));
#1702=CARTESIAN_POINT('Ctrl Pts',(57.1926597305042,-16.5765481861236,34.1218061761604));
#1703=CARTESIAN_POINT('Ctrl Pts',(57.3762972860909,-16.331206045873,34.1245516260008));
#1704=CARTESIAN_POINT('Ctrl Pts',(57.5599348416776,-16.0861019069635,34.1182785597837));
#1705=CARTESIAN_POINT('Ctrl Pts',(57.7435699281363,-15.8410010636406,34.1120055779121));
#1706=CARTESIAN_POINT('Ctrl Pts',(57.9272050145951,-15.5961384955674,34.0967143317627));
#1707=CARTESIAN_POINT('Ctrl Pts',(58.1108401010539,-15.3521872279196,34.0724497288303));
#1708=CARTESIAN_POINT('Ctrl Pts',(58.2945174087187,-15.1081798712261,34.0481795470033));
#1709=CARTESIAN_POINT('Ctrl Pts',(58.4781947163836,-14.8650845129246,34.0149319124471));
#1710=CARTESIAN_POINT('Ctrl Pts',(58.6618720240485,-14.6235688745005,33.9728035996984));
#1711=CARTESIAN_POINT('Ctrl Pts',(58.8007989542236,-14.4408951046042,33.9409392543525));
#1712=CARTESIAN_POINT('Ctrl Pts',(58.9397258843986,-14.2591249818189,33.9039954572778));
#1713=CARTESIAN_POINT('Ctrl Pts',(59.0786528145737,-14.078543777062,33.8620335542754));
#1714=CARTESIAN_POINT('Ctrl Pts',(59.2625567474592,-13.8395001753777,33.8064866636634));
#1715=CARTESIAN_POINT('Ctrl Pts',(59.4464606803446,-13.6024669130446,33.7421276659248));
#1716=CARTESIAN_POINT('Ctrl Pts',(59.6303646132301,-13.3680981007154,33.6691270548244));
#1717=CARTESIAN_POINT('Ctrl Pts',(59.8142373056611,-13.1337691015,33.5961388446132));
#1718=CARTESIAN_POINT('Ctrl Pts',(59.9981099980921,-12.9021039149848,33.5145120344391));
#1719=CARTESIAN_POINT('Ctrl Pts',(60.181982690523,-12.6737416256831,33.4244670194839));
#1720=CARTESIAN_POINT('Ctrl Pts',(60.2279920863139,-12.616599856488,33.4019355784238));
#1721=CARTESIAN_POINT('Ctrl Pts',(60.2740014821047,-12.5596648058186,33.3788772966232));
#1722=CARTESIAN_POINT('Ctrl Pts',(60.3200108778955,-12.5029463120903,33.3552961070092));
#1723=CARTESIAN_POINT('Origin',(70.0273052483332,-16.3419528584586,23.9094722590792));
#1724=CARTESIAN_POINT('Ctrl Pts',(69.8667462425793,-9.62781693187387,31.532380561007));
#1725=CARTESIAN_POINT('Ctrl Pts',(68.4491888592166,-10.1461449474297,32.9620208501817));
#1726=CARTESIAN_POINT('Ctrl Pts',(67.1167220557636,-11.0186021887716,34.292661623279));
#1727=CARTESIAN_POINT('Ctrl Pts',(64.513434091365,-13.3411531183044,36.5562098635089));
#1728=CARTESIAN_POINT('Ctrl Pts',(63.2742416266629,-14.7559472865213,37.4612151161349));
#1729=CARTESIAN_POINT('Ctrl Pts',(62.0640313925348,-16.3412346914439,38.0847566799323));
#1730=CARTESIAN_POINT('',(84.6110251129679,-16.3419528577688,26.4692702535992));
#1731=CARTESIAN_POINT('',(70.0079123416427,-16.3419528584586,33.992324570545));
#1732=CARTESIAN_POINT('Origin',(84.6110251129679,-16.3419528584586,23.9349989733046));
#1733=CARTESIAN_POINT('',(58.8745062237983,-11.7163246653673,8.70593292474374));
#1734=CARTESIAN_POINT('Ctrl Pts',(58.874363033145,-11.7164464192396,8.70619109383909));
#1735=CARTESIAN_POINT('Ctrl Pts',(59.2133009089111,-12.6667379121347,8.60060057084626));
#1736=CARTESIAN_POINT('Ctrl Pts',(59.5563884248108,-13.6237620513291,8.58269619988991));
#1737=CARTESIAN_POINT('Ctrl Pts',(60.2367754293759,-15.4837276495421,8.72283224908666));
#1738=CARTESIAN_POINT('Ctrl Pts',(60.5727696654912,-16.3846347269568,8.87328015836434));
#1739=CARTESIAN_POINT('Ctrl Pts',(61.559453961753,-18.9288312611146,9.5461611347142));
#1740=CARTESIAN_POINT('Ctrl Pts',(62.2146837012709,-20.4902860942859,10.2741475778478));
#1741=CARTESIAN_POINT('Ctrl Pts',(63.2685888770758,-22.6332936296467,11.8121293075111));
#1742=CARTESIAN_POINT('Ctrl Pts',(63.6466485015839,-23.3329866580696,12.4330422041729));
#1743=CARTESIAN_POINT('Ctrl Pts',(64.7945989142637,-25.1929832892684,14.4798134768605));
#1744=CARTESIAN_POINT('Ctrl Pts',(65.5387053551699,-26.0527555110983,16.0059051703089));
#1745=CARTESIAN_POINT('Ctrl Pts',(66.5948011733392,-26.78174863651,18.2234989090005));
#1746=CARTESIAN_POINT('Ctrl Pts',(66.9155262636441,-26.9397229418926,18.9039983767163));
#1747=CARTESIAN_POINT('Ctrl Pts',(67.7145709234235,-27.1683225655386,20.5824729415642));
#1748=CARTESIAN_POINT('Ctrl Pts',(68.19627035046,-27.1688253572998,21.580545162545));
#1749=CARTESIAN_POINT('Ctrl Pts',(69.1617094265117,-26.9027361094146,23.4784159725915));
#1750=CARTESIAN_POINT('Ctrl Pts',(69.6401404469368,-26.6517754224927,24.3729644520021));
#1751=CARTESIAN_POINT('Ctrl Pts',(70.1360140758419,-26.2823672355937,25.2115805260213));
#1752=CARTESIAN_POINT('Ctrl Pts',(70.4861409340651,-23.4317131537204,17.0692262976128));
#1753=CARTESIAN_POINT('Ctrl Pts',(69.9681991135017,-23.2908028416765,16.5353463860474));
#1754=CARTESIAN_POINT('Ctrl Pts',(69.4598709731273,-23.1001565267427,16.0079445136057));
#1755=CARTESIAN_POINT('Ctrl Pts',(68.4378800601187,-22.6137445995145,14.9585733162838));
#1756=CARTESIAN_POINT('Ctrl Pts',(67.9274486395599,-22.3155042249319,14.4403742627489));
#1757=CARTESIAN_POINT('Ctrl Pts',(66.3542795304232,-21.2362292659397,12.8903920916212));
#1758=CARTESIAN_POINT('Ctrl Pts',(65.3279372665207,-20.2979525906574,11.9506656560664));
#1759=CARTESIAN_POINT('Ctrl Pts',(63.396252967682,-18.1943232576022,10.4462545668346));
#1760=CARTESIAN_POINT('Ctrl Pts',(62.4986034933131,-17.0577635285501,9.86764048896188));
#1761=CARTESIAN_POINT('Ctrl Pts',(60.6764229033178,-14.5258561746014,9.0080967584918));
#1762=CARTESIAN_POINT('Ctrl Pts',(59.7641049537501,-13.1323722003289,8.75797095976418));
#1763=CARTESIAN_POINT('Ctrl Pts',(58.8749563885878,-11.7162885811049,8.70656177387684));
#1764=CARTESIAN_POINT('Ctrl Pts',(60.2089426677925,-16.3418709043514,39.0404387813727));
#1765=CARTESIAN_POINT('Ctrl Pts',(60.9408248736468,-14.4496604464467,38.6633863676559));
#1766=CARTESIAN_POINT('Ctrl Pts',(61.688862424954,-12.6626313746923,37.9240653330893));
#1767=CARTESIAN_POINT('Ctrl Pts',(63.2348619554572,-9.57518860143767,35.8138888288714));
#1768=CARTESIAN_POINT('Ctrl Pts',(64.0109716440021,-8.29076877993001,34.4887988416707));
#1769=CARTESIAN_POINT('Ctrl Pts',(65.6050530787488,-6.44160944807693,31.492262551636));
#1770=CARTESIAN_POINT('Ctrl Pts',(66.3983662035672,-5.85852088984329,29.8743704257341));
#1771=CARTESIAN_POINT('Ctrl Pts',(67.7254494500274,-5.52943593653329,27.2277376420974));
#1772=CARTESIAN_POINT('Ctrl Pts',(68.2275314435002,-5.53936736730042,26.2408857998243));
#1773=CARTESIAN_POINT('Ctrl Pts',(69.2331107920277,-5.82049221153265,24.3621323107061));
#1774=CARTESIAN_POINT('Ctrl Pts',(69.7316388272513,-6.07763755038333,23.4750273394452));
#1775=CARTESIAN_POINT('Ctrl Pts',(70.246019312837,-6.45171302705803,22.6440013789155));
#1776=CARTESIAN_POINT('Origin',(-17.8233294227615,-16.3419528584586,23.9351402299375));
#1777=CARTESIAN_POINT('',(-17.3726839584908,-16.3419528584586,23.9351402299375));
#1778=CARTESIAN_POINT('',(-18.2739748870321,-14.8419528584586,23.9351402299375));
#1779=CARTESIAN_POINT('',(-17.8233294227615,-15.5919528584586,23.9351402299375));
#1780=CARTESIAN_POINT('Origin',(-18.2739748870321,-16.3419528584586,23.9351402299375));
#1781=CARTESIAN_POINT('Origin',(-25.7739748870321,-16.3419528584586,23.9351402299375));
#1782=CARTESIAN_POINT('',(-33.2739748870321,-14.8419528584586,23.9351402299375));
#1783=CARTESIAN_POINT('Origin',(-33.2739748870321,-16.3419528584586,23.9351402299375));
#1784=CARTESIAN_POINT('',(-25.7739748870321,-14.8419528584586,23.9351402299375));
#1785=CARTESIAN_POINT('Origin',(84.6110251129679,-16.3419528584586,23.9349989733046));
#1786=CARTESIAN_POINT('',(84.6110251129679,-17.0513217395082,22.6133349499619));
#1787=CARTESIAN_POINT('',(84.6110251129679,-14.9496538274042,23.3768740696094));
#1788=CARTESIAN_POINT('Origin',(84.6110251129679,-16.3419528584586,23.9349989733046));
#1789=CARTESIAN_POINT('',(75.6110251129679,-17.0513217395082,22.6133349499619));
#1790=CARTESIAN_POINT('',(84.6110251129679,-17.0513217395082,22.6133349499619));
#1791=CARTESIAN_POINT('',(75.6110251129679,-14.9496538274042,23.3768740696094));
#1792=CARTESIAN_POINT('Origin',(75.6110251129679,-16.3419528584586,23.9349989733046));
#1793=CARTESIAN_POINT('',(84.6110251129679,-14.9496538274042,23.3768740696094));
#1794=CARTESIAN_POINT('Origin',(84.6110251129679,-14.9496538274042,23.3768740696094));
#1795=CARTESIAN_POINT('',(84.6110251129679,-15.4451345225032,23.1968651863984));
#1796=CARTESIAN_POINT('',(75.6110251129679,-16.7812227613853,22.7114623157488));
#1797=CARTESIAN_POINT('Origin',(75.6110251129679,-16.3419528810008,24.0241670512997));
#1798=CARTESIAN_POINT('Ctrl Pts',(-22.2392356941044,-0.369752609510529,
25.6871297058807));
#1799=CARTESIAN_POINT('Ctrl Pts',(-21.0081710741522,-0.112459310632243,
23.0622639090308));
#1800=CARTESIAN_POINT('Ctrl Pts',(-18.5463739388825,-0.917179681690765,
17.6864553422048));
#1801=CARTESIAN_POINT('Ctrl Pts',(-14.8538442882953,-5.7992555153574,11.1529205793633));
#1802=CARTESIAN_POINT('Ctrl Pts',(-11.161646742343,-13.1901790332031,7.70832877913027));
#1803=CARTESIAN_POINT('Ctrl Pts',(-7.46944919639059,-21.3317205305794,8.17052519163332));
#1804=CARTESIAN_POINT('Ctrl Pts',(-3.77725165043825,-28.2852772000924,12.4302283908141));
#1805=CARTESIAN_POINT('Ctrl Pts',(-0.0850541044858886,-32.39569349613,19.4730337908662));
#1806=CARTESIAN_POINT('Ctrl Pts',(3.60714344146646,-32.6843585137144,27.6225083070995));
#1807=CARTESIAN_POINT('Ctrl Pts',(7.29934098741881,-29.0825965238268,34.9385277220088));
#1808=CARTESIAN_POINT('Ctrl Pts',(10.9915385333711,-22.4478155129554,39.6794906366566));
#1809=CARTESIAN_POINT('Ctrl Pts',(14.6837360793235,-14.3594879702406,40.7167560328536));
#1810=CARTESIAN_POINT('Ctrl Pts',(18.3759336252758,-6.74310055499746,37.8034023687213));
#1811=CARTESIAN_POINT('Ctrl Pts',(22.0681311712282,-1.4117979566138,31.6329732583835));
#1812=CARTESIAN_POINT('Ctrl Pts',(25.7603287171805,0.365262330118538,23.6743904989624));
#1813=CARTESIAN_POINT('Ctrl Pts',(29.4525262631329,-1.83496558159999,15.8222580517936));
#1814=CARTESIAN_POINT('Ctrl Pts',(33.1447238090852,-7.48869536953748,9.94583895293953));
#1815=CARTESIAN_POINT('Ctrl Pts',(36.8369213550376,-15.2500203117149,7.44406287138908));
#1816=CARTESIAN_POINT('Ctrl Pts',(40.5291189009899,-23.2712755342602,8.91249542548187));
#1817=CARTESIAN_POINT('Ctrl Pts',(44.2213164469423,-29.6429776886072,14.0015694119162));
#1818=CARTESIAN_POINT('Ctrl Pts',(47.9135139928946,-32.8482047849939,21.4997791509354));
#1819=CARTESIAN_POINT('Ctrl Pts',(51.605711538847,-32.1241135036696,29.6221380150555));
#1820=CARTESIAN_POINT('Ctrl Pts',(55.2979090847993,-27.6426842282731,36.4350019595984));
#1821=CARTESIAN_POINT('Ctrl Pts',(58.9901066307517,-20.4716222393483,40.3166038283987));
#1822=CARTESIAN_POINT('Ctrl Pts',(62.6826394085818,-12.3155706326727,40.3426001391476));
#1823=CARTESIAN_POINT('Ctrl Pts',(65.1444396710944,-7.51933916067857,37.7846438693986));
#1824=CARTESIAN_POINT('Ctrl Pts',(66.3755074182897,-5.56501071251838,36.0135549431945));
#1825=CARTESIAN_POINT('Ctrl Pts',(-21.0749304303663,-2.37677011152145,25.490404042239));
#1826=CARTESIAN_POINT('Ctrl Pts',(-19.843865810414,-2.15180749632796,23.1953707989882));
#1827=CARTESIAN_POINT('Ctrl Pts',(-17.3820686751443,-2.85540918343774,18.4950697835899));
#1828=CARTESIAN_POINT('Ctrl Pts',(-13.6895390245572,-7.12401840063375,12.7825188811208));
#1829=CARTESIAN_POINT('Ctrl Pts',(-9.9973414786048,-13.5862212272073,9.77076387998843));
#1830=CARTESIAN_POINT('Ctrl Pts',(-6.30514393265244,-20.7047216892911,10.1748821144821));
#1831=CARTESIAN_POINT('Ctrl Pts',(-2.6129463867001,-26.7845158389625,13.8993241260447));
#1832=CARTESIAN_POINT('Ctrl Pts',(1.07925115925226,-30.3784298799496,20.0571522855884));
#1833=CARTESIAN_POINT('Ctrl Pts',(4.77144870520461,-30.6308221402758,27.1825889278068));
#1834=CARTESIAN_POINT('Ctrl Pts',(8.46364625115696,-27.4816464715656,33.5792998703758));
#1835=CARTESIAN_POINT('Ctrl Pts',(12.1558437971093,-21.6805716128386,37.7245279834448));
#1836=CARTESIAN_POINT('Ctrl Pts',(15.8480413430616,-14.6085984037287,38.6314538038821));
#1837=CARTESIAN_POINT('Ctrl Pts',(19.540238889014,-7.94926277886097,36.0841831904457));
#1838=CARTESIAN_POINT('Ctrl Pts',(23.2324364349663,-3.28787524895241,30.689111202254));
#1839=CARTESIAN_POINT('Ctrl Pts',(26.9246339809187,-1.73411488596322,23.7305794464767));
#1840=CARTESIAN_POINT('Ctrl Pts',(30.616831526871,-3.65786893319192,16.8651217844937));
#1841=CARTESIAN_POINT('Ctrl Pts',(34.3090290728234,-8.60116844482616,11.7271154150523));
#1842=CARTESIAN_POINT('Ctrl Pts',(38.0012266187757,-15.3872291932824,9.53970481249181));
#1843=CARTESIAN_POINT('Ctrl Pts',(41.6934241647281,-22.4005581834474,10.8236186534047));
#1844=CARTESIAN_POINT('Ctrl Pts',(45.3856217106805,-27.971611864694,15.2732152728761));
#1845=CARTESIAN_POINT('Ctrl Pts',(49.0778192566328,-30.7740799936183,21.8292230644241));
#1846=CARTESIAN_POINT('Ctrl Pts',(52.7700168025851,-30.1409757930982,28.9309513238799));
#1847=CARTESIAN_POINT('Ctrl Pts',(56.4622143485375,-26.2226691213228,34.8877317631826));
#1848=CARTESIAN_POINT('Ctrl Pts',(60.1544118944899,-19.9527007009391,38.2815834932985));
#1849=CARTESIAN_POINT('Ctrl Pts',(63.84694467232,-12.8215134252112,38.3043131876861));
#1850=CARTESIAN_POINT('Ctrl Pts',(66.3087449348326,-8.6279616315302,36.0677818263871));
#1851=CARTESIAN_POINT('Ctrl Pts',(67.5398126820278,-6.91920807843768,34.519242481149));
#1852=CARTESIAN_POINT('Ctrl Pts',(-19.9106251666281,-4.38378761353236,25.2936783785973));
#1853=CARTESIAN_POINT('Ctrl Pts',(-18.6795605466759,-4.19115568202366,23.3284776889457));
#1854=CARTESIAN_POINT('Ctrl Pts',(-16.2177634114062,-4.79363868518472,19.3036842249752));
#1855=CARTESIAN_POINT('Ctrl Pts',(-12.525233760819,-8.4487812859101,14.4121171828781));
#1856=CARTESIAN_POINT('Ctrl Pts',(-8.83303621486665,-13.9822634212115,11.8331989808466));
#1857=CARTESIAN_POINT('Ctrl Pts',(-5.1408386689143,-20.0777228480028,12.1792390373308));
#1858=CARTESIAN_POINT('Ctrl Pts',(-1.44864112296195,-25.2837544778324,15.3684198612753));
#1859=CARTESIAN_POINT('Ctrl Pts',(2.2435564229904,-28.3611662637692,20.6412707803105));
#1860=CARTESIAN_POINT('Ctrl Pts',(5.93575396894275,-28.5772857668371,26.7426695485141));
#1861=CARTESIAN_POINT('Ctrl Pts',(9.6279515148951,-25.8806964193046,32.2200720187427));
#1862=CARTESIAN_POINT('Ctrl Pts',(13.3201490608474,-20.9133277127218,35.769565330233));
#1863=CARTESIAN_POINT('Ctrl Pts',(17.0123466067998,-14.857708837217,36.5461515749106));
#1864=CARTESIAN_POINT('Ctrl Pts',(20.7045441527521,-9.15542500272446,34.3649640121701));
#1865=CARTESIAN_POINT('Ctrl Pts',(24.3967416987045,-5.16395254129102,29.7452491461245));
#1866=CARTESIAN_POINT('Ctrl Pts',(28.0889392446568,-3.83349210204498,23.786768393991));
#1867=CARTESIAN_POINT('Ctrl Pts',(31.7811367906092,-5.48077228478386,17.9079855171938));
#1868=CARTESIAN_POINT('Ctrl Pts',(35.4733343365615,-9.71364152011485,13.5083918771651));
#1869=CARTESIAN_POINT('Ctrl Pts',(39.1655318825139,-15.5244380748499,11.6353467535945));
#1870=CARTESIAN_POINT('Ctrl Pts',(42.8577294284662,-21.5298408326347,12.7347418813276));
#1871=CARTESIAN_POINT('Ctrl Pts',(46.5499269744186,-26.3002460407808,16.544861133836));
#1872=CARTESIAN_POINT('Ctrl Pts',(50.2421245203709,-28.6999552022428,22.1586669779127));
#1873=CARTESIAN_POINT('Ctrl Pts',(53.9343220663232,-28.1578380825269,28.2397646327043));
#1874=CARTESIAN_POINT('Ctrl Pts',(57.6265196122756,-24.8026540143725,33.3404615667669));
#1875=CARTESIAN_POINT('Ctrl Pts',(61.318717158228,-19.4337791625299,36.2465631581984));
#1876=CARTESIAN_POINT('Ctrl Pts',(65.0112499360581,-13.3274562177499,36.2660262362245));
#1877=CARTESIAN_POINT('Ctrl Pts',(67.4730501985707,-9.73658410238183,34.3509197833756));
#1878=CARTESIAN_POINT('Ctrl Pts',(68.704117945766,-8.27340544435699,33.0249300191036));
#1879=CARTESIAN_POINT('Ctrl Pts',(-18.74631990289,-6.39080511554328,25.0969527149556));
#1880=CARTESIAN_POINT('Ctrl Pts',(-17.5152552829377,-6.23050386771936,23.4615845789031));
#1881=CARTESIAN_POINT('Ctrl Pts',(-15.053458147668,-6.7318681869317,20.1122986663603));
#1882=CARTESIAN_POINT('Ctrl Pts',(-11.3609284970809,-9.77354417118645,16.0417154846355));
#1883=CARTESIAN_POINT('Ctrl Pts',(-7.6687309511285,-14.3783056152157,13.8956340817047));
#1884=CARTESIAN_POINT('Ctrl Pts',(-3.97653340517615,-19.4507240067146,14.1835959601796));
#1885=CARTESIAN_POINT('Ctrl Pts',(-0.284335859223804,-23.7829931167024,
16.8375155965057));
#1886=CARTESIAN_POINT('Ctrl Pts',(3.40786168672855,-26.3439026475888,21.2253892750326));
#1887=CARTESIAN_POINT('Ctrl Pts',(7.10005923268089,-26.5237493933985,26.3027501692214));
#1888=CARTESIAN_POINT('Ctrl Pts',(10.7922567786332,-24.2797463670434,30.8608441671096));
#1889=CARTESIAN_POINT('Ctrl Pts',(14.4844543245856,-20.1460838126049,33.8146026770212));
#1890=CARTESIAN_POINT('Ctrl Pts',(18.1766518705379,-15.1068192707051,34.460849345939));
#1891=CARTESIAN_POINT('Ctrl Pts',(21.8688494164903,-10.3615872265879,32.6457448338945));
#1892=CARTESIAN_POINT('Ctrl Pts',(25.5610469624426,-7.04002983362964,28.801387089995));
#1893=CARTESIAN_POINT('Ctrl Pts',(29.253244508395,-5.93286931812673,23.8429573415054));
#1894=CARTESIAN_POINT('Ctrl Pts',(32.9454420543473,-7.30367563637579,18.950849249894));
#1895=CARTESIAN_POINT('Ctrl Pts',(36.6376396002997,-10.8261145954035,15.2896683392779));
#1896=CARTESIAN_POINT('Ctrl Pts',(40.329837146252,-15.6616469564174,13.7309886946973));
#1897=CARTESIAN_POINT('Ctrl Pts',(44.0220346922044,-20.6591234818219,14.6458651092505));
#1898=CARTESIAN_POINT('Ctrl Pts',(47.7142322381568,-24.6288802168675,17.8165069947961));
#1899=CARTESIAN_POINT('Ctrl Pts',(51.4064297841091,-26.6258304108672,22.4881108914015));
#1900=CARTESIAN_POINT('Ctrl Pts',(55.0986273300614,-26.1747003719555,27.5485779415287));
#1901=CARTESIAN_POINT('Ctrl Pts',(58.7908248760138,-23.3826389074223,31.7931913703512));
#1902=CARTESIAN_POINT('Ctrl Pts',(62.4830224219661,-18.9148576241207,34.2115428230981));
#1903=CARTESIAN_POINT('Ctrl Pts',(66.1755551997962,-13.8333990102884,34.2277392847629));
#1904=CARTESIAN_POINT('Ctrl Pts',(68.6373554623089,-10.8452065732335,32.6340577403641));
#1905=CARTESIAN_POINT('Ctrl Pts',(69.868423209504,-9.62760281027629,31.5306175570582));
#1906=CARTESIAN_POINT('Ctrl Pts',(-7.56747813737811,-20.9320708732932,8.74280778329143));
#1907=CARTESIAN_POINT('Ctrl Pts',(-7.53474340772492,-20.9992435466107,8.76292795727001));
#1908=CARTESIAN_POINT('Ctrl Pts',(-7.50200903826711,-21.0662841593553,8.78349054829988));
#1909=CARTESIAN_POINT('Ctrl Pts',(-7.46927467547391,-21.1331879900563,8.80449305940313));
#1910=CARTESIAN_POINT('Ctrl Pts',(-7.16458608415252,-21.7559230058284,8.99998259933058));
#1911=CARTESIAN_POINT('Ctrl Pts',(-6.85986793678238,-22.3669514866745,9.23373672371093));
#1912=CARTESIAN_POINT('Ctrl Pts',(-6.55512776835871,-22.9617727591521,9.50352195793041));
#1913=CARTESIAN_POINT('Ctrl Pts',(-6.24850128179282,-23.5602759294361,9.77497714194497));
#1914=CARTESIAN_POINT('Ctrl Pts',(-5.94185250071242,-24.1423699640234,10.0829099345275));
#1915=CARTESIAN_POINT('Ctrl Pts',(-5.63518910090373,-24.7035096488195,10.4250102486815));
#1916=CARTESIAN_POINT('Ctrl Pts',(-5.330915088614,-25.260277177825,10.7644450663291));
#1917=CARTESIAN_POINT('Ctrl Pts',(-5.026626684514,-25.7964152033615,11.137516120934));
#1918=CARTESIAN_POINT('Ctrl Pts',(-4.72233138636518,-26.3075306672721,11.5419467189169));
#1919=CARTESIAN_POINT('Ctrl Pts',(-4.62622935937233,-26.4689502896193,11.6696733071374));
#1920=CARTESIAN_POINT('Ctrl Pts',(-4.53012664475874,-26.6278745073818,11.8005276369952));
#1921=CARTESIAN_POINT('Ctrl Pts',(-4.43402347870464,-26.7841660087884,11.9344377893638));
#1922=CARTESIAN_POINT('Ctrl Pts',(-4.21517647732821,-27.1400744333266,12.239379202878));
#1923=CARTESIAN_POINT('Ctrl Pts',(-3.99632713492523,-27.4823295214354,12.5601670033711));
#1924=CARTESIAN_POINT('Ctrl Pts',(-3.77747824051967,-27.8098992895254,12.8952732658111));
#1925=CARTESIAN_POINT('Ctrl Pts',(-3.47713235442035,-28.2594525418898,13.3551695225564));
#1926=CARTESIAN_POINT('Ctrl Pts',(-3.17679257911439,-28.6813791798813,13.8424776666961));
#1927=CARTESIAN_POINT('Ctrl Pts',(-2.87645546916435,-29.0729097349496,14.3532504230148));
#1928=CARTESIAN_POINT('Ctrl Pts',(-2.5743899121371,-29.4666935575002,14.8669626884669));
#1929=CARTESIAN_POINT('Ctrl Pts',(-2.27232705123241,-29.8297304135878,15.404409290728));
#1930=CARTESIAN_POINT('Ctrl Pts',(-1.97026338118412,-30.1592551239091,15.9615680885743));
#1931=CARTESIAN_POINT('Ctrl Pts',(-1.66991578749292,-30.4869077469173,16.5155615701811));
#1932=CARTESIAN_POINT('Ctrl Pts',(-1.36956739382579,-30.7814280997315,17.0890429279515));
#1933=CARTESIAN_POINT('Ctrl Pts',(-1.06921475431983,-31.040148117793,17.6780677591007));
#1934=CARTESIAN_POINT('Ctrl Pts',(-0.950006096917108,-31.1428329686638,
17.9118491549082));
#1935=CARTESIAN_POINT('Ctrl Pts',(-0.830796770683695,-31.2398788728554,
18.1480792397749));
#1936=CARTESIAN_POINT('Ctrl Pts',(-0.71158656017926,-31.3311211171409,18.3865123201797));
#1937=CARTESIAN_POINT('Ctrl Pts',(-0.502827142174656,-31.4909033852357,
18.8040533251634));
#1938=CARTESIAN_POINT('Ctrl Pts',(-0.294065012413878,-31.6328873476042,
19.2283496780072));
#1939=CARTESIAN_POINT('Ctrl Pts',(-0.0852990139194878,-31.7569225492413,
19.6578098560112));
#1940=CARTESIAN_POINT('Ctrl Pts',(0.216681288371333,-31.9363396380164,20.279024590742));
#1941=CARTESIAN_POINT('Ctrl Pts',(0.518651895553464,-32.0780073117789,20.9114365686143));
#1942=CARTESIAN_POINT('Ctrl Pts',(0.820617808950768,-32.1813688419207,21.5501804740226));
#1943=CARTESIAN_POINT('Ctrl Pts',(1.12431777084757,-32.2853239288128,22.1925923858568));
#1944=CARTESIAN_POINT('Ctrl Pts',(1.42801298489635,-32.3505322053268,22.8414081563699));
#1945=CARTESIAN_POINT('Ctrl Pts',(1.73170853907742,-32.3764760406154,23.4916983844114));
#1946=CARTESIAN_POINT('Ctrl Pts',(2.03372471431189,-32.4022764114042,24.1383926305457));
#1947=CARTESIAN_POINT('Ctrl Pts',(2.33574122592733,-32.3892460340777,24.7865443055841));
#1948=CARTESIAN_POINT('Ctrl Pts',(2.63776307796326,-32.3369148453123,25.4313384319001));
#1949=CARTESIAN_POINT('Ctrl Pts',(2.76213257802217,-32.3153653986733,25.6968580378169));
#1950=CARTESIAN_POINT('Ctrl Pts',(2.8865029836604,-32.287152087348,25.9618087555018));
#1951=CARTESIAN_POINT('Ctrl Pts',(3.01087464429758,-32.2522436338519,26.2258564371598));
#1952=CARTESIAN_POINT('Ctrl Pts',(3.20954674929617,-32.1964806416817,26.6476479326359));
#1953=CARTESIAN_POINT('Ctrl Pts',(3.40822205668522,-32.1236334961713,27.0671346661719));
#1954=CARTESIAN_POINT('Ctrl Pts',(3.60690199073915,-32.0342410989416,27.4830496694153));
#1955=CARTESIAN_POINT('Ctrl Pts',(3.91070235291836,-31.897551690503,28.1190229458449));
#1956=CARTESIAN_POINT('Ctrl Pts',(4.21448929001125,-31.7218199426778,28.7468882131442));
#1957=CARTESIAN_POINT('Ctrl Pts',(4.51826978492982,-31.5089085554041,29.3620244030456));
#1958=CARTESIAN_POINT('Ctrl Pts',(4.82375199365073,-31.2948044837663,29.9806064552133));
#1959=CARTESIAN_POINT('Ctrl Pts',(5.12922768781977,-31.0431040375763,30.5863158168079));
#1960=CARTESIAN_POINT('Ctrl Pts',(5.43470396835793,-30.7557336221407,31.1744950984361));
#1961=CARTESIAN_POINT('Ctrl Pts',(5.73852822981024,-30.4699173090734,31.7594935000383));
#1962=CARTESIAN_POINT('Ctrl Pts',(6.04235307130666,-30.1488167371591,32.3271505699782));
#1963=CARTESIAN_POINT('Ctrl Pts',(6.34618547918444,-29.7943445311133,32.8729322491975));
#1964=CARTESIAN_POINT('Ctrl Pts',(6.47523172677377,-29.6437901238845,33.1047412198014));
#1965=CARTESIAN_POINT('Ctrl Pts',(6.60427933929441,-29.4872157991027,33.3326046218508));
#1966=CARTESIAN_POINT('Ctrl Pts',(6.73332885202932,-29.3247684315545,33.5561779032672));
#1967=CARTESIAN_POINT('Ctrl Pts',(6.92191473371536,-29.0873767561625,33.8828956374438));
#1968=CARTESIAN_POINT('Ctrl Pts',(7.11050467336538,-28.8374431400404,34.2004513702541));
#1969=CARTESIAN_POINT('Ctrl Pts',(7.29910034146149,-28.5758885719208,34.5081128290698));
#1970=CARTESIAN_POINT('Ctrl Pts',(7.60529096926146,-28.1512470187774,35.0076102786962));
#1971=CARTESIAN_POINT('Ctrl Pts',(7.91146393802042,-27.6955480863597,35.4810604608853));
#1972=CARTESIAN_POINT('Ctrl Pts',(8.21762830663215,-27.2127223410727,35.9252184394859));
#1973=CARTESIAN_POINT('Ctrl Pts',(8.5254668895827,-26.7272563349691,36.371805229969));
#1974=CARTESIAN_POINT('Ctrl Pts',(8.83329677807159,-26.2143671838516,36.7887785434406));
#1975=CARTESIAN_POINT('Ctrl Pts',(9.14112718041841,-25.6780573717988,37.1728921867652));
#1976=CARTESIAN_POINT('Ctrl Pts',(9.44733695933056,-25.1445710503533,37.5549836010727));
#1977=CARTESIAN_POINT('Ctrl Pts',(9.7535472467043,-24.5879110218468,37.9045606019094));
#1978=CARTESIAN_POINT('Ctrl Pts',(10.0597671061874,-24.0120077190077,38.2184783808629));
#1979=CARTESIAN_POINT('Ctrl Pts',(10.1917728419953,-23.7637464227817,38.3538025478319));
#1980=CARTESIAN_POINT('Ctrl Pts',(10.3237803566008,-23.5119089198773,38.4825007360596));
#1981=CARTESIAN_POINT('Ctrl Pts',(10.4557903760788,-23.2568088720939,38.6043237734491));
#1982=CARTESIAN_POINT('Ctrl Pts',(10.6342879685067,-22.9118748698293,38.7690470191715));
#1983=CARTESIAN_POINT('Ctrl Pts',(10.8127901406296,-22.5609760930558,38.9212001894394));
#1984=CARTESIAN_POINT('Ctrl Pts',(10.9912986874198,-22.2050939717675,39.0606095893188));
#1985=CARTESIAN_POINT('Ctrl Pts',(11.2998372989901,-21.5899784629622,39.3015682630185));
#1986=CARTESIAN_POINT('Ctrl Pts',(11.6083548852205,-20.959595185485,39.5042753093685));
#1987=CARTESIAN_POINT('Ctrl Pts',(11.9168622628815,-20.319058081042,39.6677319044606));
#1988=CARTESIAN_POINT('Ctrl Pts',(12.2270216415883,-19.6750910165946,39.8320637799692));
#1989=CARTESIAN_POINT('Ctrl Pts',(12.537170702103,-19.0208621229211,39.9567242648955));
#1990=CARTESIAN_POINT('Ctrl Pts',(12.8473204358936,-18.3615481736986,40.0407472959328));
#1991=CARTESIAN_POINT('Ctrl Pts',(13.1558731023483,-17.7056292580929,40.12433766357));
#1992=CARTESIAN_POINT('Ctrl Pts',(13.464426435163,-17.0446783055855,40.1677086683299));
#1993=CARTESIAN_POINT('Ctrl Pts',(13.7729912568823,-16.3837594796973,40.1699482343573));
#1994=CARTESIAN_POINT('Ctrl Pts',(13.9080761915004,-16.0944193796641,40.1709286819297));
#1995=CARTESIAN_POINT('Ctrl Pts',(14.0431633280288,-15.805084939253,40.1640265163199));
#1996=CARTESIAN_POINT('Ctrl Pts',(14.1782535745199,-15.5161785197438,40.1491670892138));
#1997=CARTESIAN_POINT('Ctrl Pts',(14.3466638743597,-15.1560132376532,40.1306425795664));
#1998=CARTESIAN_POINT('Ctrl Pts',(14.5150790075077,-14.7965133011718,40.099751393262));
#1999=CARTESIAN_POINT('Ctrl Pts',(14.683500733284,-14.4384722653997,40.0567577339339));
#2000=CARTESIAN_POINT('Ctrl Pts',(14.9948375507188,-13.7766137309704,39.9772815915101));
#2001=CARTESIAN_POINT('Ctrl Pts',(15.3061497860515,-13.1195031443952,39.8561095912402));
#2002=CARTESIAN_POINT('Ctrl Pts',(15.6174501176183,-12.4722434993462,39.6948448245359));
#2003=CARTESIAN_POINT('Ctrl Pts',(15.9303748739006,-11.8216063295787,39.5327385474116));
#2004=CARTESIAN_POINT('Ctrl Pts',(16.2432876018606,-11.1809238102422,39.3301209830081));
#2005=CARTESIAN_POINT('Ctrl Pts',(16.5562011793459,-10.5553377668985,39.0886529960017));
#2006=CARTESIAN_POINT('Ctrl Pts',(16.8675408038335,-9.93289841676051,38.8483995911973));
#2007=CARTESIAN_POINT('Ctrl Pts',(17.1788812693217,-9.3254044080581,38.569686584076));
#2008=CARTESIAN_POINT('Ctrl Pts',(17.4902352603076,-8.73787214752889,38.2541672579314));
#2009=CARTESIAN_POINT('Ctrl Pts',(17.6270605957552,-8.47967954052655,38.1155114549231));
#2010=CARTESIAN_POINT('Ctrl Pts',(17.7638885432285,-8.22534125963105,37.9697478055008));
#2011=CARTESIAN_POINT('Ctrl Pts',(17.900720179216,-7.97527984947476,37.8170169699219));
#2012=CARTESIAN_POINT('Ctrl Pts',(18.0590423499292,-7.68594423653848,37.6402984994516));
#2013=CARTESIAN_POINT('Ctrl Pts',(18.2173694587653,-7.40233449209651,37.454252525424));
#2014=CARTESIAN_POINT('Ctrl Pts',(18.3757031732603,-7.12492533912484,37.2593856350871));
#2015=CARTESIAN_POINT('Ctrl Pts',(18.6900932362364,-6.57409710048292,36.8724546891392));
#2016=CARTESIAN_POINT('Ctrl Pts',(19.0044555882114,-6.0476787311824,36.4503402702492));
#2017=CARTESIAN_POINT('Ctrl Pts',(19.3188046009559,-5.54949759250363,35.996995752277));
#2018=CARTESIAN_POINT('Ctrl Pts',(19.6347548918305,-5.04877874405058,35.5413419200313));
#2019=CARTESIAN_POINT('Ctrl Pts',(19.9506917072298,-4.57658559484184,35.0541401980522));
#2020=CARTESIAN_POINT('Ctrl Pts',(20.2666296396726,-4.13675215139537,34.5394123227481));
#2021=CARTESIAN_POINT('Ctrl Pts',(20.5810114263541,-3.69908509849069,34.027219728963));
#2022=CARTESIAN_POINT('Ctrl Pts',(20.8953943191023,-3.29345958392781,33.4877724983092));
#2023=CARTESIAN_POINT('Ctrl Pts',(21.2097926958705,-2.92360278136723,32.9250241837547));
#2024=CARTESIAN_POINT('Ctrl Pts',(21.3475884256596,-2.76150051942125,32.678380688045));
#2025=CARTESIAN_POINT('Ctrl Pts',(21.4853871298163,-2.60626852875697,32.4272610148416));
#2026=CARTESIAN_POINT('Ctrl Pts',(21.623190018837,-2.45821770214027,32.1719967397843));
#2027=CARTESIAN_POINT('Ctrl Pts',(21.7714240026957,-2.29896005522944,31.8974100406416));
#2028=CARTESIAN_POINT('Ctrl Pts',(21.9196628289499,-2.14801188650519,31.6180275776981));
#2029=CARTESIAN_POINT('Ctrl Pts',(22.0679080043172,-2.00551767315758,31.3344000452405));
#2030=CARTESIAN_POINT('Ctrl Pts',(22.3857636998915,-1.69999273997385,30.7262681017222));
#2031=CARTESIAN_POINT('Ctrl Pts',(22.7035887417084,-1.43349815497253,30.09825694211));
#2032=CARTESIAN_POINT('Ctrl Pts',(23.0213991460034,-1.20756042791209,29.4558384500802));
#2033=CARTESIAN_POINT('Ctrl Pts',(23.3407869301056,-0.98050131022526,28.8102314596772));
#2034=CARTESIAN_POINT('Ctrl Pts',(23.6601599310252,-0.79440209456752,28.1500748398774));
#2035=CARTESIAN_POINT('Ctrl Pts',(23.9795344046619,-0.650763117619297,27.4809030590946));
#2036=CARTESIAN_POINT('Ctrl Pts',(24.2973662617851,-0.507817933933,26.8149634572261));
#2037=CARTESIAN_POINT('Ctrl Pts',(24.615199577433,-0.406923130086822,26.1400963797687));
#2038=CARTESIAN_POINT('Ctrl Pts',(24.9330503730875,-0.349518229153199,25.4617233993794));
#2039=CARTESIAN_POINT('Ctrl Pts',(25.0705842181482,-0.324679163595828,25.1681918252771));
#2040=CARTESIAN_POINT('Ctrl Pts',(25.2081213359688,-0.30798222020962,24.8740033536551));
#2041=CARTESIAN_POINT('Ctrl Pts',(25.3456630245101,-0.299542229667764,24.579594750172));
#2042=CARTESIAN_POINT('Ctrl Pts',(25.4838084787776,-0.291065190162258,24.2838937834341));
#2043=CARTESIAN_POINT('Ctrl Pts',(25.621958543982,-0.290917728355622,23.987970757679));
#2044=CARTESIAN_POINT('Ctrl Pts',(25.7601145352519,-0.298990530171113,23.6922729353821));
#2045=CARTESIAN_POINT('Ctrl Pts',(26.0818659727296,-0.317791275363052,23.0036223853155));
#2046=CARTESIAN_POINT('Ctrl Pts',(26.4035840922791,-0.381493535878468,22.3159642773724));
#2047=CARTESIAN_POINT('Ctrl Pts',(26.7252864618965,-0.488783838398671,21.6350362641296));
#2048=CARTESIAN_POINT('Ctrl Pts',(27.0485435068221,-0.596592637516614,20.9508175633795));
#2049=CARTESIAN_POINT('Ctrl Pts',(27.3717846492199,-0.748410771908755,20.2733948332576));
#2050=CARTESIAN_POINT('Ctrl Pts',(27.6950277130189,-0.942872723976182,19.6085482141143));
#2051=CARTESIAN_POINT('Ctrl Pts',(28.0167363223044,-1.13641155331194,18.9468576623697));
#2052=CARTESIAN_POINT('Ctrl Pts',(28.3384468347923,-1.37218929790329,18.2976244723577));
#2053=CARTESIAN_POINT('Ctrl Pts',(28.6601768217809,-1.6488424360239,17.6664985902221));
#2054=CARTESIAN_POINT('Ctrl Pts',(28.7961603371396,-1.76577361365148,17.3997447296633));
#2055=CARTESIAN_POINT('Ctrl Pts',(28.9321473315092,-1.8900068256784,17.1362250156777));
#2056=CARTESIAN_POINT('Ctrl Pts',(29.0681391316362,-2.02143882657771,16.8763632576344));
#2057=CARTESIAN_POINT('Ctrl Pts',(29.1961957732693,-2.14520173450713,16.6316645037918));
#2058=CARTESIAN_POINT('Ctrl Pts',(29.3242566761877,-2.2753478206974,16.3902092569712));
#2059=CARTESIAN_POINT('Ctrl Pts',(29.4523229481783,-2.41163111423318,16.1522691336099));
#2060=CARTESIAN_POINT('Ctrl Pts',(29.7785456786702,-2.75878503264297,15.5461651568957));
#2061=CARTESIAN_POINT('Ctrl Pts',(30.1047327134271,-3.14614085222256,14.962828493424));
#2062=CARTESIAN_POINT('Ctrl Pts',(30.4309030831313,-3.56964826766198,14.4068578592683));
#2063=CARTESIAN_POINT('Ctrl Pts',(30.7586077231166,-3.99514781635959,13.8482719991437));
#2064=CARTESIAN_POINT('Ctrl Pts',(31.0862955408993,-4.45713863639096,13.3173103075389));
#2065=CARTESIAN_POINT('Ctrl Pts',(31.4139858369818,-4.9515049110432,12.8185847047247));
#2066=CARTESIAN_POINT('Ctrl Pts',(31.7401439351375,-5.44355965254929,12.3221910181857));
#2067=CARTESIAN_POINT('Ctrl Pts',(32.0663044884715,-5.9676867370429,11.8577324851996));
#2068=CARTESIAN_POINT('Ctrl Pts',(32.392486528017,-6.51983699208376,11.4297061548475));
#2069=CARTESIAN_POINT('Ctrl Pts',(32.525193274037,-6.74447861785399,11.2555641892413));
#2070=CARTESIAN_POINT('Ctrl Pts',(32.657903576581,-6.97375899768705,11.0874521298086));
#2071=CARTESIAN_POINT('Ctrl Pts',(32.7906187172751,-7.20740646376306,10.9256705637225));
#2072=CARTESIAN_POINT('Ctrl Pts',(32.9085861700748,-7.41509035184075,10.7818666302652));
#2073=CARTESIAN_POINT('Ctrl Pts',(33.0265574455092,-7.62622468691196,10.6430644103268));
#2074=CARTESIAN_POINT('Ctrl Pts',(33.1445334436691,-7.84053949806265,10.5093590459255));
#2075=CARTESIAN_POINT('Ctrl Pts',(33.4757881813816,-8.44229576766737,10.1339391630145));
#2076=CARTESIAN_POINT('Ctrl Pts',(33.8070051999144,-9.0694669721178,9.79884953543511));
#2077=CARTESIAN_POINT('Ctrl Pts',(34.1382048602297,-9.71603681582759,9.50629819005048));
#2078=CARTESIAN_POINT('Ctrl Pts',(34.4709184517216,-10.3655621645137,9.21240957698238));
#2079=CARTESIAN_POINT('Ctrl Pts',(34.8036145259427,-11.0346627773844,8.96144847680449));
#2080=CARTESIAN_POINT('Ctrl Pts',(35.1363137243467,-11.717258330695,8.75560424092853));
#2081=CARTESIAN_POINT('Ctrl Pts',(35.4674729285338,-12.3966942935718,8.55071281448029));
#2082=CARTESIAN_POINT('Ctrl Pts',(35.7986352280484,-13.089499718553,8.39052084649324));
#2083=CARTESIAN_POINT('Ctrl Pts',(36.1298209790342,-13.7897115989767,8.277148355281));
#2084=CARTESIAN_POINT('Ctrl Pts',(36.2575771249844,-14.0598209588305,8.23341449145705));
#2085=CARTESIAN_POINT('Ctrl Pts',(36.3853367606531,-14.3310328602761,8.19664728705124));
#2086=CARTESIAN_POINT('Ctrl Pts',(36.5131010545331,-14.6030067076809,8.16696722578656));
#2087=CARTESIAN_POINT('Ctrl Pts',(36.6209792107513,-14.8326486233255,8.14190677901821));
#2088=CARTESIAN_POINT('Ctrl Pts',(36.7288606879568,-15.0628337695309,8.12189896542036));
#2089=CARTESIAN_POINT('Ctrl Pts',(36.8367461895425,-15.293346101758,8.10690954814812));
#2090=CARTESIAN_POINT('Ctrl Pts',(37.1739397756527,-16.0138069496371,8.06006047863054));
#2091=CARTESIAN_POINT('Ctrl Pts',(37.5110938011974,-16.7376804373826,8.06252212000322));
#2092=CARTESIAN_POINT('Ctrl Pts',(37.8482299698897,-17.4582863436885,8.11331786028329));
#2093=CARTESIAN_POINT('Ctrl Pts',(38.1868625379043,-18.1820907029935,8.16433906053588));
#2094=CARTESIAN_POINT('Ctrl Pts',(38.5254770901971,-18.9025976940554,8.26412332864831));
#2095=CARTESIAN_POINT('Ctrl Pts',(38.8640956207655,-19.6130785787472,8.4116479109081));
#2096=CARTESIAN_POINT('Ctrl Pts',(39.2011656584218,-20.3203104545549,8.55849786744789));
#2097=CARTESIAN_POINT('Ctrl Pts',(39.5382396380518,-21.0176073352032,8.75265146410054));
#2098=CARTESIAN_POINT('Ctrl Pts',(39.8753392532967,-21.6983808224713,8.99308295649248));
#2099=CARTESIAN_POINT('Ctrl Pts',(39.9954181296041,-21.9408804032307,9.07872750228753));
#2100=CARTESIAN_POINT('Ctrl Pts',(40.1155002587347,-22.1812838557657,9.17024402328242));
#2101=CARTESIAN_POINT('Ctrl Pts',(40.2355866212109,-22.4192949928069,9.26758601351061));
#2102=CARTESIAN_POINT('Ctrl Pts',(40.3333748020033,-22.61311113995,9.34685310048736));
#2103=CARTESIAN_POINT('Ctrl Pts',(40.431165789968,-22.8053409363552,9.42998310819132));
#2104=CARTESIAN_POINT('Ctrl Pts',(40.528960114568,-22.9958550738776,9.5168771137806));
#2105=CARTESIAN_POINT('Ctrl Pts',(40.8730486114178,-23.6661774415286,9.82261293117864));
#2106=CARTESIAN_POINT('Ctrl Pts',(41.2170964332339,-24.3153044545381,10.1752912139395));
#2107=CARTESIAN_POINT('Ctrl Pts',(41.5611262236935,-24.9374975760854,10.5706217402969));
#2108=CARTESIAN_POINT('Ctrl Pts',(41.9066419077547,-25.5623780020579,10.9676597324492));
#2109=CARTESIAN_POINT('Ctrl Pts',(42.2521394043651,-26.1600912696715,11.407717910669));
#2110=CARTESIAN_POINT('Ctrl Pts',(42.5976416518705,-26.7248759925051,11.8864418208686));
#2111=CARTESIAN_POINT('Ctrl Pts',(42.9415571585004,-27.2870669058567,12.3629671612993));
#2112=CARTESIAN_POINT('Ctrl Pts',(43.285477372488,-27.8166312314223,12.8778027896111));
#2113=CARTESIAN_POINT('Ctrl Pts',(43.629424917591,-28.3079370128188,13.4266636496876));
#2114=CARTESIAN_POINT('Ctrl Pts',(43.7389724702171,-28.4644182748872,13.6014762477413));
#2115=CARTESIAN_POINT('Ctrl Pts',(43.8485227953862,-28.6170188558717,13.7797405984798));
#2116=CARTESIAN_POINT('Ctrl Pts',(43.9580766240624,-28.7655578003022,13.9613187267605));
#2117=CARTESIAN_POINT('Ctrl Pts',(44.0457750874542,-28.8844640707428,14.106673051919));
#2118=CARTESIAN_POINT('Ctrl Pts',(44.1334757959263,-29.0007676170818,14.2541508802404));
#2119=CARTESIAN_POINT('Ctrl Pts',(44.2211791244424,-29.1144203716738,14.4036451486659));
#2120=CARTESIAN_POINT('Ctrl Pts',(44.5728509960642,-29.5701439753105,15.0030856723429));
#2121=CARTESIAN_POINT('Ctrl Pts',(44.9244808688624,-29.983120237449,15.6352562825235));
#2122=CARTESIAN_POINT('Ctrl Pts',(45.276092715579,-30.3501508514427,16.2932195064047));
#2123=CARTESIAN_POINT('Ctrl Pts',(45.6291610521744,-30.7187018248313,16.9539082265545));
#2124=CARTESIAN_POINT('Ctrl Pts',(45.9822112130391,-31.0409262839427,17.6406024931569));
#2125=CARTESIAN_POINT('Ctrl Pts',(46.3352674700593,-31.3136349553035,18.3462971212828));
#2126=CARTESIAN_POINT('Ctrl Pts',(46.6867171579557,-31.5851026761854,19.048780512735));
#2127=CARTESIAN_POINT('Ctrl Pts',(47.0381728866531,-31.8075049736733,19.7700908667092));
#2128=CARTESIAN_POINT('Ctrl Pts',(47.3896585981984,-31.9777343484389,20.5033522443653));
#2129=CARTESIAN_POINT('Ctrl Pts',(47.4866245542185,-32.0246962974589,20.705640383432));
#2130=CARTESIAN_POINT('Ctrl Pts',(47.5835927921359,-32.067687722912,20.9088383166905));
#2131=CARTESIAN_POINT('Ctrl Pts',(47.6805638146358,-32.1066437740066,21.1128022583543));
#2132=CARTESIAN_POINT('Ctrl Pts',(47.7581720637371,-32.1378212416604,21.2760395222733));
#2133=CARTESIAN_POINT('Ctrl Pts',(47.8357820964156,-32.1664139805621,21.4397674336691));
#2134=CARTESIAN_POINT('Ctrl Pts',(47.9133941703591,-32.1924279798916,21.6039049311471));
#2135=CARTESIAN_POINT('Ctrl Pts',(48.2768660249665,-32.3142564029918,22.3725915231636));
#2136=CARTESIAN_POINT('Ctrl Pts',(48.6402955775069,-32.3792733787592,23.1504584619707));
#2137=CARTESIAN_POINT('Ctrl Pts',(49.0037074295269,-32.3880218746203,23.929102000584));
#2138=CARTESIAN_POINT('Ctrl Pts',(49.3686163927469,-32.3968064107787,24.7109532385501));
#2139=CARTESIAN_POINT('Ctrl Pts',(49.733507509308,-32.3488590204218,25.4935867114325));
#2140=CARTESIAN_POINT('Ctrl Pts',(50.0984056860564,-32.2447622982609,26.2685351600445));
#2141=CARTESIAN_POINT('Ctrl Pts',(50.461635292082,-32.1411415794183,27.0399400001226));
#2142=CARTESIAN_POINT('Ctrl Pts',(50.8248718938743,-31.9818849833562,27.803729556664));
#2143=CARTESIAN_POINT('Ctrl Pts',(51.188140058165,-31.767582860607,28.5516010834209));
#2144=CARTESIAN_POINT('Ctrl Pts',(51.2597818000894,-31.7253193790222,28.699092177272));
#2145=CARTESIAN_POINT('Ctrl Pts',(51.3314247695914,-31.6809150004485,28.8459643238989));
#2146=CARTESIAN_POINT('Ctrl Pts',(51.403069155107,-31.6343742677514,28.9921540783923));
#2147=CARTESIAN_POINT('Ctrl Pts',(51.4705853355134,-31.5905152482007,29.1299202657484));
#2148=CARTESIAN_POINT('Ctrl Pts',(51.5381027734513,-31.5447589788402,29.2670804360249));
#2149=CARTESIAN_POINT('Ctrl Pts',(51.6056216266238,-31.4971342816632,29.4035895334904));
#2150=CARTESIAN_POINT('Ctrl Pts',(51.9743914463292,-31.2370209923185,30.1491655155333));
#2151=CARTESIAN_POINT('Ctrl Pts',(52.3431203252366,-30.920880150279,30.8753635545212));
#2152=CARTESIAN_POINT('Ctrl Pts',(52.7118335631445,-30.5533914081529,31.5747462807642));
#2153=CARTESIAN_POINT('Ctrl Pts',(53.0818555817871,-30.1845982317498,32.2766115287724));
#2154=CARTESIAN_POINT('Ctrl Pts',(53.4518618481946,-29.7640933499899,32.9514706395655));
#2155=CARTESIAN_POINT('Ctrl Pts',(53.8218779325348,-29.296614348174,33.5918584626327));
#2156=CARTESIAN_POINT('Ctrl Pts',(54.1900597711879,-28.8314527357341,34.229071751802));
#2157=CARTESIAN_POINT('Ctrl Pts',(54.5582513306758,-28.3197827414174,34.8321549069487));
#2158=CARTESIAN_POINT('Ctrl Pts',(54.9264778027781,-27.7662606488112,35.3938033344039));
#2159=CARTESIAN_POINT('Ctrl Pts',(54.9928440872255,-27.6664981183336,35.4950304924707));
#2160=CARTESIAN_POINT('Ctrl Pts',(55.0592115057624,-27.5653760230265,35.5949118238319));
#2161=CARTESIAN_POINT('Ctrl Pts',(55.1255802058768,-27.4629215413375,35.6934047243785));
#2162=CARTESIAN_POINT('Ctrl Pts',(55.1830115071009,-27.3742638730467,35.7786342893689));
#2163=CARTESIAN_POINT('Ctrl Pts',(55.240443767981,-27.2846085024241,35.8628241866663));
#2164=CARTESIAN_POINT('Ctrl Pts',(55.297877084085,-27.1939842149463,35.945958481095));
#2165=CARTESIAN_POINT('Ctrl Pts',(55.8024738548437,-26.3977787036573,36.6763585233298));
#2166=CARTESIAN_POINT('Ctrl Pts',(56.3069923609187,-25.5264107797068,37.3250814610443));
#2167=CARTESIAN_POINT('Ctrl Pts',(56.8114939300315,-24.5993115894021,37.8811270742156));
#2168=CARTESIAN_POINT('Ctrl Pts',(57.224138277041,-23.8410141659291,38.3359305733566));
#2169=CARTESIAN_POINT('Ctrl Pts',(57.6367712932061,-23.0454319598871,38.7287342846169));
#2170=CARTESIAN_POINT('Ctrl Pts',(58.0494265365959,-22.2231737500705,39.053529588759));
#2171=CARTESIAN_POINT('Ctrl Pts',(-19.0937010586838,-9.293558835304,17.0298080721993));
#2172=CARTESIAN_POINT('Ctrl Pts',(-17.8528825588768,-10.4682476016275,15.862299872624));
#2173=CARTESIAN_POINT('Ctrl Pts',(-15.3712455592628,-13.4080362414702,14.1236323544748));
#2174=CARTESIAN_POINT('Ctrl Pts',(-11.6487900598417,-18.5296805004327,13.934184970632));
#2175=CARTESIAN_POINT('Ctrl Pts',(-7.9263345604207,-23.1213859691371,16.2092020205652));
#2176=CARTESIAN_POINT('Ctrl Pts',(-4.20387906099969,-26.0735665335594,20.3981232686204));
#2177=CARTESIAN_POINT('Ctrl Pts',(-0.481423561578689,-26.6715464121281,
25.4877544115166));
#2178=CARTESIAN_POINT('Ctrl Pts',(3.24103193784232,-24.7709325730157,30.2468945871529));
#2179=CARTESIAN_POINT('Ctrl Pts',(6.96348743726332,-20.8313531922825,33.5243522036761));
#2180=CARTESIAN_POINT('Ctrl Pts',(10.6859429366843,-15.8058287567116,34.527317382021));
#2181=CARTESIAN_POINT('Ctrl Pts',(14.4083984361053,-10.9099815782112,33.0131824045614));
#2182=CARTESIAN_POINT('Ctrl Pts',(18.1308539355263,-7.32810451987396,29.348206758179));
#2183=CARTESIAN_POINT('Ctrl Pts',(21.8533094349473,-5.92662952542884,24.4189302284766));
#2184=CARTESIAN_POINT('Ctrl Pts',(25.5757649343684,-7.04456909081035,19.4177194664937));
#2185=CARTESIAN_POINT('Ctrl Pts',(29.2982204337893,-10.4114977928935,15.5543415309679));
#2186=CARTESIAN_POINT('Ctrl Pts',(33.0206759332104,-15.2129739210246,13.7633288963625));
#2187=CARTESIAN_POINT('Ctrl Pts',(36.7431314326314,-20.287543366448,14.4779159751669));
#2188=CARTESIAN_POINT('Ctrl Pts',(40.4655869320524,-24.407696426237,17.5252530239866));
#2189=CARTESIAN_POINT('Ctrl Pts',(44.1880424314734,-26.5767833877738,22.1681935528738));
#2190=CARTESIAN_POINT('Ctrl Pts',(47.9104979308944,-26.2701252477518,27.2836578436653));
#2191=CARTESIAN_POINT('Ctrl Pts',(51.6329534303154,-23.5618754100059,31.6341901091623));
#2192=CARTESIAN_POINT('Ctrl Pts',(55.3554089297364,-19.1072009228737,34.1675278915367));
#2193=CARTESIAN_POINT('Ctrl Pts',(59.0778644291574,-13.983549906083,34.2706373746139));
#2194=CARTESIAN_POINT('Ctrl Pts',(62.8003199285784,-9.43057019909208,31.9190767276083));
#2195=CARTESIAN_POINT('Ctrl Pts',(66.5231184795722,-6.54887051267051,27.6802350480535));
#2196=CARTESIAN_POINT('Ctrl Pts',(69.0050985307589,-6.20825873759813,24.2812763244614));
#2197=CARTESIAN_POINT('Ctrl Pts',(70.2462600821386,-6.4532666247519,22.642844561995));
#2198=CARTESIAN_POINT('Ctrl Pts',(-17.9294038958137,-7.87197018077159,15.5994761709589));
#2199=CARTESIAN_POINT('Ctrl Pts',(-16.6885853960067,-9.28358160172062,14.1964935632933));
#2200=CARTESIAN_POINT('Ctrl Pts',(-14.2069483963927,-12.8162954048549,12.1071546709721));
#2201=CARTESIAN_POINT('Ctrl Pts',(-10.4844928969717,-18.9709226876346,11.879497696318));
#2202=CARTESIAN_POINT('Ctrl Pts',(-6.76203739755073,-24.4887279711083,14.6133623101683));
#2203=CARTESIAN_POINT('Ctrl Pts',(-3.03958189812972,-28.0363330226871,19.6471459341637));
#2204=CARTESIAN_POINT('Ctrl Pts',(0.682873601291289,-28.754919298716,25.7633033842907));
#2205=CARTESIAN_POINT('Ctrl Pts',(4.40532910071229,-26.4709711764387,31.4823132347477));
#2206=CARTESIAN_POINT('Ctrl Pts',(8.12778460013331,-21.7368191124981,35.4208003777212));
#2207=CARTESIAN_POINT('Ctrl Pts',(11.8502400995543,-15.6976980338886,36.6260533273998));
#2208=CARTESIAN_POINT('Ctrl Pts',(15.5726955989753,-9.81440878270945,34.8065328822272));
#2209=CARTESIAN_POINT('Ctrl Pts',(19.2951510983963,-5.51010392431805,30.4023693043926));
#2210=CARTESIAN_POINT('Ctrl Pts',(23.0176065978173,-3.82596582318947,24.4789083453495));
#2211=CARTESIAN_POINT('Ctrl Pts',(26.7400620972383,-5.16938231244588,18.4690047584758));
#2212=CARTESIAN_POINT('Ctrl Pts',(30.4625175966593,-9.21538593965052,13.8264231882962));
#2213=CARTESIAN_POINT('Ctrl Pts',(34.1849730960803,-14.9852704692327,11.6741817073586));
#2214=CARTESIAN_POINT('Ctrl Pts',(37.9074285955013,-21.0833284322606,12.5328936578098));
#2215=CARTESIAN_POINT('Ctrl Pts',(41.6298840949223,-26.034474030987,16.1948472789873));
#2216=CARTESIAN_POINT('Ctrl Pts',(45.3523395943433,-28.6410435460083,21.7742212078592));
#2217=CARTESIAN_POINT('Ctrl Pts',(49.0747950937644,-28.2725356099558,27.9214220863847));
#2218=CARTESIAN_POINT('Ctrl Pts',(52.7972505931853,-25.0180596063157,33.1494120095399));
#2219=CARTESIAN_POINT('Ctrl Pts',(56.5197060926064,-19.664923045449,36.1936979934038));
#2220=CARTESIAN_POINT('Ctrl Pts',(60.2421615920274,-13.507884262406,36.3176035998017));
#2221=CARTESIAN_POINT('Ctrl Pts',(63.9646170914484,-8.03661532888888,33.4917573318097));
#2222=CARTESIAN_POINT('Ctrl Pts',(67.6874156424421,-4.57370642423564,28.3979848381974));
#2223=CARTESIAN_POINT('Ctrl Pts',(70.1693956936288,-4.16439675380547,24.3134910632432));
#2224=CARTESIAN_POINT('Ctrl Pts',(71.4105572450085,-4.45882021442245,22.3446044486366));
#2225=CARTESIAN_POINT('Ctrl Pts',(-16.7651067329438,-6.45038152623917,14.1691442697185));
#2226=CARTESIAN_POINT('Ctrl Pts',(-15.5242882331368,-8.0989156018137,12.5306872539625));
#2227=CARTESIAN_POINT('Ctrl Pts',(-13.0426512335227,-12.2245545682398,10.0906769874694));
#2228=CARTESIAN_POINT('Ctrl Pts',(-9.32019573410175,-19.4121648748364,9.82481042200399));
#2229=CARTESIAN_POINT('Ctrl Pts',(-5.59774023468075,-25.8560699730795,13.0175225997716));
#2230=CARTESIAN_POINT('Ctrl Pts',(-1.87528473525973,-29.9990995118148,18.8961685997071));
#2231=CARTESIAN_POINT('Ctrl Pts',(1.84717076416127,-30.8382921853038,26.0388523570648));
#2232=CARTESIAN_POINT('Ctrl Pts',(5.56962626358227,-28.1710097798615,32.7177318823426));
#2233=CARTESIAN_POINT('Ctrl Pts',(9.29208176300329,-22.6422850327138,37.3172485517662));
#2234=CARTESIAN_POINT('Ctrl Pts',(13.0145372624243,-15.5895673110657,38.7247892727786));
#2235=CARTESIAN_POINT('Ctrl Pts',(16.7369927618453,-8.71883598720766,36.5998833598929));
#2236=CARTESIAN_POINT('Ctrl Pts',(20.4594482612663,-3.69210332876214,31.4565318506062));
#2237=CARTESIAN_POINT('Ctrl Pts',(24.1819037606873,-1.72530212095009,24.5388864622226));
#2238=CARTESIAN_POINT('Ctrl Pts',(27.9043592601084,-3.29419553408142,17.5202900504578));
#2239=CARTESIAN_POINT('Ctrl Pts',(31.6268147595293,-8.01927408640761,12.0985048456244));
#2240=CARTESIAN_POINT('Ctrl Pts',(35.3492702589504,-14.7575670174407,9.58503451835455));
#2241=CARTESIAN_POINT('Ctrl Pts',(39.0717257583714,-21.8791134980731,10.5878713404527));
#2242=CARTESIAN_POINT('Ctrl Pts',(42.7941812577924,-27.661251635737,14.8644415339879));
#2243=CARTESIAN_POINT('Ctrl Pts',(46.5166367572134,-30.7053037042428,21.3802488628446));
#2244=CARTESIAN_POINT('Ctrl Pts',(50.2390922566344,-30.2749459721597,28.5591863291042));
#2245=CARTESIAN_POINT('Ctrl Pts',(53.9615477560554,-26.4742438026256,34.6646339099173));
#2246=CARTESIAN_POINT('Ctrl Pts',(57.6840032554765,-20.2226451680241,38.219868095271));
#2247=CARTESIAN_POINT('Ctrl Pts',(61.4064587548974,-13.032218618729,38.3645698249894));
#2248=CARTESIAN_POINT('Ctrl Pts',(65.1289142543185,-6.64266045868567,35.0644379360111));
#2249=CARTESIAN_POINT('Ctrl Pts',(68.851712805312,-2.59854233580076,29.1157346283412));
#2250=CARTESIAN_POINT('Ctrl Pts',(71.3336928564989,-2.12053477001282,24.3457058020251));
#2251=CARTESIAN_POINT('Ctrl Pts',(72.5748544078785,-2.46437380409299,22.0463643352782));
#2252=CARTESIAN_POINT('Ctrl Pts',(-15.6008095700738,-5.02879287170676,12.7388123684781));
#2253=CARTESIAN_POINT('Ctrl Pts',(-14.3599910702668,-6.91424960190677,10.8648809446318));
#2254=CARTESIAN_POINT('Ctrl Pts',(-11.8783540706528,-11.6328137316246,8.07419930396673));
#2255=CARTESIAN_POINT('Ctrl Pts',(-8.15589857123178,-19.8534070620383,7.77012314769));
#2256=CARTESIAN_POINT('Ctrl Pts',(-4.43344307181077,-27.2234119750507,11.4216828893747));
#2257=CARTESIAN_POINT('Ctrl Pts',(-0.710987572389765,-31.9618660009425,
18.1451912652505));
#2258=CARTESIAN_POINT('Ctrl Pts',(3.01146792703124,-32.9216650718916,26.3144013298389));
#2259=CARTESIAN_POINT('Ctrl Pts',(6.73392342645225,-29.8710483832845,33.9531505299375));
#2260=CARTESIAN_POINT('Ctrl Pts',(10.4563789258733,-23.5477509529294,39.2136967258112));
#2261=CARTESIAN_POINT('Ctrl Pts',(14.1788344252943,-15.4814365882427,40.8235252181574));
#2262=CARTESIAN_POINT('Ctrl Pts',(17.9012899247153,-7.62326319170587,38.3932338375586));
#2263=CARTESIAN_POINT('Ctrl Pts',(21.6237454241363,-1.87410273320623,32.5106943968199));
#2264=CARTESIAN_POINT('Ctrl Pts',(25.3462009235573,0.375361581289276,24.5988645790956));
#2265=CARTESIAN_POINT('Ctrl Pts',(29.0686564229783,-1.41900875571696,16.5715753424399));
#2266=CARTESIAN_POINT('Ctrl Pts',(32.7911119223993,-6.8231622331647,10.3705865029527));
#2267=CARTESIAN_POINT('Ctrl Pts',(36.5135674218203,-14.5298635656487,7.49588732935056));
#2268=CARTESIAN_POINT('Ctrl Pts',(40.2360229212413,-22.6748985638856,8.64284902309558));
#2269=CARTESIAN_POINT('Ctrl Pts',(43.9584784206623,-29.2880292404869,13.5340357889886));
#2270=CARTESIAN_POINT('Ctrl Pts',(47.6809339200833,-32.7695638624773,20.98627651783));
#2271=CARTESIAN_POINT('Ctrl Pts',(51.4033894195044,-32.2773563343637,29.1969505718237));
#2272=CARTESIAN_POINT('Ctrl Pts',(55.1258449189254,-27.9304279989354,36.1798558102948));
#2273=CARTESIAN_POINT('Ctrl Pts',(58.8483004183464,-20.7803672905994,40.2460381971382));
#2274=CARTESIAN_POINT('Ctrl Pts',(62.5707559177674,-12.556552975052,40.4115360501771));
#2275=CARTESIAN_POINT('Ctrl Pts',(66.2932114171884,-5.24870558848247,36.6371185402125));
#2276=CARTESIAN_POINT('Ctrl Pts',(70.0160099681821,-0.623378247365876,29.833484418485));
#2277=CARTESIAN_POINT('Ctrl Pts',(72.4979900193688,-0.0766727862201621,
24.3779205408069));
#2278=CARTESIAN_POINT('Ctrl Pts',(73.7391515707485,-0.469927393763535,21.7481242219199));
#2279=CARTESIAN_POINT('Ctrl Pts',(70.4869594359225,-23.4307080477596,17.0702260965323));
#2280=CARTESIAN_POINT('Ctrl Pts',(69.2462568678274,-22.2636762690147,15.896999586253));
#2281=CARTESIAN_POINT('Ctrl Pts',(66.7648517316373,-19.336815339718,14.1424993875403));
#2282=CARTESIAN_POINT('Ctrl Pts',(63.042744027352,-14.2209644658279,13.9208627193048));
#2283=CARTESIAN_POINT('Ctrl Pts',(59.3206363230667,-9.61809515773376,16.1629209536359));
#2284=CARTESIAN_POINT('Ctrl Pts',(55.5985286187814,-6.63868031887558,20.3269758510402));
#2285=CARTESIAN_POINT('Ctrl Pts',(51.8764209144962,-6.00282851715147,25.4074686095544));
#2286=CARTESIAN_POINT('Ctrl Pts',(48.1543132102109,-7.86384089643682,30.1773934066149));
#2287=CARTESIAN_POINT('Ctrl Pts',(44.4322055059257,-11.7723970835629,33.4848097795847));
#2288=CARTESIAN_POINT('Ctrl Pts',(40.7100978016404,-16.7845044152866,34.5309517165744));
#2289=CARTESIAN_POINT('Ctrl Pts',(36.9879900973551,-21.6897420924574,33.0631751815124));
#2290=CARTESIAN_POINT('Ctrl Pts',(33.2658823930699,-25.3034589934522,29.4359532774224));
#2291=CARTESIAN_POINT('Ctrl Pts',(29.5437746887846,-26.7529312347988,24.5252782733409));
#2292=CARTESIAN_POINT('Ctrl Pts',(25.8216669844993,-25.6881013879213,19.5171014961122));
#2293=CARTESIAN_POINT('Ctrl Pts',(22.0995592802141,-22.366132573474,15.6209212602128));
#2294=CARTESIAN_POINT('Ctrl Pts',(18.3774515759288,-17.589294899487,13.7776848102358));
#2295=CARTESIAN_POINT('Ctrl Pts',(14.6553438716435,-12.5112191709224,14.4325401202162));
#2296=CARTESIAN_POINT('Ctrl Pts',(10.9332361673583,-8.35828194678192,17.4273417895696));
#2297=CARTESIAN_POINT('Ctrl Pts',(7.21112846307305,-6.13344365988533,22.0388195846159));
#2298=CARTESIAN_POINT('Ctrl Pts',(3.48902075878778,-6.3740002531217,27.1533036306916));
#2299=CARTESIAN_POINT('Ctrl Pts',(-0.233086945497491,-9.02188404363801,
31.5355702904678));
#2300=CARTESIAN_POINT('Ctrl Pts',(-3.95519464978276,-13.4375586817967,34.1273904371972));
#2301=CARTESIAN_POINT('Ctrl Pts',(-7.67730235406802,-18.5547424135337,34.3025949641138));
#2302=CARTESIAN_POINT('Ctrl Pts',(-11.3994100583533,-23.1373299292532,32.0193685946318));
#2303=CARTESIAN_POINT('Ctrl Pts',(-15.1218591734047,-26.0793874884844,27.827691033834));
#2304=CARTESIAN_POINT('Ctrl Pts',(-17.6036057203611,-26.4717083118117,24.4373428058701));
#2305=CARTESIAN_POINT('Ctrl Pts',(-18.8446496992223,-26.2523677691577,22.7966654689285));
#2306=CARTESIAN_POINT('Ctrl Pts',(69.3138437380171,-24.8712736005275,15.637266847218));
#2307=CARTESIAN_POINT('Ctrl Pts',(68.073141169922,-23.4670794802219,14.2256191118902));
#2308=CARTESIAN_POINT('Ctrl Pts',(65.5917360337318,-19.9454265289281,12.1145721738563));
#2309=CARTESIAN_POINT('Ctrl Pts',(61.8696283294465,-13.7899405787489,11.847894854482));
#2310=CARTESIAN_POINT('Ctrl Pts',(58.1475206251613,-8.25168349211479,14.5455805965244));
#2311=CARTESIAN_POINT('Ctrl Pts',(54.425412920876,-4.66679670936116,19.555848105995));
#2312=CARTESIAN_POINT('Ctrl Pts',(50.7033052165907,-3.90172811600464,25.6687905208393));
#2313=CARTESIAN_POINT('Ctrl Pts',(46.9811975123055,-6.14093247050721,31.4080518471552));
#2314=CARTESIAN_POINT('Ctrl Pts',(43.2590898080202,-10.8437792282444,35.3875961139974));
#2315=CARTESIAN_POINT('Ctrl Pts',(39.5369821037349,-16.8744390386536,36.6463333512182));
#2316=CARTESIAN_POINT('Ctrl Pts',(35.8148743994497,-22.7765113133199,34.8802776036418));
#2317=CARTESIAN_POINT('Ctrl Pts',(32.0927666951644,-27.124602014229,30.5159374343923));
#2318=CARTESIAN_POINT('Ctrl Pts',(28.3706589908792,-28.8686336986396,24.6073228678901));
#2319=CARTESIAN_POINT('Ctrl Pts',(24.6485512865939,-27.5874108242124,18.5813923730077));
#2320=CARTESIAN_POINT('Ctrl Pts',(20.9264435823086,-23.5903567918859,13.8934365876179));
#2321=CARTESIAN_POINT('Ctrl Pts',(17.2043358780233,-17.8427777647913,11.6756205584995));
#2322=CARTESIAN_POINT('Ctrl Pts',(13.4822281737381,-11.7327435648779,12.4635545228295));
#2323=CARTESIAN_POINT('Ctrl Pts',(9.76012046945277,-6.73585304454594,16.0669550232942));
#2324=CARTESIAN_POINT('Ctrl Pts',(6.03801276516752,-4.05888666026211,21.6155699999045));
#2325=CARTESIAN_POINT('Ctrl Pts',(2.31590506088224,-4.3483287816982,27.7694113576951));
#2326=CARTESIAN_POINT('Ctrl Pts',(-1.40620264340303,-7.53431130386598,33.0422352767552));
#2327=CARTESIAN_POINT('Ctrl Pts',(-5.12831034768829,-12.8473323175297,36.1607609906317));
#2328=CARTESIAN_POINT('Ctrl Pts',(-8.85041805197356,-19.0044219868073,36.3715703027927));
#2329=CARTESIAN_POINT('Ctrl Pts',(-12.5725257562588,-24.5182756474847,33.6243503026643));
#2330=CARTESIAN_POINT('Ctrl Pts',(-16.2949748713103,-28.0582134636735,28.5808466960878));
#2331=CARTESIAN_POINT('Ctrl Pts',(-18.7767214182666,-28.5302611006129,24.5015172946077));
#2332=CARTESIAN_POINT('Ctrl Pts',(-20.0177653971278,-28.2663465218079,22.5274241192447));
#2333=CARTESIAN_POINT('Ctrl Pts',(68.1407280401115,-26.3118391532956,14.2043075979037));
#2334=CARTESIAN_POINT('Ctrl Pts',(66.9000254720164,-24.6704826914292,12.5542386375273));
#2335=CARTESIAN_POINT('Ctrl Pts',(64.4186203358262,-20.5540377181382,10.0866449601724));
#2336=CARTESIAN_POINT('Ctrl Pts',(60.696512631541,-13.3589166916698,9.77492698965926));
#2337=CARTESIAN_POINT('Ctrl Pts',(56.9744049272557,-6.88527182649581,12.928240239413));
#2338=CARTESIAN_POINT('Ctrl Pts',(53.2522972229704,-2.69491309984674,18.7847203609496));
#2339=CARTESIAN_POINT('Ctrl Pts',(49.5301895186852,-1.80062771485778,25.9301124321241));
#2340=CARTESIAN_POINT('Ctrl Pts',(45.8080818143999,-4.41802404457763,32.6387102876956));
#2341=CARTESIAN_POINT('Ctrl Pts',(42.0859741101147,-9.91516137292593,37.2903824484102));
#2342=CARTESIAN_POINT('Ctrl Pts',(38.3638664058294,-16.9643736620205,38.7617149858619));
#2343=CARTESIAN_POINT('Ctrl Pts',(34.6417587015441,-23.8632805341825,36.6973800257713));
#2344=CARTESIAN_POINT('Ctrl Pts',(30.9196509972588,-28.9457450350057,31.5959215913623));
#2345=CARTESIAN_POINT('Ctrl Pts',(27.1975432929736,-30.9843361624804,24.6893674624394));
#2346=CARTESIAN_POINT('Ctrl Pts',(23.4754355886883,-29.4867202605035,17.6456832499032));
#2347=CARTESIAN_POINT('Ctrl Pts',(19.7533278844031,-24.8145810102978,12.1659519150229));
#2348=CARTESIAN_POINT('Ctrl Pts',(16.0312201801178,-18.0962606300956,9.57355630676339));
#2349=CARTESIAN_POINT('Ctrl Pts',(12.3091124758325,-10.9542679588333,10.4945689254428));
#2350=CARTESIAN_POINT('Ctrl Pts',(8.58700477154724,-5.11342414230996,14.7065682570187));
#2351=CARTESIAN_POINT('Ctrl Pts',(4.86489706726198,-1.98432966063889,21.192320415193));
#2352=CARTESIAN_POINT('Ctrl Pts',(1.14278936297672,-2.32265731027471,28.3855190846987));
#2353=CARTESIAN_POINT('Ctrl Pts',(-2.57931834130856,-6.04673856409394,34.5489002630424));
#2354=CARTESIAN_POINT('Ctrl Pts',(-6.30142604559382,-12.2571059532629,38.1941315440663));
#2355=CARTESIAN_POINT('Ctrl Pts',(-10.0235337498791,-19.4541015600809,38.4405456414716));
#2356=CARTESIAN_POINT('Ctrl Pts',(-13.7456414541643,-25.8992213657161,35.2293320106968));
#2357=CARTESIAN_POINT('Ctrl Pts',(-17.4680905692158,-30.0370394388626,29.3340023583415));
#2358=CARTESIAN_POINT('Ctrl Pts',(-19.9498371161721,-30.5888138894141,24.5656917833453));
#2359=CARTESIAN_POINT('Ctrl Pts',(-21.1908810950334,-30.2803252744582,22.2581827695609));
#2360=CARTESIAN_POINT('Ctrl Pts',(66.9676123422059,-27.7524047060635,12.7713483485894));
#2361=CARTESIAN_POINT('Ctrl Pts',(65.7269097741109,-25.8738859026364,10.8828581631644));
#2362=CARTESIAN_POINT('Ctrl Pts',(63.2455046379207,-21.1626489073483,8.05871774648856));
#2363=CARTESIAN_POINT('Ctrl Pts',(59.5233969336354,-12.9278928045907,7.70195912483648));
#2364=CARTESIAN_POINT('Ctrl Pts',(55.8012892293502,-5.51886016087682,11.3108998823016));
#2365=CARTESIAN_POINT('Ctrl Pts',(52.0791815250649,-0.723029490332335,18.0135926159044));
#2366=CARTESIAN_POINT('Ctrl Pts',(48.3570738207796,0.300472686289052,26.191434343409));
#2367=CARTESIAN_POINT('Ctrl Pts',(44.6349661164944,-2.69511561864802,33.869368728236));
#2368=CARTESIAN_POINT('Ctrl Pts',(40.912858412209,-8.98654351760741,39.1931687828229));
#2369=CARTESIAN_POINT('Ctrl Pts',(37.1907507079239,-17.0543082853875,40.8770966205055));
#2370=CARTESIAN_POINT('Ctrl Pts',(33.4686430036385,-24.950049755045,38.5144824479006));
#2371=CARTESIAN_POINT('Ctrl Pts',(29.7465352993533,-30.7668880557825,32.6759057483322));
#2372=CARTESIAN_POINT('Ctrl Pts',(26.024427595068,-33.1000386263212,24.7714120569886));
#2373=CARTESIAN_POINT('Ctrl Pts',(22.3023198907828,-31.3860296967946,16.7099741267987));
#2374=CARTESIAN_POINT('Ctrl Pts',(18.5802121864975,-26.0388052287096,10.4384672424279));
#2375=CARTESIAN_POINT('Ctrl Pts',(14.8581044822122,-18.3497434953999,7.47149205502723));
#2376=CARTESIAN_POINT('Ctrl Pts',(11.135996777927,-10.1757923527887,8.5255833280561));
#2377=CARTESIAN_POINT('Ctrl Pts',(7.41388907364171,-3.49099524007397,13.3461814907433));
#2378=CARTESIAN_POINT('Ctrl Pts',(3.69178136935645,0.0902273389843306,20.7690708304814));
#2379=CARTESIAN_POINT('Ctrl Pts',(-0.0303263349288174,-0.296985838851216,
29.0016268117022));
#2380=CARTESIAN_POINT('Ctrl Pts',(-3.75243403921409,-4.55916582432189,36.0555652493297));
#2381=CARTESIAN_POINT('Ctrl Pts',(-7.47454174349936,-11.666879588996,40.2275020975007));
#2382=CARTESIAN_POINT('Ctrl Pts',(-11.1966494477846,-19.9037811333545,40.5095209801504));
#2383=CARTESIAN_POINT('Ctrl Pts',(-14.9187571520699,-27.2801670839476,36.8343137187293));
#2384=CARTESIAN_POINT('Ctrl Pts',(-18.6412062671213,-32.0158654140516,30.0871580205953));
#2385=CARTESIAN_POINT('Ctrl Pts',(-21.1229528140776,-32.6473666782152,24.6298662720829));
#2386=CARTESIAN_POINT('Ctrl Pts',(-22.3639967929388,-32.2943040271084,21.9889414198772));
#2387=CARTESIAN_POINT('Ctrl Pts',(58.8745062237983,-11.7163246653673,8.70593292474374));
#2388=CARTESIAN_POINT('Ctrl Pts',(58.6100480715759,-11.1732929568207,8.86932415625471));
#2389=CARTESIAN_POINT('Ctrl Pts',(58.3457105336289,-10.6389545202748,9.06177542928867));
#2390=CARTESIAN_POINT('Ctrl Pts',(58.0814464403691,-10.1160901623602,9.28177633884568));
#2391=CARTESIAN_POINT('Ctrl Pts',(57.816697769619,-9.59226703515102,9.50218066109223));
#2392=CARTESIAN_POINT('Ctrl Pts',(57.552022813152,-9.07996063490783,9.7502364588941));
#2393=CARTESIAN_POINT('Ctrl Pts',(57.2873741414212,-8.58201064041018,10.024395651772));
#2394=CARTESIAN_POINT('Ctrl Pts',(57.0230139938468,-8.08460351885103,10.2982559519734));
#2395=CARTESIAN_POINT('Ctrl Pts',(56.7586800737276,-7.60152223189459,10.5981633579435));
#2396=CARTESIAN_POINT('Ctrl Pts',(56.4943251064729,-7.1356312222801,10.9225357975182));
#2397=CARTESIAN_POINT('Ctrl Pts',(56.2632811852646,-6.72844656887689,11.206034462777));
#2398=CARTESIAN_POINT('Ctrl Pts',(56.0322211869775,-6.33439377663257,11.508220616042));
#2399=CARTESIAN_POINT('Ctrl Pts',(55.8011135507396,-5.95539935824721,11.828008624438));
#2400=CARTESIAN_POINT('Ctrl Pts',(55.5991233002938,-5.62415466753329,12.107506355266));
#2401=CARTESIAN_POINT('Ctrl Pts',(55.3971364073421,-5.30418865014174,12.4004002882766));
#2402=CARTESIAN_POINT('Ctrl Pts',(55.1951518869719,-4.99676165366885,12.705978473002));
#2403=CARTESIAN_POINT('Ctrl Pts',(54.8916393223564,-4.53480567822829,13.165156326664));
#2404=CARTESIAN_POINT('Ctrl Pts',(54.5881321149462,-4.10116272152121,13.6529773733875));
#2405=CARTESIAN_POINT('Ctrl Pts',(54.2846269229948,-3.69844837338605,14.1653056187104));
#2406=CARTESIAN_POINT('Ctrl Pts',(53.9798377544179,-3.29403034497319,14.6798012651486));
#2407=CARTESIAN_POINT('Ctrl Pts',(53.6750506183885,-2.9208041103228,15.2190117182219));
#2408=CARTESIAN_POINT('Ctrl Pts',(53.3702621305685,-2.58141287497037,15.7786959413903));
#2409=CARTESIAN_POINT('Ctrl Pts',(53.0679937297585,-2.24482783301997,16.333752519497));
#2410=CARTESIAN_POINT('Ctrl Pts',(52.7657239994195,-1.94152156544632,16.9089452715627));
#2411=CARTESIAN_POINT('Ctrl Pts',(52.4634496384694,-1.67405228869131,17.5000908985796));
#2412=CARTESIAN_POINT('Ctrl Pts',(52.3352908122855,-1.56065018458479,17.7507258827183));
#2413=CARTESIAN_POINT('Ctrl Pts',(52.2071311537003,-1.45368982586553,18.0042280268742));
#2414=CARTESIAN_POINT('Ctrl Pts',(52.0789704111212,-1.35336441620048,18.2602762615463));
#2415=CARTESIAN_POINT('Ctrl Pts',(51.8871158636753,-1.20317890945895,18.6435763049039));
#2416=CARTESIAN_POINT('Ctrl Pts',(51.6952644831062,-1.06771383770846,19.0326582632854));
#2417=CARTESIAN_POINT('Ctrl Pts',(51.5034151934661,-0.947630964466733,19.4264742259051));
#2418=CARTESIAN_POINT('Ctrl Pts',(51.1953677999736,-0.754817031328923,20.058814231064));
#2419=CARTESIAN_POINT('Ctrl Pts',(50.8873257972904,-0.601662855235037,20.7033617703233));
#2420=CARTESIAN_POINT('Ctrl Pts',(50.579284731283,-0.488527315893523,21.3550159487048));
#2421=CARTESIAN_POINT('Ctrl Pts',(50.2699723964976,-0.374924872315145,22.0093594685491));
#2422=CARTESIAN_POINT('Ctrl Pts',(49.9606610061351,-0.301672820338963,22.6708677970377));
#2423=CARTESIAN_POINT('Ctrl Pts',(49.6513460506883,-0.269105214965844,23.3343329138328));
#2424=CARTESIAN_POINT('Ctrl Pts',(49.344678335341,-0.236816336079661,23.9921198329499));
#2425=CARTESIAN_POINT('Ctrl Pts',(49.0380071156711,-0.244519173336036,24.6518293430304));
#2426=CARTESIAN_POINT('Ctrl Pts',(48.7313279969655,-0.292499893018285,25.3083541410741));
#2427=CARTESIAN_POINT('Ctrl Pts',(48.60650577088,-0.312028644324213,25.5755679217777));
#2428=CARTESIAN_POINT('Ctrl Pts',(48.4816822362469,-0.3382292823381,25.8422538286383));
#2429=CARTESIAN_POINT('Ctrl Pts',(48.3568570967513,-0.371118815688212,26.1080664971146));
#2430=CARTESIAN_POINT('Ctrl Pts',(48.1751240560859,-0.419002718930275,26.4950634168441));
#2431=CARTESIAN_POINT('Ctrl Pts',(47.9933955501156,-0.480979542763891,26.8803266766162));
#2432=CARTESIAN_POINT('Ctrl Pts',(47.8116702088928,-0.557123675746512,27.262806458019));
#2433=CARTESIAN_POINT('Ctrl Pts',(47.5022073411992,-0.686790686369722,27.9141371375559));
#2434=CARTESIAN_POINT('Ctrl Pts',(47.1927536510218,-0.857544311498845,28.5573975528957));
#2435=CARTESIAN_POINT('Ctrl Pts',(46.8833023731208,-1.06726238906344,29.1878637438699));
#2436=CARTESIAN_POINT('Ctrl Pts',(46.5726026886717,-1.27782652363285,29.8208733986377));
#2437=CARTESIAN_POINT('Ctrl Pts',(46.2619054360018,-1.52767054983092,30.4409845061748));
#2438=CARTESIAN_POINT('Ctrl Pts',(45.9512037676625,-1.81460095954467,31.0433893790478));
#2439=CARTESIAN_POINT('Ctrl Pts',(45.6430470795018,-2.0991811012047,31.6408599093759));
#2440=CARTESIAN_POINT('Ctrl Pts',(45.3348860477135,-2.42024279200047,32.2209120196772));
#2441=CARTESIAN_POINT('Ctrl Pts',(45.0267139917385,-2.77559654413288,32.7788439904618));
#2442=CARTESIAN_POINT('Ctrl Pts',(44.8960638942095,-2.92624940662723,33.0153802531899));
#2443=CARTESIAN_POINT('Ctrl Pts',(44.7654118152469,-3.0830651265365,33.2479407046473));
#2444=CARTESIAN_POINT('Ctrl Pts',(44.6347572457985,-3.24587401611771,33.4761672130093));
#2445=CARTESIAN_POINT('Ctrl Pts',(44.4631491687556,-3.45971514379104,33.7759310283551));
#2446=CARTESIAN_POINT('Ctrl Pts',(44.2915458773496,-3.68387586679304,34.0683422603473));
#2447=CARTESIAN_POINT('Ctrl Pts',(44.1199460008422,-3.91799342147122,34.3525932535173));
#2448=CARTESIAN_POINT('Ctrl Pts',(43.8077697964408,-4.34390240864948,34.8697054913067));
#2449=CARTESIAN_POINT('Ctrl Pts',(43.4956048937315,-4.80276693294916,35.3598115828306));
#2450=CARTESIAN_POINT('Ctrl Pts',(43.1834430398829,-5.29037637070016,35.8196729243156));
#2451=CARTESIAN_POINT('Ctrl Pts',(42.8700350892587,-5.77993226199976,36.2813699536907));
#2452=CARTESIAN_POINT('Ctrl Pts',(42.5566302118848,-6.29846299018277,36.7125793019322));
#2453=CARTESIAN_POINT('Ctrl Pts',(42.2432200557032,-6.84165477061891,37.1100205432407));
#2454=CARTESIAN_POINT('Ctrl Pts',(41.932333288106,-7.38047310012863,37.504261828608));
#2455=CARTESIAN_POINT('Ctrl Pts',(41.6214413263625,-7.94355668950083,37.8652755170312));
#2456=CARTESIAN_POINT('Ctrl Pts',(41.3105360185316,-8.52664596252212,38.1898722510136));
#2457=CARTESIAN_POINT('Ctrl Pts',(41.1779106472487,-8.77537903133028,38.3283380837843));
#2458=CARTESIAN_POINT('Ctrl Pts',(41.0452828473942,-9.02775192265657,38.4601774155753));
#2459=CARTESIAN_POINT('Ctrl Pts',(40.9126519861827,-9.28343146601342,38.5851441268548));
#2460=CARTESIAN_POINT('Ctrl Pts',(40.7511694784773,-9.59472985805509,38.7372952757865));
#2461=CARTESIAN_POINT('Ctrl Pts',(40.5896921069835,-9.91096334963065,38.8793605631806));
#2462=CARTESIAN_POINT('Ctrl Pts',(40.4282185069585,-10.2315477557446,39.0108905645972));
#2463=CARTESIAN_POINT('Ctrl Pts',(40.1132000658917,-10.8569750691181,39.2674921142832));
#2464=CARTESIAN_POINT('Ctrl Pts',(39.7981959790392,-11.4989651236863,39.4839952800892));
#2465=CARTESIAN_POINT('Ctrl Pts',(39.4831961130246,-12.1521364363245,39.6595167354709));
#2466=CARTESIAN_POINT('Ctrl Pts',(39.1669694459385,-12.8078515953342,39.8357217781578));
#2467=CARTESIAN_POINT('Ctrl Pts',(38.8507470326314,-13.4748348114831,39.9706243945613));
#2468=CARTESIAN_POINT('Ctrl Pts',(38.5345186208688,-14.1475932048212,40.063351795066));
#2469=CARTESIAN_POINT('Ctrl Pts',(38.2207791689773,-14.8150564741869,40.1553493598879));
#2470=CARTESIAN_POINT('Ctrl Pts',(37.9070338126834,-15.4882036349154,40.2058321684025));
#2471=CARTESIAN_POINT('Ctrl Pts',(37.5932725399314,-16.161632160445,40.2139811077728));
#2472=CARTESIAN_POINT('Ctrl Pts',(37.4590354189752,-16.4497464507905,40.2174674850122));
#2473=CARTESIAN_POINT('Ctrl Pts',(37.3247953846667,-16.7379118272145,40.2132055497724));
#2474=CARTESIAN_POINT('Ctrl Pts',(37.1905516529569,-17.0257036021717,40.2011336158284));
#2475=CARTESIAN_POINT('Ctrl Pts',(37.0391949735934,-17.3501821223292,40.187522791606));
#2476=CARTESIAN_POINT('Ctrl Pts',(36.8878433656168,-17.6742501518752,40.164047911384));
#2477=CARTESIAN_POINT('Ctrl Pts',(36.7364955708932,-17.997309295459,40.1306107094249));
#2478=CARTESIAN_POINT('Ctrl Pts',(36.4184010511702,-18.6762973395735,40.0603342265897));
#2479=CARTESIAN_POINT('Ctrl Pts',(36.1003233758571,-19.3508312757185,39.9460484014305));
#2480=CARTESIAN_POINT('Ctrl Pts',(35.7822508643007,-20.0156040035814,39.7895729571753));
#2481=CARTESIAN_POINT('Ctrl Pts',(35.4629585592387,-20.6829261043912,39.6324974367622));
#2482=CARTESIAN_POINT('Ctrl Pts',(35.143671457615,-21.3404111698535,39.4329075038836));
#2483=CARTESIAN_POINT('Ctrl Pts',(34.8243777438761,-21.9826571207824,39.192684292649));
#2484=CARTESIAN_POINT('Ctrl Pts',(34.5075447249798,-22.6199534869524,38.9543124051063));
#2485=CARTESIAN_POINT('Ctrl Pts',(34.1907051954906,-23.2422436795139,38.6759307094908));
#2486=CARTESIAN_POINT('Ctrl Pts',(33.8738476109313,-23.8442304206012,38.3594241808099));
#2487=CARTESIAN_POINT('Ctrl Pts',(33.7387193639755,-24.1009558927938,38.2244456464308));
#2488=CARTESIAN_POINT('Ctrl Pts',(33.6035878333214,-24.3539886040394,38.0825339221891));
#2489=CARTESIAN_POINT('Ctrl Pts',(33.4684521235622,-24.6029173761577,37.9338381024751));
#2490=CARTESIAN_POINT('Ctrl Pts',(33.3272222782537,-24.863071942569,37.7784366349159));
#2491=CARTESIAN_POINT('Ctrl Pts',(33.1859972898561,-25.1188163002987,37.6156484534802));
#2492=CARTESIAN_POINT('Ctrl Pts',(33.0447760395041,-25.3696848185403,37.4456332195859));
#2493=CARTESIAN_POINT('Ctrl Pts',(32.7230776341167,-25.9411569027986,37.0583428542972));
#2494=CARTESIAN_POINT('Ctrl Pts',(32.4013986260755,-26.4873286427725,36.6335466891787));
#2495=CARTESIAN_POINT('Ctrl Pts',(32.0797257895093,-27.0042586801406,36.1754981848691));
#2496=CARTESIAN_POINT('Ctrl Pts',(31.7568434355738,-27.523132418648,35.7157273790189));
#2497=CARTESIAN_POINT('Ctrl Pts',(31.4339672996112,-28.012543137132,35.2224535441042));
#2498=CARTESIAN_POINT('Ctrl Pts',(31.1110840059974,-28.468492961837,34.7000295263949));
#2499=CARTESIAN_POINT('Ctrl Pts',(30.7906474060215,-28.9209877625213,34.1815642502672));
#2500=CARTESIAN_POINT('Ctrl Pts',(30.4702037564596,-29.3405257307586,33.6343890019258));
#2501=CARTESIAN_POINT('Ctrl Pts',(30.1497399834564,-29.7232034376435,33.0628090031491));
#2502=CARTESIAN_POINT('Ctrl Pts',(30.0152820769857,-29.8837646231983,32.822989539951));
#2503=CARTESIAN_POINT('Ctrl Pts',(29.8808206279563,-30.0378370263845,32.5788744350578));
#2504=CARTESIAN_POINT('Ctrl Pts',(29.7463546707045,-30.1851333164046,32.3307842576792));
#2505=CARTESIAN_POINT('Ctrl Pts',(29.6152520144323,-30.3287453894925,32.0888993827702));
#2506=CARTESIAN_POINT('Ctrl Pts',(29.4841538399902,-30.4659775661491,31.843225574464));
#2507=CARTESIAN_POINT('Ctrl Pts',(29.3530591926129,-30.5965624334582,31.5940514425637));
#2508=CARTESIAN_POINT('Ctrl Pts',(29.027379143572,-30.9209760295896,30.9750250740541));
#2509=CARTESIAN_POINT('Ctrl Pts',(28.7017208628962,-31.2043632769735,30.3343916619273));
#2510=CARTESIAN_POINT('Ctrl Pts',(28.3760697114546,-31.4452126254306,29.6779706558405));
#2511=CARTESIAN_POINT('Ctrl Pts',(28.049214826496,-31.6869522469054,29.0191232619989));
#2512=CARTESIAN_POINT('Ctrl Pts',(27.7223671235738,-31.885837938139,28.3443716584569));
#2513=CARTESIAN_POINT('Ctrl Pts',(27.3955118006202,-32.0403538314099,27.65965113137));
#2514=CARTESIAN_POINT('Ctrl Pts',(27.0710952230829,-32.1937168447978,26.9800394672252));
#2515=CARTESIAN_POINT('Ctrl Pts',(26.7466711387997,-32.3033687292874,26.2906076986967));
#2516=CARTESIAN_POINT('Ctrl Pts',(26.4222250745624,-32.3678540861709,25.597202374391));
#2517=CARTESIAN_POINT('Ctrl Pts',(26.2895738213474,-32.3942192184609,25.3137004448136));
#2518=CARTESIAN_POINT('Ctrl Pts',(26.1569188939182,-32.4130346156094,25.029534737486));
#2519=CARTESIAN_POINT('Ctrl Pts',(26.0242593031038,-32.4242026945665,24.7451065255595));
#2520=CARTESIAN_POINT('Ctrl Pts',(25.9032844159033,-32.4343870851845,24.4857308509987));
#2521=CARTESIAN_POINT('Ctrl Pts',(25.7823135260582,-32.4382523845579,24.2261068353582));
#2522=CARTESIAN_POINT('Ctrl Pts',(25.6613458503906,-32.4357209669249,23.966533465612));
#2523=CARTESIAN_POINT('Ctrl Pts',(25.3310825939643,-32.4288097468303,23.2578520273622));
#2524=CARTESIAN_POINT('Ctrl Pts',(25.0008432956005,-32.374216131277,22.5495448559034));
#2525=CARTESIAN_POINT('Ctrl Pts',(24.6706120173211,-32.2734246057243,21.8476994936579));
#2526=CARTESIAN_POINT('Ctrl Pts',(24.3391797726935,-32.1722665272788,21.14330170008));
#2527=CARTESIAN_POINT('Ctrl Pts',(24.0077556065904,-32.0245731667619,20.4454135320521));
#2528=CARTESIAN_POINT('Ctrl Pts',(23.6763234065135,-31.8318795072118,19.7602290633849));
#2529=CARTESIAN_POINT('Ctrl Pts',(23.3473372280458,-31.6406079570859,19.0801013635417));
#2530=CARTESIAN_POINT('Ctrl Pts',(23.0183431337507,-31.4049972841351,18.4124915457007));
#2531=CARTESIAN_POINT('Ctrl Pts',(22.6893253652421,-31.1265922653178,17.7634837038988));
#2532=CARTESIAN_POINT('Ctrl Pts',(22.5602761805362,-31.0173946956568,17.5089262274686));
#2533=CARTESIAN_POINT('Ctrl Pts',(22.4312233537679,-30.9016141271017,17.2572306986054));
#2534=CARTESIAN_POINT('Ctrl Pts',(22.3021659340708,-30.7793459115785,17.0087647900548));
#2535=CARTESIAN_POINT('Ctrl Pts',(22.1913192193542,-30.6743304073415,16.795358774759));
#2536=CARTESIAN_POINT('Ctrl Pts',(22.0804759513938,-30.5645465045743,16.5842994882574));
#2537=CARTESIAN_POINT('Ctrl Pts',(21.9696355134665,-30.4500504988675,16.375817622661));
#2538=CARTESIAN_POINT('Ctrl Pts',(21.6341447803876,-30.1034951296582,15.7447867892346));
#2539=CARTESIAN_POINT('Ctrl Pts',(21.2986799745386,-29.7137666221574,15.1373668626112));
#2540=CARTESIAN_POINT('Ctrl Pts',(20.9632239943096,-29.2852551592442,14.5584381521666));
#2541=CARTESIAN_POINT('Ctrl Pts',(20.6265651924515,-28.8552072120043,13.9774336165298));
#2542=CARTESIAN_POINT('Ctrl Pts',(20.2899152796176,-28.3860973513205,13.4251259848556));
#2543=CARTESIAN_POINT('Ctrl Pts',(19.9532569695773,-27.8824117402603,12.9064682507652));
#2544=CARTESIAN_POINT('Ctrl Pts',(19.6190678647881,-27.382420388687,12.3916145885254));
#2545=CARTESIAN_POINT('Ctrl Pts',(19.2848704855187,-26.8483585456364,11.9099202071212));
#2546=CARTESIAN_POINT('Ctrl Pts',(18.9506479231107,-26.2846650634874,11.4662332081485));
#2547=CARTESIAN_POINT('Ctrl Pts',(18.8271272031644,-26.076337342455,11.3022570326651));
#2548=CARTESIAN_POINT('Ctrl Pts',(18.7036030435388,-25.8639628411662,11.1434720986046));
#2549=CARTESIAN_POINT('Ctrl Pts',(18.580074590699,-25.6477674038416,10.9901227297273));
#2550=CARTESIAN_POINT('Ctrl Pts',(18.4793564405643,-25.4714938084528,10.8650902825252));
#2551=CARTESIAN_POINT('Ctrl Pts',(18.3786411627154,-25.2926794911474,10.7436405852458));
#2552=CARTESIAN_POINT('Ctrl Pts',(18.2779282915276,-25.1114435374354,10.625905954544));
#2553=CARTESIAN_POINT('Ctrl Pts',(17.9363465546279,-24.4967565453212,10.2265925482825));
#2554=CARTESIAN_POINT('Ctrl Pts',(17.5947925020734,-23.8542088994836,9.87001405669152));
#2555=CARTESIAN_POINT('Ctrl Pts',(17.2532479676208,-23.1903181740116,9.55851063851857));
#2556=CARTESIAN_POINT('Ctrl Pts',(16.9104940864812,-22.5240767329857,9.24590424375314));
#2557=CARTESIAN_POINT('Ctrl Pts',(16.5677497909665,-21.8363409575547,8.97869376025792));
#2558=CARTESIAN_POINT('Ctrl Pts',(16.2249967211795,-21.1337502467615,8.75924004133643));
#2559=CARTESIAN_POINT('Ctrl Pts',(15.8847527268975,-20.4363027521721,8.54139280241223));
#2560=CARTESIAN_POINT('Ctrl Pts',(15.5445000863345,-19.7242175009855,8.37060679641887));
#2561=CARTESIAN_POINT('Ctrl Pts',(15.204220839852,-19.0040356648789,8.24917102538597));
#2562=CARTESIAN_POINT('Ctrl Pts',(15.088812508133,-18.759780438918,8.20798514675604));
#2563=CARTESIAN_POINT('Ctrl Pts',(14.9734011159895,-18.5145942412716,8.17247567612489));
#2564=CARTESIAN_POINT('Ctrl Pts',(14.8579859627689,-18.2687333091453,8.14273102249957));
#2565=CARTESIAN_POINT('Ctrl Pts',(14.7673964955191,-18.075756821766,8.11938441462135));
#2566=CARTESIAN_POINT('Ctrl Pts',(14.6768093181015,-17.8823536591109,8.09956909589555));
#2567=CARTESIAN_POINT('Ctrl Pts',(14.5862240981313,-17.6886456731463,8.08332877476974));
#2568=CARTESIAN_POINT('Ctrl Pts',(14.2376280997001,-16.943205867473,8.02083170339807));
#2569=CARTESIAN_POINT('Ctrl Pts',(13.8890610894003,-16.1932480641224,8.01127888075352));
#2570=CARTESIAN_POINT('Ctrl Pts',(13.5405041247789,-15.4460480880808,8.05357923971367));
#2571=CARTESIAN_POINT('Ctrl Pts',(13.1907201302615,-14.696217733645,8.09602850921162));
#2572=CARTESIAN_POINT('Ctrl Pts',(12.840946252275,-13.9491652976216,8.19069758013643));
#2573=CARTESIAN_POINT('Ctrl Pts',(12.4911633476115,-13.2122882948128,8.33645610091734));
#2574=CARTESIAN_POINT('Ctrl Pts',(12.1439664838359,-12.4808592256601,8.48113698900241));
#2575=CARTESIAN_POINT('Ctrl Pts',(11.7967607263633,-11.7594566493646,8.67615545274812));
#2576=CARTESIAN_POINT('Ctrl Pts',(11.4495273534471,-11.0553469463184,8.92036638521654));
#2577=CARTESIAN_POINT('Ctrl Pts',(11.344987072282,-10.8433632141402,8.99389007716311));
#2578=CARTESIAN_POINT('Ctrl Pts',(11.240444288027,-10.632947087125,9.07187230402694));
#2579=CARTESIAN_POINT('Ctrl Pts',(11.1358984897857,-10.4242972058341,9.15428094836772));
#2580=CARTESIAN_POINT('Ctrl Pts',(11.0554383100454,-10.2637167976888,9.21770400742275));
#2581=CARTESIAN_POINT('Ctrl Pts',(10.9749798876915,-10.1041687883183,9.28373955971696));
#2582=CARTESIAN_POINT('Ctrl Pts',(10.8945229964366,-9.94574281633386,9.35237412379003));
#2583=CARTESIAN_POINT('Ctrl Pts',(10.5373568402538,-9.24245445196117,9.65705832235776));
#2584=CARTESIAN_POINT('Ctrl Pts',(10.1802208569918,-8.5612749912942,10.0129636620422));
#2585=CARTESIAN_POINT('Ctrl Pts',(9.82309525045043,-7.90853771479947,10.4153499424826));
#2586=CARTESIAN_POINT('Ctrl Pts',(9.46472271273331,-7.2535213565342,10.8191411851788));
#2587=CARTESIAN_POINT('Ctrl Pts',(9.10636062432558,-6.62714714928609,11.2697390426408));
#2588=CARTESIAN_POINT('Ctrl Pts',(8.74798898094249,-6.03584197939921,11.7623085273712));
#2589=CARTESIAN_POINT('Ctrl Pts',(8.39229139081801,-5.44894893738453,12.251202617968));
#2590=CARTESIAN_POINT('Ctrl Pts',(8.03658438777846,-4.89660477967877,12.7814445620517));
#2591=CARTESIAN_POINT('Ctrl Pts',(7.68084841200255,-4.38510331998561,13.3482569660542));
#2592=CARTESIAN_POINT('Ctrl Pts',(7.59183932043224,-4.25711997457086,13.4900797239606));
#2593=CARTESIAN_POINT('Ctrl Pts',(7.50282841500646,-4.13169360548971,13.6341917431784));
#2594=CARTESIAN_POINT('Ctrl Pts',(7.41381538932815,-4.00892275013078,13.7805176734703));
#2595=CARTESIAN_POINT('Ctrl Pts',(7.34348377036481,-3.91191814936468,13.8961337812851));
#2596=CARTESIAN_POINT('Ctrl Pts',(7.27315341478865,-3.81656001517249,14.013130707728));
#2597=CARTESIAN_POINT('Ctrl Pts',(7.2028241816914,-3.72289678077514,14.1314721644132));
#2598=CARTESIAN_POINT('Ctrl Pts',(6.8357480663542,-3.23403127324209,14.7491430857398));
#2599=CARTESIAN_POINT('Ctrl Pts',(6.46870252969357,-2.7913373603456,15.4034459655037));
#2600=CARTESIAN_POINT('Ctrl Pts',(6.10166753634991,-2.39842852910837,16.0865932037462));
#2601=CARTESIAN_POINT('Ctrl Pts',(5.73333951329235,-2.00413551706316,16.7721471053697));
#2602=CARTESIAN_POINT('Ctrl Pts',(5.36502210796884,-1.65998014789203,17.4867489555128));
#2603=CARTESIAN_POINT('Ctrl Pts',(4.9966950725249,-1.36961731775614,18.2224762199057));
#2604=CARTESIAN_POINT('Ctrl Pts',(4.6312199450789,-1.08150272898698,18.952506844444));
#2605=CARTESIAN_POINT('Ctrl Pts',(4.26573533606464,-0.846352138159897,19.7033366309218));
#2606=CARTESIAN_POINT('Ctrl Pts',(3.9002214643248,-0.667721159811966,20.4671771914807));
#2607=CARTESIAN_POINT('Ctrl Pts',(3.83072613680632,-0.633757966332752,20.6124065631466));
#2608=CARTESIAN_POINT('Ctrl Pts',(3.76122975145203,-0.601837858065954,20.7581061382522));
#2609=CARTESIAN_POINT('Ctrl Pts',(3.69173217230328,-0.571985151584583,20.9042222073431));
#2610=CARTESIAN_POINT('Ctrl Pts',(3.63153034035476,-0.546125436169845,21.0307943145177));
#2611=CARTESIAN_POINT('Ctrl Pts',(3.57132935143755,-0.521810122621362,21.157681630683));
#2612=CARTESIAN_POINT('Ctrl Pts',(3.5111291251306,-0.499055155560497,21.2848497332305));
#2613=CARTESIAN_POINT('Ctrl Pts',(3.13147454143114,-0.355550254058323,22.0868392936409));
#2614=CARTESIAN_POINT('Ctrl Pts',(2.7518502885197,-0.274104954160324,22.9000005809451));
#2615=CARTESIAN_POINT('Ctrl Pts',(2.37223619475467,-0.25415812179972,23.7148526679413));
#2616=CARTESIAN_POINT('Ctrl Pts',(1.97181434517715,-0.233117945372578,24.5743691747469));
#2617=CARTESIAN_POINT('Ctrl Pts',(1.57140379897365,-0.280504314335634,25.4357666993822));
#2618=CARTESIAN_POINT('Ctrl Pts',(1.17098088236667,-0.395632706725008,26.2878615983765));
#2619=CARTESIAN_POINT('Ctrl Pts',(0.793295285896783,-0.504223733229315,
27.0915717678707));
#2620=CARTESIAN_POINT('Ctrl Pts',(0.415598684000779,-0.673082690982385,
27.887004435133));
#2621=CARTESIAN_POINT('Ctrl Pts',(0.0378712110618119,-0.901597452866395,
28.6647392304235));
#2622=CARTESIAN_POINT('Ctrl Pts',(0.0151313698895246,-0.915354433131384,
28.7115601978831));
#2623=CARTESIAN_POINT('Ctrl Pts',(-0.00760858316702394,-0.929327606948691,
28.7583170161862));
#2624=CARTESIAN_POINT('Ctrl Pts',(-0.030348652442236,-0.943516835262505,
28.8050076272145));
#2625=CARTESIAN_POINT('Ctrl Pts',(-0.0804212679284323,-0.974760881391157,
28.9078182644442));
#2626=CARTESIAN_POINT('Ctrl Pts',(-0.130493340423181,-1.00704955658594,
29.0103111716098));
#2627=CARTESIAN_POINT('Ctrl Pts',(-0.180564911150514,-1.04038154975049,
29.112464573134));
#2628=CARTESIAN_POINT('Ctrl Pts',(-0.579545776609239,-1.30597792084649,
29.9264444814463));
#2629=CARTESIAN_POINT('Ctrl Pts',(-0.97849478365269,-1.63781978519025,30.7188717423507));
#2630=CARTESIAN_POINT('Ctrl Pts',(-1.37743278836757,-2.03010923388771,31.4803728561995));
#2631=CARTESIAN_POINT('Ctrl Pts',(-1.77804666870144,-2.42404662866925,32.2450729160887));
#2632=CARTESIAN_POINT('Ctrl Pts',(-2.1786494540745,-2.87894129139756,32.9785854194277));
#2633=CARTESIAN_POINT('Ctrl Pts',(-2.57926226451853,-3.38888126839307,33.6713851890635));
#2634=CARTESIAN_POINT('Ctrl Pts',(-2.97028887362776,-3.88661897137062,34.3476070612798));
#2635=CARTESIAN_POINT('Ctrl Pts',(-3.3613250337715,-4.43679946057105,34.9850399741209));
#2636=CARTESIAN_POINT('Ctrl Pts',(-3.75239038483766,-5.03387906695067,35.5748126016641));
#2637=CARTESIAN_POINT('Ctrl Pts',(-3.79233448511997,-5.0948658243014,35.6350530113913));
#2638=CARTESIAN_POINT('Ctrl Pts',(-3.83227836711122,-5.15634141901896,35.6947987779807));
#2639=CARTESIAN_POINT('Ctrl Pts',(-3.87222204437114,-5.21830002554521,35.7540404356589));
#2640=CARTESIAN_POINT('Ctrl Pts',(-4.24317771725912,-5.79370765328039,36.3042158449995));
#2641=CARTESIAN_POINT('Ctrl Pts',(-4.61411573252255,-6.41077826397815,36.8109136821725));
#2642=CARTESIAN_POINT('Ctrl Pts',(-4.98504695122572,-7.06184346096169,37.2696666240769));
#2643=CARTESIAN_POINT('Ctrl Pts',(-5.35813238586201,-7.71668977678915,37.7310838143566));
#2644=CARTESIAN_POINT('Ctrl Pts',(-5.73121094476559,-8.405926584875,38.143996409942));
#2645=CARTESIAN_POINT('Ctrl Pts',(-6.10429367933169,-9.12169885045742,38.5038604181252));
#2646=CARTESIAN_POINT('Ctrl Pts',(-6.25997822765056,-9.42038509761377,38.6540288938532));
#2647=CARTESIAN_POINT('Ctrl Pts',(-6.41566350308948,-9.72369142560335,38.7949599913826));
#2648=CARTESIAN_POINT('Ctrl Pts',(-6.5713503086903,-10.0310445093556,38.9263244080782));
#2649=CARTESIAN_POINT('Origin',(-33.2739748870321,-16.3419528584586,24.1215520810498));
#2650=CARTESIAN_POINT('Ctrl Pts',(73.6553834092793,-32.3398223470565,25.8779710906293));
#2651=CARTESIAN_POINT('Ctrl Pts',(72.4244725114637,-32.6282316339476,23.2511350690353));
#2652=CARTESIAN_POINT('Ctrl Pts',(69.9629829801644,-31.885849544785,17.8558665336315));
#2653=CARTESIAN_POINT('Ctrl Pts',(66.2709148153814,-27.0752312317685,11.2502972191566));
#2654=CARTESIAN_POINT('Ctrl Pts',(62.5791789149303,-19.7146092673821,7.70535955940851));
#2655=CARTESIAN_POINT('Ctrl Pts',(58.8874430144793,-11.5521502733915,8.06137151092192));
#2656=CARTESIAN_POINT('Ctrl Pts',(55.1957071140282,-4.528150225951,12.2344687796433));
#2657=CARTESIAN_POINT('Ctrl Pts',(51.5039712135772,-0.311750975902319,19.2325312042972));
#2658=CARTESIAN_POINT('Ctrl Pts',(47.8122353131261,0.0948957941638955,27.3925659542576));
#2659=CARTESIAN_POINT('Ctrl Pts',(44.1204994126751,-3.40481398654911,34.7751900470281));
#2660=CARTESIAN_POINT('Ctrl Pts',(40.428763512224,-9.97916038453313,39.6258896804032));
#2661=CARTESIAN_POINT('Ctrl Pts',(36.7370276117729,-18.0656804869608,40.7918348381631));
#2662=CARTESIAN_POINT('Ctrl Pts',(33.0452917113219,-25.7425421744849,37.9959354876392));
#2663=CARTESIAN_POINT('Ctrl Pts',(29.3535558108708,-31.1852659690246,31.902659459535));
#2664=CARTESIAN_POINT('Ctrl Pts',(25.6618199104198,-33.1003399488798,23.9601317315381));
#2665=CARTESIAN_POINT('Ctrl Pts',(21.9700840099687,-31.032626793716,16.0559669524107));
#2666=CARTESIAN_POINT('Ctrl Pts',(18.2783481095177,-25.4735418506295,10.068662878504));
#2667=CARTESIAN_POINT('Ctrl Pts',(14.5866122090666,-17.7442444319951,7.42115859933816));
#2668=CARTESIAN_POINT('Ctrl Pts',(10.8948763086155,-9.68169197322002,8.74265581608663));
#2669=CARTESIAN_POINT('Ctrl Pts',(7.20314040816448,-3.2019852693059,13.7190932714774));
#2670=CARTESIAN_POINT('Ctrl Pts',(3.51140450771342,0.154829207587661,21.167764085984));
#2671=CARTESIAN_POINT('Ctrl Pts',(-0.180331392737639,-0.408845202560705,
29.318444342257));
#2672=CARTESIAN_POINT('Ctrl Pts',(-3.8720672931887,-4.7594303326764,36.2339985762872));
#2673=CARTESIAN_POINT('Ctrl Pts',(-7.56380319363976,-11.8621220507756,40.2709663829155));
#2674=CARTESIAN_POINT('Ctrl Pts',(-11.2558744239546,-20.0313468822782,40.4696396375351));
#2675=CARTESIAN_POINT('Ctrl Pts',(-13.7173670207858,-24.8908877012097,38.010981587642));
#2676=CARTESIAN_POINT('Ctrl Pts',(-14.9482809841333,-26.8872049201767,36.2794505369759));
#2677=CARTESIAN_POINT('Ctrl Pts',(72.4823689034313,-30.3202372252632,25.6562392092741));
#2678=CARTESIAN_POINT('Ctrl Pts',(71.2514580056156,-30.5722374699872,23.3610172785678));
#2679=CARTESIAN_POINT('Ctrl Pts',(68.7899684743163,-29.9235743490302,18.6468521907166));
#2680=CARTESIAN_POINT('Ctrl Pts',(65.0979003095333,-25.7202527250208,12.8751757591658));
#2681=CARTESIAN_POINT('Ctrl Pts',(61.4061644090823,-19.2888421545026,9.77775414900261));
#2682=CARTESIAN_POINT('Ctrl Pts',(57.7144285086312,-12.1568191665853,10.0888228384792));
#2683=CARTESIAN_POINT('Ctrl Pts',(54.0226926081802,-6.01953506600242,13.7351046358209));
#2684=CARTESIAN_POINT('Ctrl Pts',(50.3309567077291,-2.33541776756038,19.8497255019419));
#2685=CARTESIAN_POINT('Ctrl Pts',(46.6392208072781,-1.98010644358193,26.9796302845287));
#2686=CARTESIAN_POINT('Ctrl Pts',(42.947484906827,-5.03800978195833,33.4302654153827));
#2687=CARTESIAN_POINT('Ctrl Pts',(39.2557490063759,-10.7824049054712,37.6686084585984));
#2688=CARTESIAN_POINT('Ctrl Pts',(35.5640131059249,-17.84807559432,38.6873636736528));
#2689=CARTESIAN_POINT('Ctrl Pts',(31.8722772054738,-24.5558035070475,36.2444211174304));
#2690=CARTESIAN_POINT('Ctrl Pts',(28.1805413050227,-29.3114330603623,30.9203656169789));
#2691=CARTESIAN_POINT('Ctrl Pts',(24.4888054045717,-30.9847464158039,23.9805095785046));
#2692=CARTESIAN_POINT('Ctrl Pts',(20.7970695041206,-29.1780631888616,17.0741735164765));
#2693=CARTESIAN_POINT('Ctrl Pts',(17.1053336036696,-24.3207620207862,11.8427119774731));
#2694=CARTESIAN_POINT('Ctrl Pts',(13.4135977032185,-17.5672179097854,9.52943096821822));
#2695=CARTESIAN_POINT('Ctrl Pts',(9.72186180276743,-10.5224891681639,10.6841012134541));
#2696=CARTESIAN_POINT('Ctrl Pts',(6.03012590231637,-4.86078634046192,15.0323088253894));
#2697=CARTESIAN_POINT('Ctrl Pts',(2.33839000186532,-1.92773907700804,21.5406528817089));
#2698=CARTESIAN_POINT('Ctrl Pts',(-1.35334589858574,-2.42025473360596,28.6623840901229));
#2699=CARTESIAN_POINT('Ctrl Pts',(-5.0450817990368,-6.22161816853658,34.7049126722089));
#2700=CARTESIAN_POINT('Ctrl Pts',(-8.73681769948786,-12.4276598340283,38.2322501105411));
#2701=CARTESIAN_POINT('Ctrl Pts',(-12.4288889298028,-19.5655945341763,38.4058426786723));
#2702=CARTESIAN_POINT('Ctrl Pts',(-14.890381526634,-23.811662643904,36.2575677845287));
#2703=CARTESIAN_POINT('Ctrl Pts',(-16.1212954899814,-25.555963020461,34.7446267373841));
#2704=CARTESIAN_POINT('Ctrl Pts',(71.3093543975831,-28.3006521034698,25.4345073279188));
#2705=CARTESIAN_POINT('Ctrl Pts',(70.0784434997675,-28.5162433060267,23.4708994881003));
#2706=CARTESIAN_POINT('Ctrl Pts',(67.6169539684682,-27.9612991532753,19.4378378478018));
#2707=CARTESIAN_POINT('Ctrl Pts',(63.9248858036852,-24.3652742182732,14.500054299175));
#2708=CARTESIAN_POINT('Ctrl Pts',(60.2331499032341,-18.8630750416231,11.8501487385967));
#2709=CARTESIAN_POINT('Ctrl Pts',(56.5414140027831,-12.761488059779,12.1162741660364));
#2710=CARTESIAN_POINT('Ctrl Pts',(52.849678102332,-7.51091990605384,15.2357404919984));
#2711=CARTESIAN_POINT('Ctrl Pts',(49.157942201881,-4.35908455921844,20.4669197995866));
#2712=CARTESIAN_POINT('Ctrl Pts',(45.4662063014299,-4.05510868132776,26.5666946147998));
#2713=CARTESIAN_POINT('Ctrl Pts',(41.7744704009788,-6.67120557736755,32.0853407837374));
#2714=CARTESIAN_POINT('Ctrl Pts',(38.0827345005278,-11.5856494264093,35.7113272367937));
#2715=CARTESIAN_POINT('Ctrl Pts',(34.3909986000767,-17.6304707016793,36.5828925091423));
#2716=CARTESIAN_POINT('Ctrl Pts',(30.6992626996257,-23.3690648396101,34.4929067472215));
#2717=CARTESIAN_POINT('Ctrl Pts',(27.0075267991746,-27.4376001516999,29.9380717744228));
#2718=CARTESIAN_POINT('Ctrl Pts',(23.3157908987235,-28.8691528827281,24.000887425471));
#2719=CARTESIAN_POINT('Ctrl Pts',(19.6240549982725,-27.3234995840072,18.0923800805423));
#2720=CARTESIAN_POINT('Ctrl Pts',(15.9323190978214,-23.1679821909429,13.6167610764422));
#2721=CARTESIAN_POINT('Ctrl Pts',(12.2405831973704,-17.3901913875757,11.6377033370983));
#2722=CARTESIAN_POINT('Ctrl Pts',(8.54884729691933,-11.3632863631076,12.6255466108215));
#2723=CARTESIAN_POINT('Ctrl Pts',(4.85711139646827,-6.51958741161794,16.3455243793014));
#2724=CARTESIAN_POINT('Ctrl Pts',(1.16537549601723,-4.01030736160374,21.9135416774337));
#2725=CARTESIAN_POINT('Ctrl Pts',(-2.52636040443384,-4.43166426465123,28.0063238379888));
#2726=CARTESIAN_POINT('Ctrl Pts',(-6.2180963048849,-7.68380600439676,33.1758267681305));
#2727=CARTESIAN_POINT('Ctrl Pts',(-9.90983220533596,-12.9931976172811,36.1935338381667));
#2728=CARTESIAN_POINT('Ctrl Pts',(-13.6019034356508,-19.0998421860747,36.3420457198094));
#2729=CARTESIAN_POINT('Ctrl Pts',(-16.063396032482,-22.7324375865983,34.5041539814154));
#2730=CARTESIAN_POINT('Ctrl Pts',(-17.2943099958295,-24.2247211207451,33.2098029377923));
#2731=CARTESIAN_POINT('Ctrl Pts',(70.136339891735,-26.2810669816763,25.2127754465637));
#2732=CARTESIAN_POINT('Ctrl Pts',(68.9054289939193,-26.4602491420664,23.5807816976329));
#2733=CARTESIAN_POINT('Ctrl Pts',(66.4439394626201,-25.9990239575205,20.228823504887));
#2734=CARTESIAN_POINT('Ctrl Pts',(62.7518712978371,-23.0102957115256,16.1249328391842));
#2735=CARTESIAN_POINT('Ctrl Pts',(59.0601353973861,-18.4373079287436,13.9225433281908));
#2736=CARTESIAN_POINT('Ctrl Pts',(55.368399496935,-13.3661569529729,14.1437254935937));
#2737=CARTESIAN_POINT('Ctrl Pts',(51.6766635964839,-9.00230474610526,16.736376348176));
#2738=CARTESIAN_POINT('Ctrl Pts',(47.9849276960329,-6.3827513508765,21.0841140972313));
#2739=CARTESIAN_POINT('Ctrl Pts',(44.2931917955818,-6.13011091907358,26.1537589450707));
#2740=CARTESIAN_POINT('Ctrl Pts',(40.6014558951308,-8.30440137277678,30.740416152092));
#2741=CARTESIAN_POINT('Ctrl Pts',(36.9097199946797,-12.3888939473474,33.7540460149889));
#2742=CARTESIAN_POINT('Ctrl Pts',(33.2179840942286,-17.4128658090386,34.4784213446318));
#2743=CARTESIAN_POINT('Ctrl Pts',(29.5262481937776,-22.1823261721725,32.7413923770126));
#2744=CARTESIAN_POINT('Ctrl Pts',(25.8345122933265,-25.5637672430376,28.9557779318667));
#2745=CARTESIAN_POINT('Ctrl Pts',(22.1427763928755,-26.7535593496522,24.0212652724375));
#2746=CARTESIAN_POINT('Ctrl Pts',(18.4510404924244,-25.4689359791528,19.1105866446079));
#2747=CARTESIAN_POINT('Ctrl Pts',(14.7593045919734,-22.0152023610996,15.3908101754113));
#2748=CARTESIAN_POINT('Ctrl Pts',(11.0675686915223,-17.2131648653662,13.7459757059783));
#2749=CARTESIAN_POINT('Ctrl Pts',(7.37583279107122,-12.2040835580515,14.5669920081891));
#2750=CARTESIAN_POINT('Ctrl Pts',(3.68409689062017,-8.17838848277395,17.6587399332134));
#2751=CARTESIAN_POINT('Ctrl Pts',(-0.00763900983087801,-6.09287564619945,
22.2864304731585));
#2752=CARTESIAN_POINT('Ctrl Pts',(-3.69937491028194,-6.44307379569648,27.3502635858548));
#2753=CARTESIAN_POINT('Ctrl Pts',(-7.391110810733,-9.14599384025696,31.6467408640522));
#2754=CARTESIAN_POINT('Ctrl Pts',(-11.082846711184,-13.5587354005338,34.1548175657925));
#2755=CARTESIAN_POINT('Ctrl Pts',(-14.7749179414989,-18.634089837973,34.2782487609464));
#2756=CARTESIAN_POINT('Ctrl Pts',(-17.2364105383302,-21.6532125292926,32.7507401783022));
#2757=CARTESIAN_POINT('Ctrl Pts',(-18.4673245016777,-22.8934792210293,31.6749791382005));
#2758=CARTESIAN_POINT('Origin',(84.6110251129679,-16.3419528584586,24.1215520810498));
#2759=CARTESIAN_POINT('',(1.59941504485062E-14,-32.6946407141853,-7.00044152276731));
#2760=UNCERTAINTY_MEASURE_WITH_UNIT(LENGTH_MEASURE(0.01),#2766,
'DISTANCE_ACCURACY_VALUE',
'Maximum model space distance between geometric entities at asserted c
onnectivities');
#2761=UNCERTAINTY_MEASURE_WITH_UNIT(LENGTH_MEASURE(0.01),#2766,
'DISTANCE_ACCURACY_VALUE',
'Maximum model space distance between geometric entities at asserted c
onnectivities');
#2762=UNCERTAINTY_MEASURE_WITH_UNIT(LENGTH_MEASURE(0.01),#2766,
'DISTANCE_ACCURACY_VALUE',
'Maximum model space distance between geometric entities at asserted c
onnectivities');
#2763=(
GEOMETRIC_REPRESENTATION_CONTEXT(3)
GLOBAL_UNCERTAINTY_ASSIGNED_CONTEXT((#2760))
GLOBAL_UNIT_ASSIGNED_CONTEXT((#2766,#2768,#2769))
REPRESENTATION_CONTEXT('','3D')
);
#2764=(
GEOMETRIC_REPRESENTATION_CONTEXT(3)
GLOBAL_UNCERTAINTY_ASSIGNED_CONTEXT((#2761))
GLOBAL_UNIT_ASSIGNED_CONTEXT((#2766,#2768,#2769))
REPRESENTATION_CONTEXT('','3D')
);
#2765=(
GEOMETRIC_REPRESENTATION_CONTEXT(3)
GLOBAL_UNCERTAINTY_ASSIGNED_CONTEXT((#2762))
GLOBAL_UNIT_ASSIGNED_CONTEXT((#2766,#2768,#2769))
REPRESENTATION_CONTEXT('','3D')
);
#2766=(
LENGTH_UNIT()
NAMED_UNIT(*)
SI_UNIT(.MILLI.,.METRE.)
);
#2767=(
LENGTH_UNIT()
NAMED_UNIT(*)
SI_UNIT($,.METRE.)
);
#2768=(
NAMED_UNIT(*)
PLANE_ANGLE_UNIT()
SI_UNIT($,.RADIAN.)
);
#2769=(
NAMED_UNIT(*)
SI_UNIT($,.STERADIAN.)
SOLID_ANGLE_UNIT()
);
#2770=SHAPE_DEFINITION_REPRESENTATION(#2772,#2775);
#2771=SHAPE_DEFINITION_REPRESENTATION(#2773,#2776);
#2772=PRODUCT_DEFINITION_SHAPE('',$,#2778);
#2773=PRODUCT_DEFINITION_SHAPE('',$,#2779);
#2774=PRODUCT_DEFINITION_SHAPE($,$,#16);
#2775=SHAPE_REPRESENTATION('',(#422,#447),#2763);
#2776=SHAPE_REPRESENTATION('',(#423),#2764);
#2777=PRODUCT_DEFINITION_CONTEXT('part definition',#2785,'design');
#2778=PRODUCT_DEFINITION('screw wheels ','screw_Left v1',#2780,#2777);
#2779=PRODUCT_DEFINITION('Component48','Component48',#2781,#2777);
#2780=PRODUCT_DEFINITION_FORMATION('',$,#2787);
#2781=PRODUCT_DEFINITION_FORMATION('',$,#2788);
#2782=PRODUCT_RELATED_PRODUCT_CATEGORY('screw_Left v1','screw_Left v1',
(#2787));
#2783=PRODUCT_RELATED_PRODUCT_CATEGORY('Component48','Component48',(#2788));
#2784=APPLICATION_PROTOCOL_DEFINITION('international standard',
'automotive_design',2009,#2785);
#2785=APPLICATION_CONTEXT(
'Core Data for Automotive Mechanical Design Process');
#2786=PRODUCT_CONTEXT('part definition',#2785,'mechanical');
#2787=PRODUCT('screw wheels ','screw_Left v1',$,(#2786));
#2788=PRODUCT('Component48','Component48',$,(#2786));
#2789=PRESENTATION_STYLE_ASSIGNMENT((#2791));
#2790=PRESENTATION_STYLE_ASSIGNMENT((#2792));
#2791=SURFACE_STYLE_USAGE(.BOTH.,#2793);
#2792=SURFACE_STYLE_USAGE(.BOTH.,#2794);
#2793=SURFACE_SIDE_STYLE('',(#2795));
#2794=SURFACE_SIDE_STYLE('',(#2796));
#2795=SURFACE_STYLE_FILL_AREA(#2797);
#2796=SURFACE_STYLE_FILL_AREA(#2798);
#2797=FILL_AREA_STYLE('Steel - Satin',(#2799));
#2798=FILL_AREA_STYLE('Opaque(160,160,160)',(#2800));
#2799=FILL_AREA_STYLE_COLOUR('Steel - Satin',#2801);
#2800=FILL_AREA_STYLE_COLOUR('Opaque(160,160,160)',#2802);
#2801=COLOUR_RGB('Steel - Satin',0.627450980392157,0.627450980392157,0.627450980392157);
#2802=COLOUR_RGB('Opaque(160,160,160)',0.627450980392157,0.627450980392157,
0.627450980392157);
ENDSEC;
END-ISO-10303-21;
