ISO-10303-21;
HEADER;
/* Generated by software containing ST-Developer
 * from STEP Tools, Inc. (www.steptools.com) 
 */

FILE_DESCRIPTION(
/* description */ (''),
/* implementation_level */ '2;1');

FILE_NAME(
/* name */ 'screw_right v1.step',
/* time_stamp */ '2024-08-21T17:53:28-07:00',
/* author */ (''),
/* organization */ (''),
/* preprocessor_version */ 'ST-DEVELOPER v20',
/* originating_system */ 'Autodesk Translation Framework v13.14.0.145',

/* authorisation */ '');

FILE_SCHEMA (('AUTOMOTIVE_DESIGN { 1 0 10303 214 3 1 1 }'));
ENDSEC;

DATA;
#10=MECHANICAL_DESIGN_GEOMETRIC_PRESENTATION_REPRESENTATION('',(#17),#2496);
#11=ITEM_DEFINED_TRANSFORMATION($,$,#413,#437);
#12=(
REPRESENTATION_RELATIONSHIP($,$,#2507,#2506)
REPRESENTATION_RELATIONSHIP_WITH_TRANSFORMATION(#11)
SHAPE_REPRESENTATION_RELATIONSHIP()
);
#13=CONTEXT_DEPENDENT_SHAPE_REPRESENTATION(#12,#2505);
#14=NEXT_ASSEMBLY_USAGE_OCCURRENCE('Component48:1','Component48:1',
'Component48:1',#2509,#2510,'Component48:1');
#15=SHAPE_REPRESENTATION_RELATIONSHIP('SRR','None',#2507,#16);
#16=ADVANCED_BREP_SHAPE_REPRESENTATION('',(#18),#2495);
#17=STYLED_ITEM('',(#2521),#18);
#18=MANIFOLD_SOLID_BREP('Body1',#399);
#19=FACE_BOUND('',#82,.T.);
#20=FACE_BOUND('',#84,.T.);
#21=B_SPLINE_SURFACE_WITH_KNOTS('',3,3,((#1526,#1527,#1528,#1529,#1530,
#1531,#1532,#1533,#1534,#1535,#1536,#1537,#1538,#1539,#1540,#1541,#1542,
#1543,#1544,#1545,#1546,#1547,#1548,#1549,#1550,#1551,#1552),(#1553,#1554,
#1555,#1556,#1557,#1558,#1559,#1560,#1561,#1562,#1563,#1564,#1565,#1566,
#1567,#1568,#1569,#1570,#1571,#1572,#1573,#1574,#1575,#1576,#1577,#1578,
#1579),(#1580,#1581,#1582,#1583,#1584,#1585,#1586,#1587,#1588,#1589,#1590,
#1591,#1592,#1593,#1594,#1595,#1596,#1597,#1598,#1599,#1600,#1601,#1602,
#1603,#1604,#1605,#1606),(#1607,#1608,#1609,#1610,#1611,#1612,#1613,#1614,
#1615,#1616,#1617,#1618,#1619,#1620,#1621,#1622,#1623,#1624,#1625,#1626,
#1627,#1628,#1629,#1630,#1631,#1632,#1633)),.UNSPECIFIED.,.F.,.F.,.F.,(4,
4),(4,1,1,1,1,1,1,1,1,1,1,1,1,1,1,1,1,1,1,1,1,1,1,1,4),(0.698284840337279,
1.3968703382551),(1.46978210715264,1.96389774967544,2.45787886141182,2.95185997314819,
3.44584108488456,3.93982219662094,4.43380330835731,4.92778442009369,5.42176553183006,
5.91574664356644,6.40972775530281,6.90370886703919,7.39768997877556,7.89167109051193,
8.38565220224831,8.87963331398468,9.37361442572106,9.86759553745743,10.3615766491938,
10.8555577609302,11.3495388726666,11.8435199844029,12.3375010961393,12.8314822078757,
13.3255990999135),.UNSPECIFIED.);
#22=B_SPLINE_SURFACE_WITH_KNOTS('',3,3,((#1899,#1900,#1901,#1902,#1903,
#1904,#1905,#1906,#1907,#1908,#1909,#1910,#1911,#1912,#1913,#1914,#1915,
#1916,#1917,#1918,#1919,#1920,#1921,#1922,#1923,#1924,#1925),(#1926,#1927,
#1928,#1929,#1930,#1931,#1932,#1933,#1934,#1935,#1936,#1937,#1938,#1939,
#1940,#1941,#1942,#1943,#1944,#1945,#1946,#1947,#1948,#1949,#1950,#1951,
#1952),(#1953,#1954,#1955,#1956,#1957,#1958,#1959,#1960,#1961,#1962,#1963,
#1964,#1965,#1966,#1967,#1968,#1969,#1970,#1971,#1972,#1973,#1974,#1975,
#1976,#1977,#1978,#1979),(#1980,#1981,#1982,#1983,#1984,#1985,#1986,#1987,
#1988,#1989,#1990,#1991,#1992,#1993,#1994,#1995,#1996,#1997,#1998,#1999,
#2000,#2001,#2002,#2003,#2004,#2005,#2006)),.UNSPECIFIED.,.F.,.F.,.F.,(4,
4),(4,1,1,1,1,1,1,1,1,1,1,1,1,1,1,1,1,1,1,1,1,1,1,1,4),(0.703539885330684,
1.40737807958881),(1.45780330925072,1.95152716576853,2.44511768375886,2.93870820174919,
3.43229871973952,3.92588923772984,4.41947975572017,4.9130702737105,5.40666079170083,
5.90025130969116,6.39384182768148,6.88743234567181,7.38102286366214,7.87461338165247,
8.3682038996428,8.86179441763312,9.35538493562345,9.84897545361378,10.3425659716041,
10.8361564895944,11.3297470075848,11.8233375255751,12.3169280435654,12.8105185615557,
13.3042437023037),.UNSPECIFIED.);
#23=B_SPLINE_SURFACE_WITH_KNOTS('',3,3,((#2272,#2273,#2274,#2275,#2276,
#2277,#2278,#2279,#2280,#2281,#2282,#2283,#2284,#2285,#2286,#2287,#2288,
#2289,#2290,#2291,#2292,#2293,#2294,#2295,#2296,#2297,#2298),(#2299,#2300,
#2301,#2302,#2303,#2304,#2305,#2306,#2307,#2308,#2309,#2310,#2311,#2312,
#2313,#2314,#2315,#2316,#2317,#2318,#2319,#2320,#2321,#2322,#2323,#2324,
#2325),(#2326,#2327,#2328,#2329,#2330,#2331,#2332,#2333,#2334,#2335,#2336,
#2337,#2338,#2339,#2340,#2341,#2342,#2343,#2344,#2345,#2346,#2347,#2348,
#2349,#2350,#2351,#2352),(#2353,#2354,#2355,#2356,#2357,#2358,#2359,#2360,
#2361,#2362,#2363,#2364,#2365,#2366,#2367,#2368,#2369,#2370,#2371,#2372,
#2373,#2374,#2375,#2376,#2377,#2378,#2379)),.UNSPECIFIED.,.F.,.F.,.F.,(4,
4),(4,1,1,1,1,1,1,1,1,1,1,1,1,1,1,1,1,1,1,1,1,1,1,1,4),(0.,0.70382084329848),
(2.37374372276711,2.86926987822681,3.36479603368652,3.86032218914622,4.35584834460592,
4.85137450006563,5.34690065552533,5.84242681098504,6.33795296644474,6.83347912190444,
7.32900527736415,7.82453143282385,8.32005758828356,8.81558374374326,9.31110989920296,
9.80663605466267,10.3021622101224,10.7976883655821,11.2932145210418,11.7887406765015,
12.2842668319612,12.7797929874209,13.2753191428806,13.7708452983403,14.2665068813389),
 .UNSPECIFIED.);
#24=B_SPLINE_SURFACE_WITH_KNOTS('',3,3,((#2380,#2381,#2382,#2383,#2384,
#2385,#2386,#2387,#2388,#2389,#2390,#2391,#2392,#2393,#2394,#2395,#2396,
#2397,#2398,#2399,#2400,#2401,#2402,#2403,#2404,#2405,#2406),(#2407,#2408,
#2409,#2410,#2411,#2412,#2413,#2414,#2415,#2416,#2417,#2418,#2419,#2420,
#2421,#2422,#2423,#2424,#2425,#2426,#2427,#2428,#2429,#2430,#2431,#2432,
#2433),(#2434,#2435,#2436,#2437,#2438,#2439,#2440,#2441,#2442,#2443,#2444,
#2445,#2446,#2447,#2448,#2449,#2450,#2451,#2452,#2453,#2454,#2455,#2456,
#2457,#2458,#2459,#2460),(#2461,#2462,#2463,#2464,#2465,#2466,#2467,#2468,
#2469,#2470,#2471,#2472,#2473,#2474,#2475,#2476,#2477,#2478,#2479,#2480,
#2481,#2482,#2483,#2484,#2485,#2486,#2487)),.UNSPECIFIED.,.F.,.F.,.F.,(4,
4),(4,1,1,1,1,1,1,1,1,1,1,1,1,1,1,1,1,1,1,1,1,1,1,1,4),(0.,0.69855856983242),
(2.37945401042551,2.87550200384105,3.37141204806286,3.86732209228466,4.36323213650647,
4.85914218072828,5.35505222495009,5.85096226917189,6.3468723133937,6.84278235761551,
7.33869240183732,7.83460244605912,8.33051249028093,8.82642253450274,9.32233257872455,
9.81824262294636,10.3141526671682,10.81006271139,11.3059727556118,11.8018827998336,
12.2977928440554,12.7937028882772,13.289612932499,13.7855229767208,14.2815696969408),
 .UNSPECIFIED.);
#25=PLANE('',#430);
#26=PLANE('',#434);
#27=PLANE('',#435);
#28=PLANE('',#436);
#29=CIRCLE('',#427,1.5);
#30=CIRCLE('',#429,1.5);
#31=CIRCLE('',#432,1.49999999999997);
#32=CIRCLE('',#433,1.49999999999997);
#33=CYLINDRICAL_SURFACE('',#416,10.);
#34=CYLINDRICAL_SURFACE('',#417,10.);
#35=CYLINDRICAL_SURFACE('',#420,10.);
#36=CYLINDRICAL_SURFACE('',#421,10.);
#37=CYLINDRICAL_SURFACE('',#422,10.);
#38=CYLINDRICAL_SURFACE('',#424,10.);
#39=CYLINDRICAL_SURFACE('',#428,1.5);
#40=CYLINDRICAL_SURFACE('',#431,1.49999999999997);
#41=FACE_OUTER_BOUND('',#62,.T.);
#42=FACE_OUTER_BOUND('',#63,.T.);
#43=FACE_OUTER_BOUND('',#64,.T.);
#44=FACE_OUTER_BOUND('',#65,.T.);
#45=FACE_OUTER_BOUND('',#66,.T.);
#46=FACE_OUTER_BOUND('',#67,.T.);
#47=FACE_OUTER_BOUND('',#68,.T.);
#48=FACE_OUTER_BOUND('',#69,.T.);
#49=FACE_OUTER_BOUND('',#70,.T.);
#50=FACE_OUTER_BOUND('',#71,.T.);
#51=FACE_OUTER_BOUND('',#72,.T.);
#52=FACE_OUTER_BOUND('',#73,.T.);
#53=FACE_OUTER_BOUND('',#74,.T.);
#54=FACE_OUTER_BOUND('',#75,.T.);
#55=FACE_OUTER_BOUND('',#76,.T.);
#56=FACE_OUTER_BOUND('',#77,.T.);
#57=FACE_OUTER_BOUND('',#78,.T.);
#58=FACE_OUTER_BOUND('',#79,.T.);
#59=FACE_OUTER_BOUND('',#80,.T.);
#60=FACE_OUTER_BOUND('',#81,.T.);
#61=FACE_OUTER_BOUND('',#83,.T.);
#62=EDGE_LOOP('',(#255,#256,#257,#258,#259,#260,#261,#262,#263,#264,#265,
#266));
#63=EDGE_LOOP('',(#267,#268,#269,#270,#271));
#64=EDGE_LOOP('',(#272,#273,#274,#275,#276));
#65=EDGE_LOOP('',(#277,#278,#279,#280,#281,#282,#283,#284,#285,#286,#287,
#288,#289));
#66=EDGE_LOOP('',(#290,#291,#292,#293,#294));
#67=EDGE_LOOP('',(#295,#296,#297,#298,#299));
#68=EDGE_LOOP('',(#300,#301,#302,#303,#304,#305));
#69=EDGE_LOOP('',(#306,#307,#308));
#70=EDGE_LOOP('',(#309,#310,#311,#312));
#71=EDGE_LOOP('',(#313,#314,#315));
#72=EDGE_LOOP('',(#316,#317,#318));
#73=EDGE_LOOP('',(#319,#320,#321,#322));
#74=EDGE_LOOP('',(#323,#324,#325,#326));
#75=EDGE_LOOP('',(#327,#328,#329,#330));
#76=EDGE_LOOP('',(#331,#332));
#77=EDGE_LOOP('',(#333,#334,#335,#336,#337,#338,#339,#340,#341,#342));
#78=EDGE_LOOP('',(#343,#344,#345,#346,#347,#348,#349));
#79=EDGE_LOOP('',(#350,#351,#352,#353,#354,#355,#356,#357,#358,#359));
#80=EDGE_LOOP('',(#360,#361,#362,#363,#364,#365,#366,#367));
#81=EDGE_LOOP('',(#368));
#82=EDGE_LOOP('',(#369,#370));
#83=EDGE_LOOP('',(#371));
#84=EDGE_LOOP('',(#372));
#85=ELLIPSE('',#415,2.53427128029459,2.53426533695145);
#86=ELLIPSE('',#419,2.50428940079712,2.50428352776713);
#87=B_SPLINE_CURVE_WITH_KNOTS('',3,(#511,#512,#513,#514,#515,#516,#517,
#518,#519,#520,#521,#522,#523,#524,#525,#526,#527,#528),.UNSPECIFIED.,.F.,
 .F.,(4,2,2,2,2,2,2,2,4),(-2.38506094177974,-2.09671165838426,-1.47544628372697,
-1.32862077213421,-1.04293804940323,-0.767190162971344,-0.566081219094337,
-0.275596996920458,-1.35399045533867E-5),.UNSPECIFIED.);
#88=B_SPLINE_CURVE_WITH_KNOTS('',3,(#530,#531,#532,#533,#534,#535,#536,
#537,#538,#539,#540,#541,#542,#543,#544),.UNSPECIFIED.,.F.,.F.,(4,2,3,2,
2,2,4),(-0.727333271756918,-0.380812018475508,0.,0.380791569979321,0.761583139958642,
1.14006855847199,1.39638856592923),.UNSPECIFIED.);
#89=B_SPLINE_CURVE_WITH_KNOTS('',3,(#546,#547,#548,#549,#550,#551,#552,
#553,#554,#555,#556,#557),.UNSPECIFIED.,.F.,.F.,(4,2,2,2,2,4),(0.,0.253312552833635,
0.501402427913758,0.977252762167731,1.23066439694967,1.95433586099114),
 .UNSPECIFIED.);
#90=B_SPLINE_CURVE_WITH_KNOTS('',3,(#559,#560,#561,#562,#563,#564,#565,
#566,#567,#568,#569,#570,#571,#572,#573,#574),.UNSPECIFIED.,.F.,.F.,(4,
2,2,2,2,2,2,4),(0.,0.326711760878278,0.670851292634253,0.907738003162639,
1.45884554975251,2.01560004299842,2.39919954422597,2.79919152171552),
 .UNSPECIFIED.);
#91=B_SPLINE_CURVE_WITH_KNOTS('',3,(#576,#577,#578,#579,#580,#581,#582,
#583,#584,#585),.UNSPECIFIED.,.F.,.F.,(4,2,2,2,4),(-3.01382360178621,-2.64126478759231,
-2.26870597339841,-1.89362999274743,-1.64860441722249),.UNSPECIFIED.);
#92=B_SPLINE_CURVE_WITH_KNOTS('',3,(#590,#591,#592,#593,#594,#595),
 .UNSPECIFIED.,.F.,.F.,(4,2,4),(-3.74966845182912,-3.38638241598011,-3.01382360178621),
 .UNSPECIFIED.);
#93=B_SPLINE_CURVE_WITH_KNOTS('',3,(#597,#598,#599,#600,#601,#602,#603,
#604,#605,#606),.UNSPECIFIED.,.F.,.F.,(4,2,2,2,4),(0.000109244956871323,
0.501551041274459,0.661465848293874,0.999274105547766,1.31966452152267),
 .UNSPECIFIED.);
#94=B_SPLINE_CURVE_WITH_KNOTS('',3,(#607,#608,#609,#610),.UNSPECIFIED.,
 .F.,.F.,(4,4),(0.6462516573705,0.646329329877325),.UNSPECIFIED.);
#95=B_SPLINE_CURVE_WITH_KNOTS('',3,(#616,#617,#618,#619,#620,#621,#622,
#623,#624,#625,#626,#627,#628,#629,#630,#631,#632,#633,#634,#635,#636,#637,
#638,#639,#640,#641,#642,#643,#644,#645,#646,#647,#648,#649,#650,#651,#652,
#653,#654,#655,#656,#657,#658,#659,#660,#661),.UNSPECIFIED.,.F.,.F.,(4,
2,2,2,2,2,2,2,2,2,2,2,2,2,2,2,2,2,2,2,2,2,4),(8.46504683253278,8.62648424828271,
8.93039571109623,9.23459075661489,9.53876547603154,9.84302881728865,10.147406617111,
10.4517337371026,10.7562639411146,11.0606482491444,11.3652877173167,11.6697257124502,
11.9744398625062,12.2789220517226,12.5836769487797,12.7357959442548,13.0396591655688,
13.3437005619722,13.6475662896627,13.9514746612848,14.1696391152371,14.4972571961183,
14.8249739054056),.UNSPECIFIED.);
#96=B_SPLINE_CURVE_WITH_KNOTS('',3,(#663,#664,#665,#666,#667,#668,#669,
#670,#671,#672,#673,#674,#675,#676,#677),.UNSPECIFIED.,.F.,.F.,(4,2,3,2,
2,2,4),(-0.706282286075913,-0.380791569979321,0.,0.380791569979321,0.761583139958643,
1.14006855847199,1.40797651086489),.UNSPECIFIED.);
#97=B_SPLINE_CURVE_WITH_KNOTS('',3,(#679,#680,#681,#682,#683,#684,#685,
#686,#687,#688,#689,#690,#691,#692,#693,#694,#695,#696,#697,#698,#699,#700,
#701,#702,#703,#704,#705,#706,#707,#708,#709,#710,#711,#712,#713,#714,#715,
#716,#717,#718,#719,#720,#721,#722,#723,#724,#725,#726,#727,#728,#729,#730,
#731,#732,#733,#734,#735,#736,#737,#738,#739,#740,#741,#742,#743,#744,#745,
#746,#747,#748,#749,#750,#751),.UNSPECIFIED.,.F.,.F.,(4,3,3,3,3,3,3,3,3,
3,3,3,3,3,3,3,3,3,3,3,3,3,3,3,4),(1.46991663793907,1.54389138165785,1.61786033519688,
1.69182694652996,1.76580481050992,1.83978407345859,1.91378040943283,1.96389774967544,
2.03734491050681,2.11077739164538,2.18420034200334,2.25762768639081,2.33105352089968,
2.40449571525471,2.45787886141182,2.53154025202799,2.60518968697023,2.67883167288744,
2.7524796626605,2.82612670132621,2.89978948793517,2.95185997314819,3.02736100708824,
3.10284207647925,3.14159265358979),.UNSPECIFIED.);
#98=B_SPLINE_CURVE_WITH_KNOTS('',3,(#752,#753,#754,#755,#756,#757),
 .UNSPECIFIED.,.F.,.F.,(4,1,1,4),(3.14159265358979,3.44584108488456,3.93982219662094,
4.34350912212537),.UNSPECIFIED.);
#99=B_SPLINE_CURVE_WITH_KNOTS('',3,(#762,#763,#764,#765,#766,#767,#768,
#769,#770,#771,#772,#773,#774,#775,#776,#777,#778,#779,#780,#781,#782,#783,
#784,#785,#786,#787,#788,#789,#790,#791,#792,#793,#794,#795,#796,#797,#798,
#799,#800,#801,#802,#803,#804,#805,#806,#807,#808,#809,#810,#811,#812,#813,
#814,#815,#816,#817,#818,#819),.UNSPECIFIED.,.F.,.F.,(4,2,2,2,2,2,2,2,2,
2,2,2,2,2,2,2,2,2,2,2,2,2,2,2,2,2,2,2,4),(0.603107166034904,0.655423452874596,
0.873513398352423,1.17748770089665,1.48120028286125,1.78531020411217,2.08900858380379,
2.24114151572301,2.54564748488843,2.8501177811877,3.15458972746134,3.45900712667445,
3.76341968380323,4.06777525194629,4.37209816636528,4.67639252865512,4.98058918626295,
5.28481896457793,5.58884441471965,5.89300860588994,6.19681016921901,6.50090704557864,
6.80441922548922,7.10844969927577,7.41159313608685,7.71474121069131,8.01878727777917,
8.32236195911954,8.46504683253278),.UNSPECIFIED.);
#100=B_SPLINE_CURVE_WITH_KNOTS('',3,(#821,#822,#823,#824,#825,#826,#827,
#828,#829,#830,#831,#832,#833,#834,#835),.UNSPECIFIED.,.F.,.F.,(4,1,1,1,
1,1,1,1,1,1,1,1,4),(4.34350912212537,4.43380330835731,4.92778442009369,
5.42176553183006,5.91574664356644,6.40972775530281,6.90370886703919,7.39768997877556,
7.89167109051193,8.38565220224831,8.87963331398468,9.37361442572106,9.42477796076938),
 .UNSPECIFIED.);
#101=B_SPLINE_CURVE_WITH_KNOTS('',3,(#836,#837,#838,#839,#840,#841,#842,
#843,#844,#845,#846,#847,#848,#849,#850,#851,#852,#853,#854,#855,#856,#857,
#858,#859,#860,#861,#862,#863,#864,#865,#866,#867,#868,#869,#870,#871,#872,
#873,#874,#875,#876,#877,#878,#879,#880,#881,#882,#883,#884,#885,#886,#887),
 .UNSPECIFIED.,.F.,.F.,(4,3,3,3,3,3,3,3,3,3,3,3,3,3,3,3,3,4),(9.4247779643261,
9.49812244856201,9.57145500737265,9.64549013989384,9.71882232222833,9.79320892984288,
9.86759553745743,9.94118891100288,10.0147696060511,10.0883423346783,10.1619207780091,
10.2354982194392,10.3090918013553,10.3615766491938,10.4351750946419,10.5087599026272,
10.5823401055519,10.6267120611941),.UNSPECIFIED.);
#102=B_SPLINE_CURVE_WITH_KNOTS('',3,(#893,#894,#895,#896),.UNSPECIFIED.,
 .F.,.F.,(4,4),(4.83595928834227E-6,3.02684545881367E-5),.UNSPECIFIED.);
#103=B_SPLINE_CURVE_WITH_KNOTS('',3,(#897,#898,#899,#900,#901,#902,#903,
#904,#905,#906,#907,#908,#909,#910,#911,#912,#913,#914),.UNSPECIFIED.,.F.,
 .F.,(4,2,2,2,2,2,2,2,4),(0.,0.321450826089684,0.662590437814077,0.899464554154021,
1.17897926107143,1.31703109728337,1.5641368578323,1.95279458196664,2.36043026500645),
 .UNSPECIFIED.);
#104=B_SPLINE_CURVE_WITH_KNOTS('',3,(#916,#917,#918,#919,#920,#921,#922,
#923,#924,#925,#926,#927,#928,#929),.UNSPECIFIED.,.F.,.F.,(4,2,2,2,2,2,
4),(1.11679328174043E-5,0.255212634624416,0.505096013240091,0.984369814299468,
1.23978437397503,1.61059315803938,1.96397546123301),.UNSPECIFIED.);
#105=B_SPLINE_CURVE_WITH_KNOTS('',3,(#931,#932,#933,#934,#935,#936,#937,
#938,#939,#940,#941,#942,#943,#944,#945,#946),.UNSPECIFIED.,.F.,.F.,(4,
2,2,2,2,2,2,4),(0.,0.330175553438866,0.678052091802946,0.917561575568551,
1.47003194248282,2.02863052876126,2.41792658924137,2.82388322410128),
 .UNSPECIFIED.);
#106=B_SPLINE_CURVE_WITH_KNOTS('',3,(#948,#949,#950,#951,#952,#953,#954,
#955,#956,#957),.UNSPECIFIED.,.F.,.F.,(4,2,2,2,4),(3.01382356667509,3.38638238086899,
3.75894119506289,4.13401717571387,4.39358259609883),.UNSPECIFIED.);
#107=B_SPLINE_CURVE_WITH_KNOTS('',3,(#962,#963,#964,#965,#966,#967),
 .UNSPECIFIED.,.F.,.F.,(4,2,4),(2.28380232047553,2.64126475248119,3.01382356667509),
 .UNSPECIFIED.);
#108=B_SPLINE_CURVE_WITH_KNOTS('',3,(#969,#970,#971,#972,#973,#974,#975,
#976,#977,#978),.UNSPECIFIED.,.F.,.F.,(4,2,2,2,4),(0.000112973166218789,
0.497164162523707,0.655801416250567,0.990767480476932,1.3085939508221),
 .UNSPECIFIED.);
#109=B_SPLINE_CURVE_WITH_KNOTS('',3,(#979,#980,#981,#982),.UNSPECIFIED.,
 .F.,.F.,(4,4),(0.641644895963184,0.641726238532398),.UNSPECIFIED.);
#110=B_SPLINE_CURVE_WITH_KNOTS('',3,(#987,#988,#989,#990,#991,#992,#993,
#994,#995,#996,#997,#998,#999,#1000,#1001,#1002,#1003,#1004,#1005,#1006,
#1007,#1008,#1009,#1010,#1011,#1012,#1013,#1014,#1015,#1016,#1017,#1018,
#1019,#1020),.UNSPECIFIED.,.F.,.F.,(4,2,2,2,2,2,2,2,2,2,2,2,2,2,2,2,4),
(10.4837376333207,10.4846507272226,10.7891912703473,11.093513041415,11.3981177784289,
11.5501614578735,11.8538453066053,12.1576620678748,12.4613377352149,12.7649945583187,
13.0686873962056,13.3722082420392,13.6759563648108,13.9792808524045,14.2072424186538,
14.5495727163628,14.8918643160522),.UNSPECIFIED.);
#111=B_SPLINE_CURVE_WITH_KNOTS('',3,(#1021,#1022,#1023,#1024,#1025,#1026,
#1027,#1028,#1029,#1030,#1031,#1032,#1033,#1034,#1035,#1036,#1037,#1038,
#1039,#1040,#1041,#1042,#1043,#1044,#1045,#1046,#1047,#1048,#1049,#1050,
#1051,#1052,#1053,#1054,#1055,#1056,#1057,#1058,#1059,#1060,#1061,#1062,
#1063,#1064,#1065,#1066,#1067,#1068,#1069,#1070,#1071,#1072,#1073,#1074,
#1075,#1076,#1077,#1078),.UNSPECIFIED.,.F.,.F.,(4,3,3,3,3,3,3,3,3,3,3,3,
3,3,3,3,3,3,3,4),(-14.2663714538,-14.1923974846595,-14.1184292819478,-14.0444633948505,
-13.9704861005297,-13.8965073953968,-13.8225113430975,-13.7708452983403,
-13.6974121426293,-13.6239938791733,-13.5505853184889,-13.4771724220429,
-13.4037611197149,-13.3303332236612,-13.2753191428806,-13.2016622191787,
-13.128014703221,-13.0543760984931,-12.9807364614454,-12.9473836842515),
 .UNSPECIFIED.);
#112=B_SPLINE_CURVE_WITH_KNOTS('',3,(#1083,#1084,#1085,#1086,#1087,#1088,
#1089,#1090,#1091,#1092,#1093,#1094,#1095,#1096,#1097,#1098,#1099,#1100,
#1101,#1102,#1103,#1104,#1105,#1106,#1107,#1108,#1109,#1110,#1111,#1112,
#1113,#1114,#1115,#1116,#1117,#1118,#1119,#1120,#1121,#1122,#1123,#1124,
#1125,#1126,#1127,#1128,#1129,#1130,#1131,#1132,#1133,#1134,#1135,#1136,
#1137,#1138),.UNSPECIFIED.,.F.,.F.,(4,2,2,2,2,2,2,2,2,2,2,2,2,2,2,2,2,2,
2,2,2,2,2,2,2,2,2,4),(2.62255659912483,2.73376617882091,3.03767221975433,
3.34121046629016,3.49327869497386,3.79765086528692,4.10197836579623,4.40629955714862,
4.71055052300694,5.01476840086409,5.31893604128069,5.62298536407212,5.92706572641683,
6.23086359958603,6.53485372838638,6.83829672169845,7.14219451053595,7.44515133434434,
7.74811182113543,8.05202595429351,8.35554075123279,8.65955204826721,8.96347479153011,
9.26757687123082,9.57179190698733,9.87597672310589,10.1803919209323,10.4837376333207),
 .UNSPECIFIED.);
#113=B_SPLINE_CURVE_WITH_KNOTS('',3,(#1140,#1141,#1142,#1143,#1144,#1145,
#1146,#1147,#1148,#1149,#1150,#1151,#1152,#1153,#1154,#1155,#1156,#1157,
#1158,#1159,#1160,#1161,#1162,#1163,#1164,#1165,#1166,#1167,#1168,#1169,
#1170,#1171,#1172,#1173,#1174,#1175,#1176,#1177,#1178,#1179,#1180,#1181,
#1182,#1183,#1184,#1185,#1186,#1187,#1188,#1189,#1190,#1191,#1192,#1193,
#1194,#1195,#1196,#1197,#1198,#1199,#1200,#1201,#1202,#1203,#1204,#1205,
#1206,#1207,#1208,#1209,#1210,#1211,#1212,#1213,#1214,#1215,#1216,#1217,
#1218,#1219,#1220,#1221,#1222,#1223,#1224,#1225,#1226,#1227,#1228,#1229,
#1230,#1231,#1232,#1233,#1234,#1235,#1236,#1237,#1238,#1239,#1240,#1241,
#1242,#1243,#1244,#1245,#1246,#1247,#1248,#1249,#1250,#1251,#1252,#1253,
#1254,#1255,#1256,#1257,#1258,#1259,#1260,#1261,#1262,#1263,#1264,#1265,
#1266,#1267,#1268,#1269,#1270,#1271,#1272,#1273,#1274,#1275,#1276,#1277,
#1278,#1279,#1280,#1281,#1282,#1283,#1284,#1285,#1286,#1287,#1288,#1289,
#1290,#1291,#1292,#1293),.UNSPECIFIED.,.F.,.F.,(4,3,3,3,3,3,3,3,3,3,3,3,
3,3,3,3,3,3,3,3,3,3,3,3,3,3,3,3,3,3,3,3,3,3,3,3,3,3,3,3,3,3,3,3,3,3,3,3,
3,3,3,4),(-12.9473836842515,-12.8737391535782,-12.8000806548869,-12.7797929874209,
-12.7062282128749,-12.6326764781194,-12.559132984582,-12.4855838801709,
-12.4120358626157,-12.3384713737531,-12.2842668319612,-12.2106745272192,
-12.137094980022,-12.0635234743803,-11.9899462552416,-11.9163701096902,
-11.842777665124,-11.7887406765015,-11.7151502341517,-11.641572535547,-11.5680028593069,
-11.4944274268073,-11.4208530410876,-11.3472623013748,-11.2932145210418,
-11.2196284717596,-11.1460552351138,-11.0724900764153,-10.9989192139408,
-10.9253494204799,-10.8517632770637,-10.7976883655821,-10.7240982411384,
-10.6505208745758,-10.5769515435058,-10.5033764738417,-10.4298024602999,
-10.3562121051759,-10.3021622101224,-10.2285744847435,-10.1549995472271,
-10.0814326679533,-10.0078600671649,-9.93428852818096,-9.8607006396966,
-9.80663605466267,-9.73329944363603,-9.65616907292596,-9.58285035550402,
-9.50953566839146,-9.4362139678768,-9.42477796079576),.UNSPECIFIED.);
#114=B_SPLINE_CURVE_WITH_KNOTS('',3,(#1294,#1295,#1296,#1297,#1298,#1299,
#1300,#1301,#1302,#1303),.UNSPECIFIED.,.F.,.F.,(4,1,1,1,1,1,1,4),(-9.42477796076938,
-9.31110989920296,-8.81558374374326,-8.32005758828356,-7.82453143282385,
-7.32900527736415,-6.83347912190444,-6.66416596878869),.UNSPECIFIED.);
#115=B_SPLINE_CURVE_WITH_KNOTS('',3,(#1306,#1307,#1308,#1309,#1310,#1311,
#1312,#1313,#1314,#1315,#1316),.UNSPECIFIED.,.F.,.F.,(4,1,1,1,1,1,1,1,4),
(-6.66416596878869,-6.33795296644474,-5.84242681098504,-5.34690065552533,
-4.85137450006563,-4.35584834460592,-3.86032218914622,-3.36479603368652,
-3.14159266698401),.UNSPECIFIED.);
#116=B_SPLINE_CURVE_WITH_KNOTS('',3,(#1317,#1318,#1319,#1320,#1321,#1322,
#1323,#1324),.UNSPECIFIED.,.F.,.F.,(4,2,2,4),(9.28236263283753E-5,0.481218023709275,
0.721226438379392,0.961419615286218),.UNSPECIFIED.);
#117=B_SPLINE_CURVE_WITH_KNOTS('',3,(#1325,#1326,#1327,#1328,#1329,#1330,
#1331,#1332,#1333,#1334,#1335,#1336,#1337,#1338,#1339,#1340,#1341,#1342,
#1343,#1344),.UNSPECIFIED.,.F.,.F.,(4,2,2,2,2,2,2,2,2,4),(0.000159202948230519,
0.342390090176183,0.684594610419143,0.912438580795603,1.21575775808159,
1.51938319999513,1.8229304591663,2.12649810884892,2.43022392019305,2.62255659912483),
 .UNSPECIFIED.);
#118=B_SPLINE_CURVE_WITH_KNOTS('',3,(#1347,#1348,#1349,#1350,#1351,#1352,
#1353,#1354,#1355,#1356),.UNSPECIFIED.,.F.,.F.,(4,2,2,2,4),(0.,0.161719819796663,
0.32085203269603,0.483086247448327,0.641644895963184),.UNSPECIFIED.);
#119=B_SPLINE_CURVE_WITH_KNOTS('',3,(#1357,#1358,#1359,#1360,#1361,#1362),
 .UNSPECIFIED.,.F.,.F.,(4,2,4),(3.02684545881367E-5,0.280215209876703,0.560833146651758),
 .UNSPECIFIED.);
#120=B_SPLINE_CURVE_WITH_KNOTS('',3,(#1364,#1365,#1366,#1367,#1368,#1369,
#1370,#1371,#1372,#1373,#1374,#1375,#1376,#1377,#1378,#1379,#1380,#1381,
#1382,#1383,#1384,#1385,#1386,#1387,#1388,#1389,#1390,#1391,#1392,#1393,
#1394,#1395,#1396,#1397,#1398,#1399,#1400,#1401,#1402,#1403,#1404,#1405,
#1406,#1407,#1408,#1409,#1410,#1411,#1412,#1413,#1414,#1415,#1416,#1417,
#1418,#1419,#1420,#1421,#1422,#1423,#1424,#1425,#1426,#1427,#1428,#1429,
#1430,#1431,#1432,#1433,#1434,#1435,#1436,#1437,#1438,#1439,#1440,#1441,
#1442,#1443,#1444,#1445,#1446,#1447,#1448,#1449,#1450,#1451,#1452,#1453,
#1454,#1455,#1456,#1457,#1458,#1459,#1460,#1461,#1462,#1463,#1464,#1465,
#1466,#1467,#1468,#1469,#1470,#1471,#1472,#1473,#1474,#1475,#1476,#1477,
#1478,#1479,#1480,#1481),.UNSPECIFIED.,.F.,.F.,(4,3,3,3,3,3,3,3,3,3,3,3,
3,3,3,3,3,3,3,3,3,3,3,3,3,3,3,3,3,3,3,3,3,3,3,3,3,3,3,4),(10.6267120611941,
10.7002938387195,10.7738774257355,10.847474580991,10.8555577609302,10.9291565409107,
11.0027426789018,11.0763208709023,11.1499047694306,11.2234876528217,11.2970866187069,
11.3495388726666,11.423112445367,11.4966732562497,11.5702260759518,11.6437847163377,
11.7173424456559,11.7909165940611,11.8435199844029,11.9171826613376,11.9908329347345,
12.0644753116636,12.1381230082267,12.2117693703205,12.2854308783048,12.3375010961393,
12.4109431287251,12.484372261988,12.557793642994,12.6312221426865,12.7046506562311,
12.7780979329255,12.8314822078757,12.9054785209522,12.9794615019266,13.053434604443,
13.1274074661577,13.2013752693143,13.2753500695139,13.3254633196121),
 .UNSPECIFIED.);
#121=B_SPLINE_CURVE_WITH_KNOTS('',3,(#1482,#1483,#1484,#1485,#1486,#1487),
 .UNSPECIFIED.,.F.,.F.,(4,2,4),(0.00015600547153849,0.327857001527656,0.603107166034904),
 .UNSPECIFIED.);
#122=B_SPLINE_CURVE_WITH_KNOTS('',3,(#1490,#1491,#1492,#1493,#1494,#1495,
#1496,#1497),.UNSPECIFIED.,.F.,.F.,(4,2,2,4),(0.,0.162797339224888,0.322963970264574,
0.6462516573705),.UNSPECIFIED.);
#123=B_SPLINE_CURVE_WITH_KNOTS('',3,(#1498,#1499,#1500,#1501,#1502,#1503),
 .UNSPECIFIED.,.F.,.F.,(4,2,4),(-2.94763401615816,-2.5114009051012,-2.38506094177974),
 .UNSPECIFIED.);
#124=B_SPLINE_CURVE_WITH_KNOTS('',3,(#1634,#1635,#1636,#1637,#1638,#1639,
#1640,#1641,#1642,#1643,#1644,#1645,#1646,#1647,#1648,#1649,#1650,#1651,
#1652,#1653,#1654,#1655,#1656,#1657,#1658,#1659,#1660,#1661,#1662,#1663,
#1664,#1665,#1666,#1667,#1668,#1669,#1670,#1671,#1672,#1673,#1674,#1675,
#1676,#1677,#1678,#1679,#1680,#1681,#1682,#1683,#1684,#1685,#1686,#1687,
#1688,#1689,#1690,#1691,#1692,#1693,#1694,#1695,#1696,#1697,#1698,#1699,
#1700,#1701,#1702,#1703,#1704,#1705,#1706,#1707,#1708,#1709,#1710,#1711,
#1712,#1713,#1714,#1715,#1716,#1717,#1718,#1719,#1720,#1721,#1722,#1723,
#1724,#1725,#1726,#1727,#1728,#1729,#1730,#1731,#1732,#1733,#1734,#1735,
#1736,#1737,#1738,#1739,#1740,#1741,#1742,#1743,#1744,#1745,#1746,#1747,
#1748,#1749,#1750,#1751,#1752,#1753,#1754,#1755,#1756,#1757,#1758,#1759,
#1760,#1761,#1762,#1763,#1764,#1765,#1766,#1767,#1768,#1769,#1770,#1771,
#1772,#1773,#1774,#1775,#1776,#1777,#1778,#1779,#1780,#1781,#1782,#1783,
#1784,#1785,#1786,#1787,#1788,#1789,#1790,#1791,#1792,#1793,#1794,#1795,
#1796,#1797,#1798,#1799,#1800,#1801,#1802,#1803,#1804,#1805,#1806,#1807,
#1808,#1809,#1810,#1811,#1812,#1813,#1814,#1815,#1816,#1817,#1818,#1819,
#1820,#1821,#1822,#1823,#1824,#1825,#1826,#1827,#1828,#1829,#1830,#1831,
#1832,#1833,#1834,#1835,#1836,#1837,#1838,#1839,#1840,#1841,#1842,#1843,
#1844,#1845,#1846,#1847,#1848,#1849,#1850,#1851,#1852,#1853,#1854,#1855,
#1856,#1857,#1858,#1859,#1860,#1861,#1862,#1863,#1864,#1865,#1866,#1867,
#1868,#1869,#1870,#1871,#1872,#1873,#1874,#1875,#1876,#1877,#1878,#1879,
#1880,#1881,#1882,#1883,#1884,#1885,#1886,#1887,#1888,#1889,#1890,#1891,
#1892,#1893,#1894,#1895,#1896,#1897,#1898),.UNSPECIFIED.,.F.,.F.,(4,3,3,
3,3,3,3,3,3,3,3,3,3,3,3,3,3,3,3,3,3,3,3,3,3,3,3,3,3,3,3,3,3,3,3,3,3,3,3,
3,3,3,3,3,3,3,3,3,3,3,3,3,3,3,3,3,3,3,3,3,3,3,3,3,3,3,3,3,3,3,3,3,3,3,3,
3,3,3,3,3,3,3,3,3,3,3,3,3,4),(3.47418114735091,3.5958222284497,3.71801444736649,
3.83921920880543,3.86729906038783,3.93982219662094,4.0632827864529,4.1874092057326,
4.31085923027629,4.3632087379893,4.43380330835731,4.55748436167082,4.68184085488321,
4.80553851439246,4.85911938536569,4.92778442009369,5.05189933501876,5.17668299995111,
5.30081062063758,5.35502963825858,5.42176553183006,5.54648151081438,5.67185990628645,
5.79658707071099,5.85094043281025,5.91574664356644,6.04097390605434,6.16686044431778,
6.29209809909208,6.34685092790199,6.40972775530281,6.53556480070139,6.66205515421281,
6.78789980814265,6.84276158565304,6.90370886703919,7.03015918682106,7.1572585817283,
7.2837144678122,7.33867220663251,7.39768997877556,7.52480117845942,7.65255661481679,
7.77967038000289,7.83458285193744,7.89167109051193,8.01947468549988,8.14791780803334,
8.27572060944889,8.33049350497588,8.38565220224831,8.51420518519463,8.64339344603667,
8.77194226546745,8.82640419725076,8.87963331398468,9.00895099993737,9.13889918118278,
9.26820738243438,9.32231481675236,9.37361442572106,9.50379219835792,9.63459626119056,
9.76476177829484,9.81822562574448,9.86759553745743,9.99866374746061,10.1303553214941,
10.2614028013859,10.3141361601866,10.3615766491938,10.493464409303,10.6259662337322,
10.7578286210653,10.8100469617616,10.8555577609302,10.9889703637273,11.1230073896846,
11.2563959409024,11.305958210161,11.3495388726666,11.4824463773739,11.6159237815936,
11.7487408378652,11.8018673368135,11.8435199844029,11.9854170557047,12.1282110232515,
12.2326892758248),.UNSPECIFIED.);
#125=B_SPLINE_CURVE_WITH_KNOTS('',3,(#2007,#2008,#2009,#2010,#2011,#2012,
#2013,#2014,#2015,#2016,#2017,#2018,#2019,#2020,#2021,#2022,#2023,#2024,
#2025,#2026,#2027,#2028,#2029,#2030,#2031,#2032,#2033,#2034,#2035,#2036,
#2037,#2038,#2039,#2040,#2041,#2042,#2043,#2044,#2045,#2046,#2047,#2048,
#2049,#2050,#2051,#2052,#2053,#2054,#2055,#2056,#2057,#2058,#2059,#2060,
#2061,#2062,#2063,#2064,#2065,#2066,#2067,#2068,#2069,#2070,#2071,#2072,
#2073,#2074,#2075,#2076,#2077,#2078,#2079,#2080,#2081,#2082,#2083,#2084,
#2085,#2086,#2087,#2088,#2089,#2090,#2091,#2092,#2093,#2094,#2095,#2096,
#2097,#2098,#2099,#2100,#2101,#2102,#2103,#2104,#2105,#2106,#2107,#2108,
#2109,#2110,#2111,#2112,#2113,#2114,#2115,#2116,#2117,#2118,#2119,#2120,
#2121,#2122,#2123,#2124,#2125,#2126,#2127,#2128,#2129,#2130,#2131,#2132,
#2133,#2134,#2135,#2136,#2137,#2138,#2139,#2140,#2141,#2142,#2143,#2144,
#2145,#2146,#2147,#2148,#2149,#2150,#2151,#2152,#2153,#2154,#2155,#2156,
#2157,#2158,#2159,#2160,#2161,#2162,#2163,#2164,#2165,#2166,#2167,#2168,
#2169,#2170,#2171,#2172,#2173,#2174,#2175,#2176,#2177,#2178,#2179,#2180,
#2181,#2182,#2183,#2184,#2185,#2186,#2187,#2188,#2189,#2190,#2191,#2192,
#2193,#2194,#2195,#2196,#2197,#2198,#2199,#2200,#2201,#2202,#2203,#2204,
#2205,#2206,#2207,#2208,#2209,#2210,#2211,#2212,#2213,#2214,#2215,#2216,
#2217,#2218,#2219,#2220,#2221,#2222,#2223,#2224,#2225,#2226,#2227,#2228,
#2229,#2230,#2231,#2232,#2233,#2234,#2235,#2236,#2237,#2238,#2239,#2240,
#2241,#2242,#2243,#2244,#2245,#2246,#2247,#2248,#2249,#2250,#2251,#2252,
#2253,#2254,#2255,#2256,#2257,#2258,#2259,#2260,#2261,#2262,#2263,#2264,
#2265,#2266,#2267,#2268,#2269,#2270,#2271),.UNSPECIFIED.,.F.,.F.,(4,3,3,
3,3,3,3,3,3,3,3,3,3,3,3,3,3,3,3,3,3,3,3,3,3,3,3,3,3,3,3,3,3,3,3,3,3,3,3,
3,3,3,3,3,3,3,3,3,3,3,3,3,3,3,3,3,3,3,3,3,3,3,3,3,3,3,3,3,3,3,3,3,3,3,3,
3,3,3,3,3,3,3,3,3,3,3,3,3,4),(3.47571073735892,3.59706865845714,3.71886928666625,
3.83967864000036,3.86030081871033,3.92588923772984,4.05125357494811,4.17726186682361,
4.30260311020829,4.35582691721183,4.41947975572017,4.54503221959879,4.67124174709273,
4.7968053903508,4.85135370934226,4.9130702737105,5.03917295046392,5.16592573239892,
5.2920342548037,5.34688014831139,5.40666079170083,5.53348451858518,5.66095167739501,
5.78777812168801,5.84240711702621,5.90025130969116,6.02770736967507,6.15580446253623,
6.28326130561987,6.33793376616927,6.39384182768148,6.52204718067682,6.65088750866578,
6.77908917566499,6.83346058960148,6.88743234567181,7.0163962159963,7.14599127762596,
7.27494786634815,7.32898736451485,7.38102286366214,7.51080839678812,7.64122054542349,
7.77099400715074,7.82451416455397,7.87461338165247,8.00526351132636,8.13653588994752,
8.26716864218151,8.32004096624933,8.3682038996428,8.49979491176159,8.63200433419692,
8.76357261991236,8.81556780743236,8.86179441763312,8.99435403609614,9.12752770635288,
9.2600567848875,9.3110945665898,9.35538493562345,9.4890329058875,9.6232910531856,
9.75690358613879,9.80662151721024,9.84897545361378,9.98377527794838,10.119183327621,
10.2539361839987,10.3021481937437,10.3425659716041,10.478412015582,10.614856355334,
10.7506473571413,10.7976750887731,10.8361564895944,10.9739755588941,11.1124062177313,
11.250172076971,11.2932025067498,11.3297470075848,11.4670345251061,11.6048728898787,
11.7420217933657,11.7887274765018,11.8233375255751,11.9781346026415,12.1341319188295,
12.2045619739742),.UNSPECIFIED.);
#126=LINE('',#509,#140);
#127=LINE('',#587,#141);
#128=LINE('',#614,#142);
#129=LINE('',#761,#143);
#130=LINE('',#891,#144);
#131=LINE('',#959,#145);
#132=LINE('',#986,#146);
#133=LINE('',#1082,#147);
#134=LINE('',#1507,#148);
#135=LINE('',#1512,#149);
#136=LINE('',#1516,#150);
#137=LINE('',#1518,#151);
#138=LINE('',#1520,#152);
#139=LINE('',#1521,#153);
#140=VECTOR('',#444,10.0828709611728);
#141=VECTOR('',#445,10.0828709611728);
#142=VECTOR('',#450,10.);
#143=VECTOR('',#453,10.);
#144=VECTOR('',#456,10.0828709611728);
#145=VECTOR('',#457,10.0828709611728);
#146=VECTOR('',#462,10.);
#147=VECTOR('',#465,10.);
#148=VECTOR('',#476,0.75);
#149=VECTOR('',#483,1.5);
#150=VECTOR('',#486,10.);
#151=VECTOR('',#487,10.);
#152=VECTOR('',#488,10.);
#153=VECTOR('',#489,10.);
#154=VERTEX_POINT('',#507);
#155=VERTEX_POINT('',#508);
#156=VERTEX_POINT('',#510);
#157=VERTEX_POINT('',#529);
#158=VERTEX_POINT('',#545);
#159=VERTEX_POINT('',#558);
#160=VERTEX_POINT('',#575);
#161=VERTEX_POINT('',#586);
#162=VERTEX_POINT('',#589);
#163=VERTEX_POINT('',#596);
#164=VERTEX_POINT('',#612);
#165=VERTEX_POINT('',#613);
#166=VERTEX_POINT('',#615);
#167=VERTEX_POINT('',#662);
#168=VERTEX_POINT('',#678);
#169=VERTEX_POINT('',#759);
#170=VERTEX_POINT('',#760);
#171=VERTEX_POINT('',#820);
#172=VERTEX_POINT('',#889);
#173=VERTEX_POINT('',#890);
#174=VERTEX_POINT('',#892);
#175=VERTEX_POINT('',#915);
#176=VERTEX_POINT('',#930);
#177=VERTEX_POINT('',#947);
#178=VERTEX_POINT('',#958);
#179=VERTEX_POINT('',#961);
#180=VERTEX_POINT('',#968);
#181=VERTEX_POINT('',#984);
#182=VERTEX_POINT('',#985);
#183=VERTEX_POINT('',#1080);
#184=VERTEX_POINT('',#1081);
#185=VERTEX_POINT('',#1139);
#186=VERTEX_POINT('',#1305);
#187=VERTEX_POINT('',#1346);
#188=VERTEX_POINT('',#1489);
#189=VERTEX_POINT('',#1505);
#190=VERTEX_POINT('',#1506);
#191=VERTEX_POINT('',#1510);
#192=VERTEX_POINT('',#1514);
#193=VERTEX_POINT('',#1515);
#194=VERTEX_POINT('',#1517);
#195=VERTEX_POINT('',#1519);
#196=EDGE_CURVE('',#154,#155,#126,.T.);
#197=EDGE_CURVE('',#156,#154,#87,.F.);
#198=EDGE_CURVE('',#157,#156,#88,.T.);
#199=EDGE_CURVE('',#158,#157,#89,.T.);
#200=EDGE_CURVE('',#159,#158,#90,.T.);
#201=EDGE_CURVE('',#160,#159,#91,.T.);
#202=EDGE_CURVE('',#160,#161,#127,.T.);
#203=EDGE_CURVE('',#161,#161,#85,.T.);
#204=EDGE_CURVE('',#162,#160,#92,.T.);
#205=EDGE_CURVE('',#163,#162,#93,.T.);
#206=EDGE_CURVE('',#155,#163,#94,.T.);
#207=EDGE_CURVE('',#164,#165,#128,.T.);
#208=EDGE_CURVE('',#164,#166,#95,.T.);
#209=EDGE_CURVE('',#166,#167,#96,.T.);
#210=EDGE_CURVE('',#167,#168,#97,.T.);
#211=EDGE_CURVE('',#168,#165,#98,.T.);
#212=EDGE_CURVE('',#169,#170,#129,.T.);
#213=EDGE_CURVE('',#169,#164,#99,.T.);
#214=EDGE_CURVE('',#165,#171,#100,.T.);
#215=EDGE_CURVE('',#171,#170,#101,.T.);
#216=EDGE_CURVE('',#172,#173,#130,.T.);
#217=EDGE_CURVE('',#174,#172,#102,.T.);
#218=EDGE_CURVE('',#167,#174,#103,.T.);
#219=EDGE_CURVE('',#175,#166,#104,.T.);
#220=EDGE_CURVE('',#176,#175,#105,.T.);
#221=EDGE_CURVE('',#177,#176,#106,.T.);
#222=EDGE_CURVE('',#177,#178,#131,.T.);
#223=EDGE_CURVE('',#178,#178,#86,.T.);
#224=EDGE_CURVE('',#179,#177,#107,.T.);
#225=EDGE_CURVE('',#180,#179,#108,.T.);
#226=EDGE_CURVE('',#173,#180,#109,.T.);
#227=EDGE_CURVE('',#181,#182,#132,.T.);
#228=EDGE_CURVE('',#181,#179,#110,.T.);
#229=EDGE_CURVE('',#176,#182,#111,.T.);
#230=EDGE_CURVE('',#183,#184,#133,.T.);
#231=EDGE_CURVE('',#183,#181,#112,.T.);
#232=EDGE_CURVE('',#182,#185,#113,.T.);
#233=EDGE_CURVE('',#185,#184,#114,.T.);
#234=EDGE_CURVE('',#184,#186,#115,.T.);
#235=EDGE_CURVE('',#186,#162,#116,.T.);
#236=EDGE_CURVE('',#159,#183,#117,.T.);
#237=EDGE_CURVE('',#187,#173,#118,.T.);
#238=EDGE_CURVE('',#172,#187,#119,.T.);
#239=EDGE_CURVE('',#170,#157,#120,.T.);
#240=EDGE_CURVE('',#156,#169,#121,.T.);
#241=EDGE_CURVE('',#188,#155,#122,.T.);
#242=EDGE_CURVE('',#154,#188,#123,.F.);
#243=EDGE_CURVE('',#189,#190,#134,.T.);
#244=EDGE_CURVE('',#190,#190,#29,.T.);
#245=EDGE_CURVE('',#191,#191,#30,.T.);
#246=EDGE_CURVE('',#191,#190,#135,.T.);
#247=EDGE_CURVE('',#192,#193,#136,.T.);
#248=EDGE_CURVE('',#192,#194,#137,.T.);
#249=EDGE_CURVE('',#194,#195,#138,.T.);
#250=EDGE_CURVE('',#193,#195,#139,.T.);
#251=EDGE_CURVE('',#193,#192,#31,.T.);
#252=EDGE_CURVE('',#195,#194,#32,.T.);
#253=EDGE_CURVE('',#187,#158,#124,.T.);
#254=EDGE_CURVE('',#188,#175,#125,.T.);
#255=ORIENTED_EDGE('',*,*,#196,.F.);
#256=ORIENTED_EDGE('',*,*,#197,.F.);
#257=ORIENTED_EDGE('',*,*,#198,.F.);
#258=ORIENTED_EDGE('',*,*,#199,.F.);
#259=ORIENTED_EDGE('',*,*,#200,.F.);
#260=ORIENTED_EDGE('',*,*,#201,.F.);
#261=ORIENTED_EDGE('',*,*,#202,.T.);
#262=ORIENTED_EDGE('',*,*,#203,.F.);
#263=ORIENTED_EDGE('',*,*,#202,.F.);
#264=ORIENTED_EDGE('',*,*,#204,.F.);
#265=ORIENTED_EDGE('',*,*,#205,.F.);
#266=ORIENTED_EDGE('',*,*,#206,.F.);
#267=ORIENTED_EDGE('',*,*,#207,.F.);
#268=ORIENTED_EDGE('',*,*,#208,.T.);
#269=ORIENTED_EDGE('',*,*,#209,.T.);
#270=ORIENTED_EDGE('',*,*,#210,.T.);
#271=ORIENTED_EDGE('',*,*,#211,.T.);
#272=ORIENTED_EDGE('',*,*,#212,.F.);
#273=ORIENTED_EDGE('',*,*,#213,.T.);
#274=ORIENTED_EDGE('',*,*,#207,.T.);
#275=ORIENTED_EDGE('',*,*,#214,.T.);
#276=ORIENTED_EDGE('',*,*,#215,.T.);
#277=ORIENTED_EDGE('',*,*,#216,.F.);
#278=ORIENTED_EDGE('',*,*,#217,.F.);
#279=ORIENTED_EDGE('',*,*,#218,.F.);
#280=ORIENTED_EDGE('',*,*,#209,.F.);
#281=ORIENTED_EDGE('',*,*,#219,.F.);
#282=ORIENTED_EDGE('',*,*,#220,.F.);
#283=ORIENTED_EDGE('',*,*,#221,.F.);
#284=ORIENTED_EDGE('',*,*,#222,.T.);
#285=ORIENTED_EDGE('',*,*,#223,.F.);
#286=ORIENTED_EDGE('',*,*,#222,.F.);
#287=ORIENTED_EDGE('',*,*,#224,.F.);
#288=ORIENTED_EDGE('',*,*,#225,.F.);
#289=ORIENTED_EDGE('',*,*,#226,.F.);
#290=ORIENTED_EDGE('',*,*,#227,.F.);
#291=ORIENTED_EDGE('',*,*,#228,.T.);
#292=ORIENTED_EDGE('',*,*,#224,.T.);
#293=ORIENTED_EDGE('',*,*,#221,.T.);
#294=ORIENTED_EDGE('',*,*,#229,.T.);
#295=ORIENTED_EDGE('',*,*,#230,.F.);
#296=ORIENTED_EDGE('',*,*,#231,.T.);
#297=ORIENTED_EDGE('',*,*,#227,.T.);
#298=ORIENTED_EDGE('',*,*,#232,.T.);
#299=ORIENTED_EDGE('',*,*,#233,.T.);
#300=ORIENTED_EDGE('',*,*,#230,.T.);
#301=ORIENTED_EDGE('',*,*,#234,.T.);
#302=ORIENTED_EDGE('',*,*,#235,.T.);
#303=ORIENTED_EDGE('',*,*,#204,.T.);
#304=ORIENTED_EDGE('',*,*,#201,.T.);
#305=ORIENTED_EDGE('',*,*,#236,.T.);
#306=ORIENTED_EDGE('',*,*,#216,.T.);
#307=ORIENTED_EDGE('',*,*,#237,.F.);
#308=ORIENTED_EDGE('',*,*,#238,.F.);
#309=ORIENTED_EDGE('',*,*,#212,.T.);
#310=ORIENTED_EDGE('',*,*,#239,.T.);
#311=ORIENTED_EDGE('',*,*,#198,.T.);
#312=ORIENTED_EDGE('',*,*,#240,.T.);
#313=ORIENTED_EDGE('',*,*,#196,.T.);
#314=ORIENTED_EDGE('',*,*,#241,.F.);
#315=ORIENTED_EDGE('',*,*,#242,.F.);
#316=ORIENTED_EDGE('',*,*,#243,.T.);
#317=ORIENTED_EDGE('',*,*,#244,.F.);
#318=ORIENTED_EDGE('',*,*,#243,.F.);
#319=ORIENTED_EDGE('',*,*,#245,.F.);
#320=ORIENTED_EDGE('',*,*,#246,.T.);
#321=ORIENTED_EDGE('',*,*,#244,.T.);
#322=ORIENTED_EDGE('',*,*,#246,.F.);
#323=ORIENTED_EDGE('',*,*,#247,.F.);
#324=ORIENTED_EDGE('',*,*,#248,.T.);
#325=ORIENTED_EDGE('',*,*,#249,.T.);
#326=ORIENTED_EDGE('',*,*,#250,.F.);
#327=ORIENTED_EDGE('',*,*,#251,.F.);
#328=ORIENTED_EDGE('',*,*,#250,.T.);
#329=ORIENTED_EDGE('',*,*,#252,.T.);
#330=ORIENTED_EDGE('',*,*,#248,.F.);
#331=ORIENTED_EDGE('',*,*,#252,.F.);
#332=ORIENTED_EDGE('',*,*,#249,.F.);
#333=ORIENTED_EDGE('',*,*,#199,.T.);
#334=ORIENTED_EDGE('',*,*,#239,.F.);
#335=ORIENTED_EDGE('',*,*,#215,.F.);
#336=ORIENTED_EDGE('',*,*,#214,.F.);
#337=ORIENTED_EDGE('',*,*,#211,.F.);
#338=ORIENTED_EDGE('',*,*,#210,.F.);
#339=ORIENTED_EDGE('',*,*,#218,.T.);
#340=ORIENTED_EDGE('',*,*,#217,.T.);
#341=ORIENTED_EDGE('',*,*,#238,.T.);
#342=ORIENTED_EDGE('',*,*,#253,.T.);
#343=ORIENTED_EDGE('',*,*,#197,.T.);
#344=ORIENTED_EDGE('',*,*,#242,.T.);
#345=ORIENTED_EDGE('',*,*,#254,.T.);
#346=ORIENTED_EDGE('',*,*,#219,.T.);
#347=ORIENTED_EDGE('',*,*,#208,.F.);
#348=ORIENTED_EDGE('',*,*,#213,.F.);
#349=ORIENTED_EDGE('',*,*,#240,.F.);
#350=ORIENTED_EDGE('',*,*,#241,.T.);
#351=ORIENTED_EDGE('',*,*,#206,.T.);
#352=ORIENTED_EDGE('',*,*,#205,.T.);
#353=ORIENTED_EDGE('',*,*,#235,.F.);
#354=ORIENTED_EDGE('',*,*,#234,.F.);
#355=ORIENTED_EDGE('',*,*,#233,.F.);
#356=ORIENTED_EDGE('',*,*,#232,.F.);
#357=ORIENTED_EDGE('',*,*,#229,.F.);
#358=ORIENTED_EDGE('',*,*,#220,.T.);
#359=ORIENTED_EDGE('',*,*,#254,.F.);
#360=ORIENTED_EDGE('',*,*,#200,.T.);
#361=ORIENTED_EDGE('',*,*,#253,.F.);
#362=ORIENTED_EDGE('',*,*,#237,.T.);
#363=ORIENTED_EDGE('',*,*,#226,.T.);
#364=ORIENTED_EDGE('',*,*,#225,.T.);
#365=ORIENTED_EDGE('',*,*,#228,.F.);
#366=ORIENTED_EDGE('',*,*,#231,.F.);
#367=ORIENTED_EDGE('',*,*,#236,.F.);
#368=ORIENTED_EDGE('',*,*,#203,.T.);
#369=ORIENTED_EDGE('',*,*,#247,.T.);
#370=ORIENTED_EDGE('',*,*,#251,.T.);
#371=ORIENTED_EDGE('',*,*,#223,.T.);
#372=ORIENTED_EDGE('',*,*,#245,.T.);
#373=CONICAL_SURFACE('',#414,10.0828709611728,0.477631486461853);
#374=CONICAL_SURFACE('',#418,10.0828709611728,0.477631486461852);
#375=CONICAL_SURFACE('',#423,10.0828709611728,0.477631486461852);
#376=CONICAL_SURFACE('',#425,10.0828709611728,0.477631486461853);
#377=CONICAL_SURFACE('',#426,0.75,1.02974425867665);
#378=ADVANCED_FACE('',(#41),#373,.T.);
#379=ADVANCED_FACE('',(#42),#33,.T.);
#380=ADVANCED_FACE('',(#43),#34,.T.);
#381=ADVANCED_FACE('',(#44),#374,.T.);
#382=ADVANCED_FACE('',(#45),#35,.T.);
#383=ADVANCED_FACE('',(#46),#36,.T.);
#384=ADVANCED_FACE('',(#47),#37,.T.);
#385=ADVANCED_FACE('',(#48),#375,.T.);
#386=ADVANCED_FACE('',(#49),#38,.T.);
#387=ADVANCED_FACE('',(#50),#376,.T.);
#388=ADVANCED_FACE('',(#51),#377,.F.);
#389=ADVANCED_FACE('',(#52),#39,.F.);
#390=ADVANCED_FACE('',(#53),#25,.F.);
#391=ADVANCED_FACE('',(#54),#40,.F.);
#392=ADVANCED_FACE('',(#55),#26,.T.);
#393=ADVANCED_FACE('',(#56),#21,.T.);
#394=ADVANCED_FACE('',(#57),#22,.T.);
#395=ADVANCED_FACE('',(#58),#23,.T.);
#396=ADVANCED_FACE('',(#59),#24,.T.);
#397=ADVANCED_FACE('',(#60,#19),#27,.T.);
#398=ADVANCED_FACE('',(#61,#20),#28,.F.);
#399=CLOSED_SHELL('',(#378,#379,#380,#381,#382,#383,#384,#385,#386,#387,
#388,#389,#390,#391,#392,#393,#394,#395,#396,#397,#398));
#400=DERIVED_UNIT_ELEMENT(#402,1.);
#401=DERIVED_UNIT_ELEMENT(#2498,-3.);
#402=(
MASS_UNIT()
NAMED_UNIT(*)
SI_UNIT(.KILO.,.GRAM.)
);
#403=DERIVED_UNIT((#400,#401));
#404=MEASURE_REPRESENTATION_ITEM('density measure',
POSITIVE_RATIO_MEASURE(7850.),#403);
#405=PROPERTY_DEFINITION_REPRESENTATION(#410,#407);
#406=PROPERTY_DEFINITION_REPRESENTATION(#411,#408);
#407=REPRESENTATION('material name',(#409),#2495);
#408=REPRESENTATION('density',(#404),#2495);
#409=DESCRIPTIVE_REPRESENTATION_ITEM('Steel','Steel');
#410=PROPERTY_DEFINITION('material property','material name',#2510);
#411=PROPERTY_DEFINITION('material property','density of part',#2510);
#412=AXIS2_PLACEMENT_3D('',#504,#438,#439);
#413=AXIS2_PLACEMENT_3D('',#505,#440,#441);
#414=AXIS2_PLACEMENT_3D('',#506,#442,#443);
#415=AXIS2_PLACEMENT_3D('',#588,#446,#447);
#416=AXIS2_PLACEMENT_3D('',#611,#448,#449);
#417=AXIS2_PLACEMENT_3D('',#758,#451,#452);
#418=AXIS2_PLACEMENT_3D('',#888,#454,#455);
#419=AXIS2_PLACEMENT_3D('',#960,#458,#459);
#420=AXIS2_PLACEMENT_3D('',#983,#460,#461);
#421=AXIS2_PLACEMENT_3D('',#1079,#463,#464);
#422=AXIS2_PLACEMENT_3D('',#1304,#466,#467);
#423=AXIS2_PLACEMENT_3D('',#1345,#468,#469);
#424=AXIS2_PLACEMENT_3D('',#1363,#470,#471);
#425=AXIS2_PLACEMENT_3D('',#1488,#472,#473);
#426=AXIS2_PLACEMENT_3D('',#1504,#474,#475);
#427=AXIS2_PLACEMENT_3D('',#1508,#477,#478);
#428=AXIS2_PLACEMENT_3D('',#1509,#479,#480);
#429=AXIS2_PLACEMENT_3D('',#1511,#481,#482);
#430=AXIS2_PLACEMENT_3D('',#1513,#484,#485);
#431=AXIS2_PLACEMENT_3D('',#1522,#490,#491);
#432=AXIS2_PLACEMENT_3D('',#1523,#492,#493);
#433=AXIS2_PLACEMENT_3D('',#1524,#494,#495);
#434=AXIS2_PLACEMENT_3D('',#1525,#496,#497);
#435=AXIS2_PLACEMENT_3D('',#2488,#498,#499);
#436=AXIS2_PLACEMENT_3D('',#2489,#500,#501);
#437=AXIS2_PLACEMENT_3D('',#2490,#502,#503);
#438=DIRECTION('axis',(0.,0.,1.));
#439=DIRECTION('refdir',(1.,0.,0.));
#440=DIRECTION('axis',(0.,0.,1.));
#441=DIRECTION('refdir',(1.,0.,0.));
#442=DIRECTION('center_axis',(-0.999998150357468,-1.22311926218953E-16,
0.00192335166890067));
#443=DIRECTION('ref_axis',(0.00192335166890067,-7.56733827884275E-19,0.999998150357468));
#444=DIRECTION('',(0.888968641956628,1.64569875675045E-16,0.457968070522157));
#445=DIRECTION('',(0.888968641956628,1.64569875675045E-16,0.457968070522157));
#446=DIRECTION('center_axis',(1.,0.,0.));
#447=DIRECTION('ref_axis',(0.,-1.65691646428542E-10,-1.));
#448=DIRECTION('center_axis',(1.,0.,0.));
#449=DIRECTION('ref_axis',(0.,-0.93273922738882,0.360551707373724));
#450=DIRECTION('',(-1.,0.,0.));
#451=DIRECTION('center_axis',(1.,0.,0.));
#452=DIRECTION('ref_axis',(0.,-0.93273922738882,0.360551707373724));
#453=DIRECTION('',(-1.,0.,0.));
#454=DIRECTION('center_axis',(0.999998150357468,0.,0.00192335166890064));
#455=DIRECTION('ref_axis',(-0.00192335166890064,0.,0.999998150357468));
#456=DIRECTION('',(-0.888968641956629,-5.62941994572019E-17,0.457968070522157));
#457=DIRECTION('',(-0.888968641956629,-5.62941994572019E-17,0.457968070522157));
#458=DIRECTION('center_axis',(-1.,0.,0.));
#459=DIRECTION('ref_axis',(0.,-1.06515845681809E-10,1.));
#460=DIRECTION('center_axis',(1.,0.,0.));
#461=DIRECTION('ref_axis',(0.,-0.371847171054019,-0.928293962804414));
#462=DIRECTION('',(-1.,0.,0.));
#463=DIRECTION('center_axis',(1.,0.,0.));
#464=DIRECTION('ref_axis',(0.,-0.371847171054019,-0.928293962804414));
#465=DIRECTION('',(-1.,0.,0.));
#466=DIRECTION('center_axis',(1.,0.,0.));
#467=DIRECTION('ref_axis',(0.,-0.371847171054019,-0.928293962804414));
#468=DIRECTION('center_axis',(0.999998150357468,0.,0.00192335166890064));
#469=DIRECTION('ref_axis',(-0.00192335166890064,0.,0.999998150357468));
#470=DIRECTION('center_axis',(1.,0.,0.));
#471=DIRECTION('ref_axis',(0.,-0.93273922738882,0.360551707373724));
#472=DIRECTION('center_axis',(-0.999998150357468,-1.22311926218953E-16,
0.00192335166890067));
#473=DIRECTION('ref_axis',(0.00192335166890067,-7.56733827884275E-19,0.999998150357468));
#474=DIRECTION('center_axis',(-1.,0.,0.));
#475=DIRECTION('ref_axis',(0.,-1.,0.));
#476=DIRECTION('',(-0.515038074910058,0.85716730070211,-1.04972719113862E-16));
#477=DIRECTION('center_axis',(1.,0.,0.));
#478=DIRECTION('ref_axis',(0.,-1.,0.));
#479=DIRECTION('center_axis',(1.,0.,0.));
#480=DIRECTION('ref_axis',(0.,-1.,0.));
#481=DIRECTION('center_axis',(1.,0.,0.));
#482=DIRECTION('ref_axis',(0.,-1.,0.));
#483=DIRECTION('',(1.,0.,0.));
#484=DIRECTION('center_axis',(0.,0.341465075002426,-0.939894463518957));
#485=DIRECTION('ref_axis',(2.40515669806191E-15,-0.939894463518957,-0.341465075002426));
#486=DIRECTION('',(0.,-0.939894463518957,-0.341465075002426));
#487=DIRECTION('',(-1.,0.,0.));
#488=DIRECTION('',(2.40515669806191E-15,-0.939894463518957,-0.341465075002426));
#489=DIRECTION('',(-1.,0.,0.));
#490=DIRECTION('center_axis',(-1.,0.,0.));
#491=DIRECTION('ref_axis',(0.,-0.341465075002416,0.93989446351896));
#492=DIRECTION('center_axis',(-1.,0.,0.));
#493=DIRECTION('ref_axis',(0.,0.92819935403631,-0.372083269130147));
#494=DIRECTION('center_axis',(-1.,-1.97934641099777E-23,-2.31288939118723E-24));
#495=DIRECTION('ref_axis',(-1.75116931552128E-23,0.92819935403631,-0.372083269130147));
#496=DIRECTION('center_axis',(1.,1.97934641099777E-23,2.31288939118723E-24));
#497=DIRECTION('ref_axis',(-2.31288438727863E-24,-2.52806103162576E-7,0.999999999999968));
#498=DIRECTION('center_axis',(1.,0.,0.));
#499=DIRECTION('ref_axis',(0.,1.22464679914735E-16,1.));
#500=DIRECTION('center_axis',(1.,0.,0.));
#501=DIRECTION('ref_axis',(0.,1.22464679914735E-16,1.));
#502=DIRECTION('',(-1.35358744914524E-16,-1.98174810424986E-14,-1.));
#503=DIRECTION('',(1.,-1.05471203221159E-15,-1.35358744914503E-16));
#504=CARTESIAN_POINT('',(0.,0.,0.));
#505=CARTESIAN_POINT('',(0.,0.,0.));
#506=CARTESIAN_POINT('Origin',(70.0273052483332,-16.3419528584586,24.0059021100327));
#507=CARTESIAN_POINT('',(60.4883987206632,-16.3419528584611,9.01890236349672));
#508=CARTESIAN_POINT('',(62.11603896801,-16.3419528584634,9.85741030224803));
#509=CARTESIAN_POINT('',(70.0079123416427,-16.3419528584586,13.9230497985669));
#510=CARTESIAN_POINT('',(70.1632997917764,-6.40557182331149,25.247754515947));
#511=CARTESIAN_POINT('Ctrl Pts',(60.4883987206632,-16.3419528584635,9.01890236349672));
#512=CARTESIAN_POINT('Ctrl Pts',(60.8268140601889,-15.4566655944441,9.19324306885197));
#513=CARTESIAN_POINT('Ctrl Pts',(61.1692177712594,-14.5900214065817,9.44797569566599));
#514=CARTESIAN_POINT('Ctrl Pts',(62.2701830038388,-11.9552483719604,10.5026795821372));
#515=CARTESIAN_POINT('Ctrl Pts',(63.0386882581438,-10.3305936954878,11.5812155456878));
#516=CARTESIAN_POINT('Ctrl Pts',(64.0305333678726,-8.68992778694958,13.2818695401044));
#517=CARTESIAN_POINT('Ctrl Pts',(64.2216606294106,-8.39395528620697,13.6225907804723));
#518=CARTESIAN_POINT('Ctrl Pts',(64.7906093443677,-7.57883230392238,14.6686678061755));
#519=CARTESIAN_POINT('Ctrl Pts',(65.172313480557,-7.1157994651248,15.4109695099117));
#520=CARTESIAN_POINT('Ctrl Pts',(65.9374427292603,-6.37190595701337,16.947741739573));
#521=CARTESIAN_POINT('Ctrl Pts',(66.3187051571108,-6.08700598517462,17.7362294763199));
#522=CARTESIAN_POINT('Ctrl Pts',(66.992823717438,-5.7471862022271,19.1342359066525));
#523=CARTESIAN_POINT('Ctrl Pts',(67.2807732069554,-5.65141897106469,19.7322455887888));
#524=CARTESIAN_POINT('Ctrl Pts',(67.9982739221749,-5.53857162854701,21.2020873759655));
#525=CARTESIAN_POINT('Ctrl Pts',(68.430497222303,-5.57572768896733,22.0720173745433));
#526=CARTESIAN_POINT('Ctrl Pts',(69.2943122024638,-5.85403924730057,23.7268674053572));
#527=CARTESIAN_POINT('Ctrl Pts',(69.7223343402621,-6.08382666260137,24.5089203044657));
#528=CARTESIAN_POINT('Ctrl Pts',(70.1632997917764,-6.40557182331143,25.247754515947));
#529=CARTESIAN_POINT('',(70.0388746200869,-23.2245880758712,31.3761597523186));
#530=CARTESIAN_POINT('Ctrl Pts',(70.0388746200869,-23.2245880758712,31.3761597523186));
#531=CARTESIAN_POINT('Ctrl Pts',(70.0226540774026,-22.377255328751,32.1800463951888));
#532=CARTESIAN_POINT('Ctrl Pts',(70.0087548440791,-21.3370562144113,32.870905342753));
#533=CARTESIAN_POINT('Ctrl Pts',(69.988772643101,-18.9643340264175,33.8651336931852));
#534=CARTESIAN_POINT('Ctrl Pts',(69.9836312099501,-17.611326253377,34.1215520810498));
#535=CARTESIAN_POINT('Ctrl Pts',(69.9836312099501,-16.3419528584586,34.1215520810498));
#536=CARTESIAN_POINT('Ctrl Pts',(69.9836312099501,-15.0726476251942,34.1215520810498));
#537=CARTESIAN_POINT('Ctrl Pts',(69.9887720959376,-13.7197077368833,33.8651609994773));
#538=CARTESIAN_POINT('Ctrl Pts',(70.0096943105284,-11.2352245160245,32.8241614523595));
#539=CARTESIAN_POINT('Ctrl Pts',(70.0254811995579,-10.1036806145381,32.0395544564235));
#540=CARTESIAN_POINT('Ctrl Pts',(70.0618983599438,-8.32885522688724,30.2356028609451));
#541=CARTESIAN_POINT('Ctrl Pts',(70.0848934107679,-7.56602383457053,29.0991327332861));
#542=CARTESIAN_POINT('Ctrl Pts',(70.127231658173,-6.727052489437,27.0157069352113));
#543=CARTESIAN_POINT('Ctrl Pts',(70.1453495830441,-6.50515787037642,26.1263930970399));
#544=CARTESIAN_POINT('Ctrl Pts',(70.1632997917764,-6.40557182331147,25.247754515947));
#545=CARTESIAN_POINT('',(58.3608462703254,-11.0858451671365,39.2850296438069));
#546=CARTESIAN_POINT('Ctrl Pts',(58.3608462703254,-11.0858451671365,39.2850296438069));
#547=CARTESIAN_POINT('Ctrl Pts',(58.8117900634186,-11.7997190207099,39.2832255680524));
#548=CARTESIAN_POINT('Ctrl Pts',(59.2680779560721,-12.5079738717785,39.2317352065831));
#549=CARTESIAN_POINT('Ctrl Pts',(60.1835754831881,-13.8880180667614,39.0323781248081));
#550=CARTESIAN_POINT('Ctrl Pts',(60.6417934733064,-14.5588821872796,38.8866095301049));
#551=CARTESIAN_POINT('Ctrl Pts',(62.0013108097116,-16.4654926172187,38.3244716048842));
#552=CARTESIAN_POINT('Ctrl Pts',(62.91349015124,-17.6408927427919,37.7864901406439));
#553=CARTESIAN_POINT('Ctrl Pts',(64.3661542888581,-19.2666649798787,36.7251793915604));
#554=CARTESIAN_POINT('Ctrl Pts',(64.8784430571817,-19.7962678960615,36.3143573408839));
#555=CARTESIAN_POINT('Ctrl Pts',(66.8849984459443,-21.6742565280079,34.5896512794829));
#556=CARTESIAN_POINT('Ctrl Pts',(68.40301184426,-22.6863823923051,33.0426944329112));
#557=CARTESIAN_POINT('Ctrl Pts',(70.0388746200869,-23.2245880758712,31.3761597523186));
#558=CARTESIAN_POINT('',(70.2158159728929,-26.2380697113014,22.6838903562754));
#559=CARTESIAN_POINT('Ctrl Pts',(70.2158159728929,-26.2380697113014,22.6838903562754));
#560=CARTESIAN_POINT('Ctrl Pts',(69.6848378925281,-26.6316721022906,23.5494224593732));
#561=CARTESIAN_POINT('Ctrl Pts',(69.1717893270568,-26.8986394974396,24.476354287013));
#562=CARTESIAN_POINT('Ctrl Pts',(68.1384427266423,-27.1788266899916,26.4405069751705));
#563=CARTESIAN_POINT('Ctrl Pts',(67.6241519398004,-27.1768769449531,27.4713215906771));
#564=CARTESIAN_POINT('Ctrl Pts',(66.7732903015098,-26.9317886006194,29.200290163697));
#565=CARTESIAN_POINT('Ctrl Pts',(66.4335182488087,-26.7646775415044,29.8972704514088));
#566=CARTESIAN_POINT('Ctrl Pts',(65.3189131716033,-25.9988254683515,32.1584492409204));
#567=CARTESIAN_POINT('Ctrl Pts',(64.5358244368171,-25.1015643628028,33.7092160639872));
#568=CARTESIAN_POINT('Ctrl Pts',(62.9265063294156,-22.5122122661918,36.4693207024308));
#569=CARTESIAN_POINT('Ctrl Pts',(62.1537002549685,-20.9126063806283,37.5682233157838));
#570=CARTESIAN_POINT('Ctrl Pts',(60.8797591915275,-17.9039014444931,38.8309297541491));
#571=CARTESIAN_POINT('Ctrl Pts',(60.3753113599403,-16.604780059465,39.1732856267557));
#572=CARTESIAN_POINT('Ctrl Pts',(59.3608636875726,-13.8879900488249,39.5126114887483));
#573=CARTESIAN_POINT('Ctrl Pts',(58.8566154722641,-12.4804800807162,39.4933279760047));
#574=CARTESIAN_POINT('Ctrl Pts',(58.3605589815381,-11.0860411782026,39.2852552391656));
#575=CARTESIAN_POINT('',(70.3932280783554,-16.3419528584586,14.1215520810498));
#576=CARTESIAN_POINT('Ctrl Pts',(70.3932280783554,-16.3419528584586,14.1215520810498));
#577=CARTESIAN_POINT('Ctrl Pts',(70.3932280783554,-17.5838155724383,14.1215520810498));
#578=CARTESIAN_POINT('Ctrl Pts',(70.388091392261,-18.9093593799047,14.3670634692475));
#579=CARTESIAN_POINT('Ctrl Pts',(70.3672185431009,-21.3520003216622,15.36706473224));
#580=CARTESIAN_POINT('Ctrl Pts',(70.3514881559526,-22.4690981769825,16.1215529663722));
#581=CARTESIAN_POINT('Ctrl Pts',(70.3151768856878,-24.2456006151831,17.8689403448683));
#582=CARTESIAN_POINT('Ctrl Pts',(70.2921094753103,-25.0220378725231,18.9815764908909));
#583=CARTESIAN_POINT('Ctrl Pts',(70.2504166543237,-25.882226971926,21.0013526028024));
#584=CARTESIAN_POINT('Ctrl Pts',(70.2330345915445,-26.1162684738201,21.8454738789052));
#585=CARTESIAN_POINT('Ctrl Pts',(70.215815972893,-26.2380697113014,22.6838903562754));
#586=CARTESIAN_POINT('',(84.6110251129679,-16.3419528584586,21.4461041155127));
#587=CARTESIAN_POINT('',(70.0079123416427,-16.3419528584586,13.9230497985669));
#588=CARTESIAN_POINT('Origin',(84.6110251129679,-16.3419528584586,23.9803753958073));
#589=CARTESIAN_POINT('',(70.334740665571,-9.39605932083627,16.9274876551486));
#590=CARTESIAN_POINT('Ctrl Pts',(70.3347406655711,-9.39605932083629,16.9274876551486));
#591=CARTESIAN_POINT('Ctrl Pts',(70.3522777092902,-10.2700195408884,16.0836761064581));
#592=CARTESIAN_POINT('Ctrl Pts',(70.3674782998109,-11.3623033715827,15.3546199990823));
#593=CARTESIAN_POINT('Ctrl Pts',(70.388091392261,-13.7745463370126,14.3670634692475));
#594=CARTESIAN_POINT('Ctrl Pts',(70.3932280783554,-15.1000901444789,14.1215520810498));
#595=CARTESIAN_POINT('Ctrl Pts',(70.3932280783554,-16.3419528584586,14.1215520810498));
#596=CARTESIAN_POINT('',(62.1164836154182,-16.3413580845567,9.85763938277653));
#597=CARTESIAN_POINT('Ctrl Pts',(62.1164836154181,-16.3413580845566,9.85763938277653));
#598=CARTESIAN_POINT('Ctrl Pts',(63.0728332463821,-15.0621367195518,10.3503736392115));
#599=CARTESIAN_POINT('Ctrl Pts',(64.0506943954578,-13.8896020479249,11.02741105599));
#600=CARTESIAN_POINT('Ctrl Pts',(65.3941498363652,-12.5398050858942,12.1331059350339));
#601=CARTESIAN_POINT('Ctrl Pts',(65.7219671656203,-12.2298163930252,12.4159000036812));
#602=CARTESIAN_POINT('Ctrl Pts',(66.7542272331292,-11.321053348196,13.3405406905612));
#603=CARTESIAN_POINT('Ctrl Pts',(67.4670501622261,-10.7888279322283,14.027632218382));
#604=CARTESIAN_POINT('Ctrl Pts',(68.8973972684146,-9.94096572035459,15.4540628036687));
#605=CARTESIAN_POINT('Ctrl Pts',(69.6060867397889,-9.6196470271804,16.1820784899656));
#606=CARTESIAN_POINT('Ctrl Pts',(70.334740665571,-9.3960593208362,16.9274876551486));
#607=CARTESIAN_POINT('Ctrl Pts',(62.11603896801,-16.3419528584683,9.85741030224803));
#608=CARTESIAN_POINT('Ctrl Pts',(62.1161871829723,-16.3417545983643,9.85748665783259));
#609=CARTESIAN_POINT('Ctrl Pts',(62.116335398775,-16.3415563403937,9.85756301800876));
#610=CARTESIAN_POINT('Ctrl Pts',(62.1164836154181,-16.3413580845567,9.85763938277653));
#611=CARTESIAN_POINT('Origin',(-9.79197488703214,-16.3419528584586,24.1215520810498));
#612=CARTESIAN_POINT('',(19.4508608850222,-7.01456088189582,20.5160342381384));
#613=CARTESIAN_POINT('',(2.75525748393587,-7.01431156091313,20.5159663030375));
#614=CARTESIAN_POINT('',(-9.79197488703214,-7.0145605845704,20.5160350073126));
#615=CARTESIAN_POINT('',(-18.6409687652212,-9.61579169483467,31.521468026583));
#616=CARTESIAN_POINT('Ctrl Pts',(19.4508608850222,-7.01456088189583,20.5160342381384));
#617=CARTESIAN_POINT('Ctrl Pts',(19.1285080904486,-7.16950725262968,20.1151915303366));
#618=CARTESIAN_POINT('Ctrl Pts',(18.8060659387354,-7.35023807857705,19.7244682760207));
#619=CARTESIAN_POINT('Ctrl Pts',(17.8754011994791,-7.94273781713675,18.6343114834611));
#620=CARTESIAN_POINT('Ctrl Pts',(17.270986439105,-8.41485711222867,17.9718987204012));
#621=CARTESIAN_POINT('Ctrl Pts',(16.0556416583063,-9.50934463288621,16.7748674481215));
#622=CARTESIAN_POINT('Ctrl Pts',(15.449089093704,-10.1275808882158,16.2450468497804));
#623=CARTESIAN_POINT('Ctrl Pts',(14.232377093956,-11.4780043801258,15.3466064433533));
#624=CARTESIAN_POINT('Ctrl Pts',(13.6274308685289,-12.2054572759699,14.9811149594534));
#625=CARTESIAN_POINT('Ctrl Pts',(12.4115221444542,-13.7331811266619,14.433782466085));
#626=CARTESIAN_POINT('Ctrl Pts',(11.8049407709836,-14.527467531485,14.2541510063371));
#627=CARTESIAN_POINT('Ctrl Pts',(10.5876825626936,-16.1418129632559,14.0906797304813));
#628=CARTESIAN_POINT('Ctrl Pts',(9.98230737666451,-16.956256157859,14.1074789005309));
#629=CARTESIAN_POINT('Ctrl Pts',(8.76595619719834,-18.5633319218404,14.3376732069832));
#630=CARTESIAN_POINT('Ctrl Pts',(8.15935107114308,-19.3496137293833,14.5501292687053));
#631=CARTESIAN_POINT('Ctrl Pts',(6.94166604716826,-20.8536306347431,15.1603132766259));
#632=CARTESIAN_POINT('Ctrl Pts',(6.33594994269633,-21.5661002849405,15.556043194277));
#633=CARTESIAN_POINT('Ctrl Pts',(5.11926377133307,-22.8795667058155,16.511122915004));
#634=CARTESIAN_POINT('Ctrl Pts',(4.512643998387,-23.4753978327426,17.0666034500938));
#635=CARTESIAN_POINT('Ctrl Pts',(3.29463525927317,-24.5198865302787,18.3094231720895));
#636=CARTESIAN_POINT('Ctrl Pts',(2.68864947584848,-24.9648102800476,18.9925721749902));
#637=CARTESIAN_POINT('Ctrl Pts',(1.47171141496721,-25.67944206231,20.4513303538503));
#638=CARTESIAN_POINT('Ctrl Pts',(0.865080490871849,-25.9464142734948,21.2210635039017));
#639=CARTESIAN_POINT('Ctrl Pts',(-0.353172224579911,-26.288566461822,22.8083171069046));
#640=CARTESIAN_POINT('Ctrl Pts',(-0.959370750445275,-26.362394869226,23.620407175097));
#641=CARTESIAN_POINT('Ctrl Pts',(-2.1764875432066,-26.3118485371884,25.2443073493362));
#642=CARTESIAN_POINT('Ctrl Pts',(-2.78312118392669,-26.1878246629077,26.0496257038486));
#643=CARTESIAN_POINT('Ctrl Pts',(-4.00152948707309,-25.7478661446048,27.6127746629133));
#644=CARTESIAN_POINT('Ctrl Pts',(-4.60787466537634,-25.4332734633602,28.3651900262777));
#645=CARTESIAN_POINT('Ctrl Pts',(-5.5206146831648,-24.8301618932948,29.4238997669659));
#646=CARTESIAN_POINT('Ctrl Pts',(-5.82427962493679,-24.6081220121785,29.7637962869068));
#647=CARTESIAN_POINT('Ctrl Pts',(-6.73579530215786,-23.8826593245467,30.7392567285677));
#648=CARTESIAN_POINT('Ctrl Pts',(-7.34194929110092,-23.3219647128927,31.3282147407317));
#649=CARTESIAN_POINT('Ctrl Pts',(-8.55672142348686,-22.070276991391,32.3582762473775));
#650=CARTESIAN_POINT('Ctrl Pts',(-9.16141135351244,-21.3839761144122,32.7953685517662));
#651=CARTESIAN_POINT('Ctrl Pts',(-10.376624937728,-19.9215310281144,33.4940091613263));
#652=CARTESIAN_POINT('Ctrl Pts',(-10.9828222674792,-19.1507182378747,33.7531370345286));
#653=CARTESIAN_POINT('Ctrl Pts',(-12.1973619801348,-17.5632438150691,34.0797258280047));
#654=CARTESIAN_POINT('Ctrl Pts',(-12.8017076937328,-16.7525926821782,34.145921555409));
#655=CARTESIAN_POINT('Ctrl Pts',(-13.845270192054,-15.361693588995,34.090376466363));
#656=CARTESIAN_POINT('Ctrl Pts',(-14.28096324658,-14.7836681451242,34.0164971963586));
#657=CARTESIAN_POINT('Ctrl Pts',(-15.3723850227618,-13.362100637002,33.7071212657205));
#658=CARTESIAN_POINT('Ctrl Pts',(-16.0234554457318,-12.5366009267754,33.4103942606912));
#659=CARTESIAN_POINT('Ctrl Pts',(-17.332886826258,-10.9832447252815,32.6096613610038));
#660=CARTESIAN_POINT('Ctrl Pts',(-17.985977636781,-10.2623480915458,32.109156124348));
#661=CARTESIAN_POINT('Ctrl Pts',(-18.6409687652212,-9.61579169483464,31.521468026583));
#662=CARTESIAN_POINT('',(-18.7707592670472,-26.2911124379795,25.1286388008645));
#663=CARTESIAN_POINT('Ctrl Pts',(-18.6409687652212,-9.61579169483465,31.521468026583));
#664=CARTESIAN_POINT('Ctrl Pts',(-18.6259901406825,-10.4327269765276,32.2640221860305));
#665=CARTESIAN_POINT('Ctrl Pts',(-18.6132007819057,-11.4156303527113,32.8997515761775));
#666=CARTESIAN_POINT('Ctrl Pts',(-18.5937977925594,-13.7197077368833,33.8651609994773));
#667=CARTESIAN_POINT('Ctrl Pts',(-18.5886569065719,-15.0726476251942,34.1215520810498));
#668=CARTESIAN_POINT('Ctrl Pts',(-18.5886569065719,-16.3419528584586,34.1215520810498));
#669=CARTESIAN_POINT('Ctrl Pts',(-18.5886569065719,-17.611258091723,34.1215520810498));
#670=CARTESIAN_POINT('Ctrl Pts',(-18.5937977925594,-18.9641979800339,33.8651609994773));
#671=CARTESIAN_POINT('Ctrl Pts',(-18.6147200071502,-21.4486812008928,32.8241614523595));
#672=CARTESIAN_POINT('Ctrl Pts',(-18.6305068961797,-22.5802251023791,32.0395544564235));
#673=CARTESIAN_POINT('Ctrl Pts',(-18.6669240565656,-24.35505049003,30.235602860945));
#674=CARTESIAN_POINT('Ctrl Pts',(-18.6899191073897,-25.1178818823467,29.0991327332861));
#675=CARTESIAN_POINT('Ctrl Pts',(-18.733030210948,-25.9721680835798,26.9776754023386));
#676=CARTESIAN_POINT('Ctrl Pts',(-18.7520173523916,-26.1982736141388,26.0458073578449));
#677=CARTESIAN_POINT('Ctrl Pts',(-18.7707592670471,-26.2911124379795,25.1286388008645));
#678=CARTESIAN_POINT('',(-6.24827178383868,-16.3421180394158,14.121552082414));
#679=CARTESIAN_POINT('Ctrl Pts',(-18.7707592670472,-26.2911124379795,25.1286388008645));
#680=CARTESIAN_POINT('Ctrl Pts',(-18.5860448858674,-26.3159454319798,24.8833099574937));
#681=CARTESIAN_POINT('Ctrl Pts',(-18.4013305046877,-26.3317017410935,24.6370453157446));
#682=CARTESIAN_POINT('Ctrl Pts',(-18.2166161235079,-26.3383348686984,24.3905255097648));
#683=CARTESIAN_POINT('Ctrl Pts',(-18.0319162003636,-26.3449674771125,24.1440249994785));
#684=CARTESIAN_POINT('Ctrl Pts',(-17.8472162772193,-26.3424783228753,23.8972696382626));
#685=CARTESIAN_POINT('Ctrl Pts',(-17.662516354075,-26.3308730097444,23.6509416144893));
#686=CARTESIAN_POINT('Ctrl Pts',(-17.4778222794015,-26.3192680640925,23.4046213906231));
#687=CARTESIAN_POINT('Ctrl Pts',(-17.2931282047279,-26.2985475494574,23.1587287503528));
#688=CARTESIAN_POINT('Ctrl Pts',(-17.1084341300543,-26.2687691329171,22.9139434303914));
#689=CARTESIAN_POINT('Ctrl Pts',(-16.9237119576057,-26.2389861861436,22.6691208708874));
#690=CARTESIAN_POINT('Ctrl Pts',(-16.7389897851572,-26.2001426144932,22.425406240234));
#691=CARTESIAN_POINT('Ctrl Pts',(-16.5542676127086,-26.1523478504726,22.1834731093184));
#692=CARTESIAN_POINT('Ctrl Pts',(-16.3695419470456,-26.1045521826224,21.9415354032926));
#693=CARTESIAN_POINT('Ctrl Pts',(-16.1848162813826,-26.0478050402,21.7013795321387));
#694=CARTESIAN_POINT('Ctrl Pts',(-16.0000906157196,-25.9822669252123,21.4636685820321));
#695=CARTESIAN_POINT('Ctrl Pts',(-15.8153223188396,-25.9167136852576,21.2259027726993));
#696=CARTESIAN_POINT('Ctrl Pts',(-15.6305540219597,-25.8423654908919,20.9905832758939));
#697=CARTESIAN_POINT('Ctrl Pts',(-15.4457857250797,-25.7594330496121,20.7583591265448));
#698=CARTESIAN_POINT('Ctrl Pts',(-15.3206431017476,-25.7032633309084,20.6010748968292));
#699=CARTESIAN_POINT('Ctrl Pts',(-15.1955004784154,-25.6431568130438,20.4452102870649));
#700=CARTESIAN_POINT('Ctrl Pts',(-15.0703578550833,-25.579191707904,20.2909622520162));
#701=CARTESIAN_POINT('Ctrl Pts',(-14.8869608444231,-25.4854505927121,20.0649111450878));
#702=CARTESIAN_POINT('Ctrl Pts',(-14.7035638337629,-25.3833907760645,19.8422619563975));
#703=CARTESIAN_POINT('Ctrl Pts',(-14.5201668231027,-25.2732847956471,19.6236292462564));
#704=CARTESIAN_POINT('Ctrl Pts',(-14.3368064675255,-25.1632008218254,19.4050402336657));
#705=CARTESIAN_POINT('Ctrl Pts',(-14.1534461119484,-25.045074021056,19.1904663491863));
#706=CARTESIAN_POINT('Ctrl Pts',(-13.9700857563712,-24.91922375121,18.9804992674366));
#707=CARTESIAN_POINT('Ctrl Pts',(-13.7867491990818,-24.7933898154342,18.770559437254));
#708=CARTESIAN_POINT('Ctrl Pts',(-13.6034126417925,-24.6598345568882,18.5652254580591));
#709=CARTESIAN_POINT('Ctrl Pts',(-13.4200760845031,-24.518922217441,18.3650625168916));
#710=CARTESIAN_POINT('Ctrl Pts',(-13.2367285553549,-24.3780014450315,18.1648875968828));
#711=CARTESIAN_POINT('Ctrl Pts',(-13.0533810262068,-24.2297228717038,17.9698845659369));
#712=CARTESIAN_POINT('Ctrl Pts',(-12.8700334970587,-24.0744935561689,17.7805888767523));
#713=CARTESIAN_POINT('Ctrl Pts',(-12.6866897380661,-23.9192674325977,17.5912970800347));
#714=CARTESIAN_POINT('Ctrl Pts',(-12.5033459790735,-23.7570910329994,17.407712607477));
#715=CARTESIAN_POINT('Ctrl Pts',(-12.3200022200809,-23.5884115803857,17.2303376749087));
#716=CARTESIAN_POINT('Ctrl Pts',(-12.1366176106749,-23.41969454468,17.052923221828));
#717=CARTESIAN_POINT('Ctrl Pts',(-11.953233001269,-23.2444717545188,16.8817212786168));
#718=CARTESIAN_POINT('Ctrl Pts',(-11.769848391863,-23.0632281122073,16.7171980266204));
#719=CARTESIAN_POINT('Ctrl Pts',(-11.6365510756151,-22.9314870070765,16.5976105213082));
#720=CARTESIAN_POINT('Ctrl Pts',(-11.5032537593672,-22.7965656089623,16.4815509168324));
#721=CARTESIAN_POINT('Ctrl Pts',(-11.3699564431193,-22.6586615974747,16.3691853000959));
#722=CARTESIAN_POINT('Ctrl Pts',(-11.1860245022905,-22.4683730515762,16.2141362222111));
#723=CARTESIAN_POINT('Ctrl Pts',(-11.0020925614617,-22.2723461038014,16.0660747581583));
#724=CARTESIAN_POINT('Ctrl Pts',(-10.8181606206329,-22.0711163931046,15.9254136492465));
#725=CARTESIAN_POINT('Ctrl Pts',(-10.6342585330324,-21.8699193431652,15.7847753704543));
#726=CARTESIAN_POINT('Ctrl Pts',(-10.4503564454319,-21.6635214444993,15.6515352086354));
#727=CARTESIAN_POINT('Ctrl Pts',(-10.2664543578314,-21.4524885708037,15.5260634542848));
#728=CARTESIAN_POINT('Ctrl Pts',(-10.0825708703906,-21.2414770413201,15.400604390354));
#729=CARTESIAN_POINT('Ctrl Pts',(-9.89868738294986,-21.0258317124529,15.2829123074257));
#730=CARTESIAN_POINT('Ctrl Pts',(-9.71480389550908,-20.8061453006037,15.1733128218718));
#731=CARTESIAN_POINT('Ctrl Pts',(-9.5309054164852,-20.5864409782441,15.0637044009326));
#732=CARTESIAN_POINT('Ctrl Pts',(-9.34700693746132,-20.3626951627595,14.9621900228515));
#733=CARTESIAN_POINT('Ctrl Pts',(-9.16310845843743,-20.1355240832418,14.8690487785648));
#734=CARTESIAN_POINT('Ctrl Pts',(-8.97921235432149,-19.9083559374646,14.7759087371258));
#735=CARTESIAN_POINT('Ctrl Pts',(-8.79531625020554,-19.677762874906,14.6911417170644));
#736=CARTESIAN_POINT('Ctrl Pts',(-8.61142014608959,-19.4443806575862,14.61497847374));
#737=CARTESIAN_POINT('Ctrl Pts',(-8.42748471947726,-19.2109485361564,14.5387989444323));
#738=CARTESIAN_POINT('Ctrl Pts',(-8.24354929286492,-18.9747263331015,14.4712269554585));
#739=CARTESIAN_POINT('Ctrl Pts',(-8.05961386625259,-18.7363658458413,14.4124436541214));
#740=CARTESIAN_POINT('Ctrl Pts',(-7.92959425455353,-18.5678744433488,14.3708911258509));
#741=CARTESIAN_POINT('Ctrl Pts',(-7.79957464285447,-18.3983149286381,14.3337290402723));
#742=CARTESIAN_POINT('Ctrl Pts',(-7.66955503115541,-18.2279211221578,14.3010060825668));
#743=CARTESIAN_POINT('Ctrl Pts',(-7.48102951472123,-17.9808539301849,14.2535585289243));
#744=CARTESIAN_POINT('Ctrl Pts',(-7.29250399828705,-17.7319746843677,14.2154349127479));
#745=CARTESIAN_POINT('Ctrl Pts',(-7.10397848185288,-17.4819844808068,14.1867482128274));
#746=CARTESIAN_POINT('Ctrl Pts',(-6.91550281674815,-17.2320603815284,14.158069098459));
#747=CARTESIAN_POINT('Ctrl Pts',(-6.72702715164342,-16.9810261569853,14.1388219439575));
#748=CARTESIAN_POINT('Ctrl Pts',(-6.53855148653869,-16.7295892234659,14.1290680030778));
#749=CARTESIAN_POINT('Ctrl Pts',(-6.44179158563868,-16.6005061784138,14.1240605112492));
#750=CARTESIAN_POINT('Ctrl Pts',(-6.34503168473868,-16.4713170836697,14.1215542165362));
#751=CARTESIAN_POINT('Ctrl Pts',(-6.24827178383868,-16.3421180394158,14.121552082414));
#752=CARTESIAN_POINT('Ctrl Pts',(-6.24827178383868,-16.342118028635,14.1222047460445));
#753=CARTESIAN_POINT('Ctrl Pts',(-5.48856572895629,-15.3277836801005,14.1227808506297));
#754=CARTESIAN_POINT('Ctrl Pts',(-3.49539253675259,-12.666097680857,14.525512292657));
#755=CARTESIAN_POINT('Ctrl Pts',(-0.49421611417085,-9.14726026127483,16.6889873018245));
#756=CARTESIAN_POINT('Ctrl Pts',(1.74725425352849,-7.50070077776646,19.2614520007366));
#757=CARTESIAN_POINT('Ctrl Pts',(2.75525748390651,-7.01431156092729,20.5159663030009));
#758=CARTESIAN_POINT('Origin',(-9.79197488703214,-16.3419528584586,24.1215520810498));
#759=CARTESIAN_POINT('',(66.5517993265517,-7.01456067816856,20.5160347651762));
#760=CARTESIAN_POINT('',(49.8225895639917,-7.0145605845704,20.5160350073126));
#761=CARTESIAN_POINT('',(-9.79197488703214,-7.0145605845704,20.5160350073126));
#762=CARTESIAN_POINT('Ctrl Pts',(66.5517993265522,-7.01456067816832,20.5160347651768));
#763=CARTESIAN_POINT('Ctrl Pts',(66.4472515687665,-7.06480981093713,20.3860413891942));
#764=CARTESIAN_POINT('Ctrl Pts',(66.3426869459902,-7.11780207863317,20.2570324739526));
#765=CARTESIAN_POINT('Ctrl Pts',(65.8020276533955,-7.405737785363,19.5958037859276));
#766=CARTESIAN_POINT('Ctrl Pts',(65.367264923785,-7.68408102031838,19.0837204829955));
#767=CARTESIAN_POINT('Ctrl Pts',(64.3238536557302,-8.45325743616445,17.9226757377466));
#768=CARTESIAN_POINT('Ctrl Pts',(63.7179230952029,-8.98156918045657,17.3038064930884));
#769=CARTESIAN_POINT('Ctrl Pts',(62.5022911221056,-10.175063106774,16.2079408392654));
#770=CARTESIAN_POINT('Ctrl Pts',(61.8979629823839,-10.8360173137932,15.7345923478576));
#771=CARTESIAN_POINT('Ctrl Pts',(60.6832123543451,-12.2589160476918,14.9571127164421));
#772=CARTESIAN_POINT('Ctrl Pts',(60.0770814437102,-13.0153327100039,14.6562986689885));
#773=CARTESIAN_POINT('Ctrl Pts',(58.8611999157445,-14.5826179763513,14.244285940817));
#774=CARTESIAN_POINT('Ctrl Pts',(58.2568391320612,-15.3880447761051,14.1342396897039));
#775=CARTESIAN_POINT('Ctrl Pts',(57.3459086463317,-16.6039068310932,14.1167491710862));
#776=CARTESIAN_POINT('Ctrl Pts',(57.0421174736323,-17.0096059714585,14.1356206649001));
#777=CARTESIAN_POINT('Ctrl Pts',(56.1290020383572,-18.2203215114361,14.2660400006586));
#778=CARTESIAN_POINT('Ctrl Pts',(55.5214248178109,-19.0141902335611,14.4510357338374));
#779=CARTESIAN_POINT('Ctrl Pts',(54.3042320159197,-20.5397382817027,15.0090232342787));
#780=CARTESIAN_POINT('Ctrl Pts',(53.6985251055969,-21.2655600359302,15.3798476993592));
#781=CARTESIAN_POINT('Ctrl Pts',(52.4808789455352,-22.6113765004827,16.2886958026855));
#782=CARTESIAN_POINT('Ctrl Pts',(51.8733306788999,-23.2265091851555,16.8234373024201));
#783=CARTESIAN_POINT('Ctrl Pts',(50.6562314488625,-24.3138581710259,18.0299115377101));
#784=CARTESIAN_POINT('Ctrl Pts',(50.0506445002617,-24.7819462955246,18.6970111435761));
#785=CARTESIAN_POINT('Ctrl Pts',(48.8332380315782,-25.5464443267457,20.129503804539));
#786=CARTESIAN_POINT('Ctrl Pts',(48.2257691202672,-25.8400778639628,20.8896871853369));
#787=CARTESIAN_POINT('Ctrl Pts',(47.0088255036326,-26.2370244452216,22.4642528399444));
#788=CARTESIAN_POINT('Ctrl Pts',(46.4033792721523,-26.3388672681438,23.2726537504923));
#789=CARTESIAN_POINT('Ctrl Pts',(45.1863063496966,-26.344900028362,24.896040702059));
#790=CARTESIAN_POINT('Ctrl Pts',(44.5789991030981,-26.2490896979712,25.7050810242616));
#791=CARTESIAN_POINT('Ctrl Pts',(43.3622745201831,-25.8640010335396,27.2821531607669));
#792=CARTESIAN_POINT('Ctrl Pts',(42.7569652200685,-25.5761892508848,28.0442539016906));
#793=CARTESIAN_POINT('Ctrl Pts',(41.5402996137268,-24.8228781671443,29.4817940807366));
#794=CARTESIAN_POINT('Ctrl Pts',(40.9332385772528,-24.3602147367403,30.1519603793505));
#795=CARTESIAN_POINT('Ctrl Pts',(39.7168131114541,-23.2830727711233,31.3658150193739));
#796=CARTESIAN_POINT('Ctrl Pts',(39.111649723835,-22.6725965639539,31.9049591409667));
#797=CARTESIAN_POINT('Ctrl Pts',(37.895499171062,-21.3352909138782,32.8235154256909));
#798=CARTESIAN_POINT('Ctrl Pts',(37.2887871095044,-20.6135007035699,33.1996268775781));
#799=CARTESIAN_POINT('Ctrl Pts',(36.07275599528,-19.0946760749489,33.7693849044491));
#800=CARTESIAN_POINT('Ctrl Pts',(35.467741289849,-18.3032163717519,33.9608442018));
#801=CARTESIAN_POINT('Ctrl Pts',(34.2522226717574,-16.6924237527289,34.1482078351041));
#802=CARTESIAN_POINT('Ctrl Pts',(33.6459859453672,-15.8791382349581,34.1436444987379));
#803=CARTESIAN_POINT('Ctrl Pts',(32.430461967438,-14.2708720732922,33.938294676494));
#804=CARTESIAN_POINT('Ctrl Pts',(31.8255968210929,-13.4817778002261,33.7380666069206));
#805=CARTESIAN_POINT('Ctrl Pts',(30.610857096982,-11.9707467900341,33.1519442539696));
#806=CARTESIAN_POINT('Ctrl Pts',(30.0052486839997,-11.2543536500921,32.768605707341));
#807=CARTESIAN_POINT('Ctrl Pts',(28.7903664107606,-9.92870528370884,31.8369715313416));
#808=CARTESIAN_POINT('Ctrl Pts',(28.1856583642358,-9.32441365198311,31.2917552995344));
#809=CARTESIAN_POINT('Ctrl Pts',(26.9718692286166,-8.26230281736197,30.0690804660595));
#810=CARTESIAN_POINT('Ctrl Pts',(26.3670737642391,-7.80807357179993,29.3966264480239));
#811=CARTESIAN_POINT('Ctrl Pts',(25.1546309733001,-7.07154926289084,27.9573235065996));
#812=CARTESIAN_POINT('Ctrl Pts',(24.5516923974423,-6.79185949326748,27.195566415403));
#813=CARTESIAN_POINT('Ctrl Pts',(23.3379655580632,-6.42148122466056,25.618872820556));
#814=CARTESIAN_POINT('Ctrl Pts',(22.7314899600125,-6.33277845569576,24.8098336677844));
#815=CARTESIAN_POINT('Ctrl Pts',(21.516326368566,-6.35261011805304,23.1897265468759));
#816=CARTESIAN_POINT('Ctrl Pts',(20.9125712243217,-6.46076471097519,22.3843754593602));
#817=CARTESIAN_POINT('Ctrl Pts',(20.0206141191796,-6.76081431993072,21.2324986560458));
#818=CARTESIAN_POINT('Ctrl Pts',(19.7357692346415,-6.8776130548305,20.870315126219));
#819=CARTESIAN_POINT('Ctrl Pts',(19.4508608850222,-7.01456088189584,20.5160342381384));
#820=CARTESIAN_POINT('',(40.8189282428046,-16.3421110229365,14.1215520823006));
#821=CARTESIAN_POINT('Ctrl Pts',(2.75525748390651,-7.01431156092729,20.5159663030009));
#822=CARTESIAN_POINT('Ctrl Pts',(2.98072139084978,-6.90551903941671,20.7965682766659));
#823=CARTESIAN_POINT('Ctrl Pts',(4.43965243511437,-6.28379867942759,22.6439026380829));
#824=CARTESIAN_POINT('Ctrl Pts',(7.13205061670025,-6.16673962088126,26.3477862305515));
#825=CARTESIAN_POINT('Ctrl Pts',(10.8324520286642,-8.43869436270765,30.9060640353785));
#826=CARTESIAN_POINT('Ctrl Pts',(14.5328534406281,-12.6002863477799,33.8422027079088));
#827=CARTESIAN_POINT('Ctrl Pts',(18.233254852592,-17.6564920907504,34.4541744114143));
#828=CARTESIAN_POINT('Ctrl Pts',(21.9336562645559,-22.3983983478584,32.5956642842888));
#829=CARTESIAN_POINT('Ctrl Pts',(25.6340576765198,-25.6922352669919,28.7110314955505));
#830=CARTESIAN_POINT('Ctrl Pts',(29.3344590884838,-26.7504624286913,23.7290751702271));
#831=CARTESIAN_POINT('Ctrl Pts',(33.0348605004477,-25.3200610507963,18.8409582790364));
#832=CARTESIAN_POINT('Ctrl Pts',(36.7352619124116,-21.743036296472,15.2154073156529));
#833=CARTESIAN_POINT('Ctrl Pts',(39.3299511509828,-18.3293544258982,14.1663330238794));
#834=CARTESIAN_POINT('Ctrl Pts',(40.6911732522327,-16.512623476182,14.1208060973053));
#835=CARTESIAN_POINT('Ctrl Pts',(40.8189282161613,-16.3421110682381,14.1209361863236));
#836=CARTESIAN_POINT('Ctrl Pts',(40.8189282428046,-16.3421110229365,14.1215520823006));
#837=CARTESIAN_POINT('Ctrl Pts',(41.0020688707747,-16.0976913547136,14.1215482164497));
#838=CARTESIAN_POINT('Ctrl Pts',(41.1852094987448,-15.8532329830624,14.1305098398464));
#839=CARTESIAN_POINT('Ctrl Pts',(41.368350126715,-15.609406343813,14.1484193934796));
#840=CARTESIAN_POINT('Ctrl Pts',(41.5514609769875,-15.3656193494858,14.1663260351142));
#841=CARTESIAN_POINT('Ctrl Pts',(41.73457182726,-15.1224641652771,14.1931776820207));
#842=CARTESIAN_POINT('Ctrl Pts',(41.9176826775325,-14.8806078948303,14.2289047661356));
#843=CARTESIAN_POINT('Ctrl Pts',(42.1025478490997,-14.636434483674,14.2649741390028));
#844=CARTESIAN_POINT('Ctrl Pts',(42.2874130206669,-14.3935852968258,14.3100898734245));
#845=CARTESIAN_POINT('Ctrl Pts',(42.4722781922342,-14.1527392991164,14.3641270113097));
#846=CARTESIAN_POINT('Ctrl Pts',(42.6553881024486,-13.9141800905744,14.4176510763487));
#847=CARTESIAN_POINT('Ctrl Pts',(42.8384980126629,-13.6775864742577,14.4799277899097));
#848=CARTESIAN_POINT('Ctrl Pts',(43.0216079228773,-13.4436067512905,14.5507846174101));
#849=CARTESIAN_POINT('Ctrl Pts',(43.207350725121,-13.2062626918606,14.6226602776769));
#850=CARTESIAN_POINT('Ctrl Pts',(43.3930935273647,-12.9716085580307,14.7033646014265));
#851=CARTESIAN_POINT('Ctrl Pts',(43.5788363296084,-12.7403046358429,14.7926652192356));
#852=CARTESIAN_POINT('Ctrl Pts',(43.764579131852,-12.5090007136552,14.8819658370447));
#853=CARTESIAN_POINT('Ctrl Pts',(43.9503219340957,-12.2810472840168,14.9798626316566));
#854=CARTESIAN_POINT('Ctrl Pts',(44.1360647363394,-12.0570838644566,15.0860721433685));
#855=CARTESIAN_POINT('Ctrl Pts',(44.3198268390519,-11.8355087163922,15.191149072135));
#856=CARTESIAN_POINT('Ctrl Pts',(44.5035889417644,-11.6177668570891,15.3043963868282));
#857=CARTESIAN_POINT('Ctrl Pts',(44.6873510444769,-11.4044603235441,15.4255088734948));
#858=CARTESIAN_POINT('Ctrl Pts',(44.8710814890767,-11.1911905379583,15.5466004951806));
#859=CARTESIAN_POINT('Ctrl Pts',(45.0548119336766,-10.9823547960591,15.6755544458231));
#860=CARTESIAN_POINT('Ctrl Pts',(45.2385423782764,-10.7785298408208,15.8120199445924));
#861=CARTESIAN_POINT('Ctrl Pts',(45.4222529307825,-10.5747269532651,15.9484706685404));
#862=CARTESIAN_POINT('Ctrl Pts',(45.6059634832886,-10.3759340016352,16.0924311611368));
#863=CARTESIAN_POINT('Ctrl Pts',(45.7896740357948,-10.1826989586631,16.243507184132));
#864=CARTESIAN_POINT('Ctrl Pts',(45.973398857873,-9.98944890631146,16.3945949418379));
#865=CARTESIAN_POINT('Ctrl Pts',(46.1571236799513,-9.8017578476418,16.5527991643425));
#866=CARTESIAN_POINT('Ctrl Pts',(46.3408485020295,-9.62014187264761,16.7176843707898));
#867=CARTESIAN_POINT('Ctrl Pts',(46.5245708223693,-9.43852837067627,16.8825673320333));
#868=CARTESIAN_POINT('Ctrl Pts',(46.708293142709,-9.26298999278633,17.0541309056011));
#869=CARTESIAN_POINT('Ctrl Pts',(46.8920154630487,-9.09400759296268,17.2319011879802));
#870=CARTESIAN_POINT('Ctrl Pts',(47.0757780860613,-8.92498812392308,17.4097104673494));
#871=CARTESIAN_POINT('Ctrl Pts',(47.2595407090738,-8.76252770029275,17.593728973891));
#872=CARTESIAN_POINT('Ctrl Pts',(47.4433033320863,-8.60706928387556,17.7834469945397));
#873=CARTESIAN_POINT('Ctrl Pts',(47.5743576041586,-8.49620076628979,17.9187484866904));
#874=CARTESIAN_POINT('Ctrl Pts',(47.705411876231,-8.38889277268984,18.0569480805447));
#875=CARTESIAN_POINT('Ctrl Pts',(47.8364661483033,-8.28529333195703,18.1978507656532));
#876=CARTESIAN_POINT('Ctrl Pts',(48.0202409155188,-8.14001792198173,18.3954357641915));
#877=CARTESIAN_POINT('Ctrl Pts',(48.2040156827342,-8.00199241696605,18.5983975678096));
#878=CARTESIAN_POINT('Ctrl Pts',(48.3877904499496,-7.87160221273377,18.8061819209886));
#879=CARTESIAN_POINT('Ctrl Pts',(48.5715311645225,-7.74123616922325,19.0139277726561));
#880=CARTESIAN_POINT('Ctrl Pts',(48.7552718790954,-7.61850275046254,19.2264941528792));
#881=CARTESIAN_POINT('Ctrl Pts',(48.9390125936683,-7.50374346259639,19.4432987023952));
#882=CARTESIAN_POINT('Ctrl Pts',(49.1227418094394,-7.38899135655875,19.6600896839193));
#883=CARTESIAN_POINT('Ctrl Pts',(49.3064710252105,-7.2822125173677,19.8811180587063));
#884=CARTESIAN_POINT('Ctrl Pts',(49.4902002409816,-7.18370255639919,20.1057767630285));
#885=CARTESIAN_POINT('Ctrl Pts',(49.600996681985,-7.12429690862084,20.2412554062855));
#886=CARTESIAN_POINT('Ctrl Pts',(49.7117931229884,-7.06789742455258,20.3780537915843));
#887=CARTESIAN_POINT('Ctrl Pts',(49.8225895639917,-7.0145605845704,20.5160350073126));
#888=CARTESIAN_POINT('Origin',(-18.632330944955,-16.3419528584586,24.0059021100327));
#889=CARTESIAN_POINT('',(-9.17150752302384,-16.341952858458,9.05912826977493));
#890=CARTESIAN_POINT('',(-10.7905609245482,-16.3419528584576,9.89321254156257));
#891=CARTESIAN_POINT('',(-18.6129380382645,-16.3419528584586,13.9230497985669));
#892=CARTESIAN_POINT('',(-9.17159697268804,-16.3421864312205,9.05917435318777));
#893=CARTESIAN_POINT('Ctrl Pts',(-9.17159697268804,-16.3421864312205,9.05917435318777));
#894=CARTESIAN_POINT('Ctrl Pts',(-9.17156715609408,-16.3421085737599,9.05915899142295));
#895=CARTESIAN_POINT('Ctrl Pts',(-9.17153733953934,-16.3420307161722,9.05914363028533));
#896=CARTESIAN_POINT('Ctrl Pts',(-9.17150752302384,-16.3419528584575,9.05912826977493));
#897=CARTESIAN_POINT('Ctrl Pts',(-18.7707592670472,-26.2911124379795,25.1286388008645));
#898=CARTESIAN_POINT('Ctrl Pts',(-18.2566674008774,-26.6559402554728,24.2621929758052));
#899=CARTESIAN_POINT('Ctrl Pts',(-17.7603722621416,-26.8946434795145,23.339082297285));
#900=CARTESIAN_POINT('Ctrl Pts',(-16.7568868508499,-27.1209830988988,21.3836277725515));
#901=CARTESIAN_POINT('Ctrl Pts',(-16.2556825749011,-27.0916781530148,20.3577138370032));
#902=CARTESIAN_POINT('Ctrl Pts',(-15.4233119380067,-26.8013237951129,18.6385103318886));
#903=CARTESIAN_POINT('Ctrl Pts',(-15.0891767109438,-26.6146252732551,17.9439927070818));
#904=CARTESIAN_POINT('Ctrl Pts',(-14.3704342439627,-26.069840914441,16.4720520663063));
#905=CARTESIAN_POINT('Ctrl Pts',(-13.9891955441119,-25.6882833821316,15.7057685650576));
#906=CARTESIAN_POINT('Ctrl Pts',(-13.4282258967465,-25.0028444604518,14.6265393542645));
#907=CARTESIAN_POINT('Ctrl Pts',(-13.2444939554905,-24.7577435395423,14.280964478004));
#908=CARTESIAN_POINT('Ctrl Pts',(-12.7360298192318,-24.0249051849856,13.3510862571086));
#909=CARTESIAN_POINT('Ctrl Pts',(-12.4158014436469,-23.5004011648843,12.7963295278594));
#910=CARTESIAN_POINT('Ctrl Pts',(-11.6015814986103,-22.0314709036376,11.4910408400401));
#911=CARTESIAN_POINT('Ctrl Pts',(-11.1157650474634,-21.0242698804078,10.8153818433506));
#912=CARTESIAN_POINT('Ctrl Pts',(-10.1369739361126,-18.8039416662353,9.71333066200421));
#913=CARTESIAN_POINT('Ctrl Pts',(-9.65073011498657,-17.5933048460201,9.30602785564434));
#914=CARTESIAN_POINT('Ctrl Pts',(-9.17159697268804,-16.3421864312205,9.05917435318777));
#915=CARTESIAN_POINT('',(-6.87967321205753,-22.0383973907173,39.1739209396581));
#916=CARTESIAN_POINT('Ctrl Pts',(-6.8798891508098,-22.0384823369127,39.1737193217569));
#917=CARTESIAN_POINT('Ctrl Pts',(-7.33360719982342,-21.3191573649764,39.1925163615922));
#918=CARTESIAN_POINT('Ctrl Pts',(-7.79272392429362,-20.604170268865,39.1608093396112));
#919=CARTESIAN_POINT('Ctrl Pts',(-8.71424987866156,-19.2079326952913,38.9986574791099));
#920=CARTESIAN_POINT('Ctrl Pts',(-9.17543293262796,-18.5279288544817,38.8703757530032));
#921=CARTESIAN_POINT('Ctrl Pts',(-10.5438042107586,-16.5915300971963,38.3560878280378));
#922=CARTESIAN_POINT('Ctrl Pts',(-11.4619174591515,-15.3929187141897,37.8452480424797));
#923=CARTESIAN_POINT('Ctrl Pts',(-12.924889080924,-13.7273631028661,36.8174638047661));
#924=CARTESIAN_POINT('Ctrl Pts',(-13.4409800510311,-13.1832927000885,36.4166923225968));
#925=CARTESIAN_POINT('Ctrl Pts',(-14.7265999325805,-11.9527749795075,35.3406734764903));
#926=CARTESIAN_POINT('Ctrl Pts',(-15.5014347620799,-11.3171943359118,34.626583114581));
#927=CARTESIAN_POINT('Ctrl Pts',(-17.0636473010224,-10.2909850874264,33.114825533255));
#928=CARTESIAN_POINT('Ctrl Pts',(-17.840223598562,-9.89599715908833,32.3310807190329));
#929=CARTESIAN_POINT('Ctrl Pts',(-18.6409687652212,-9.61579169483466,31.521468026583));
#930=CARTESIAN_POINT('',(-18.8177778342321,-6.42530583551071,22.8330988136557));
#931=CARTESIAN_POINT('Ctrl Pts',(-18.8177778342321,-6.42530583551071,22.8330988136557));
#932=CARTESIAN_POINT('Ctrl Pts',(-18.2808985292067,-6.04063204174885,23.7134819226183));
#933=CARTESIAN_POINT('Ctrl Pts',(-17.762357396492,-5.7861690410305,24.6545938797862));
#934=CARTESIAN_POINT('Ctrl Pts',(-16.7179648105252,-5.53815893560084,26.6445849232917));
#935=CARTESIAN_POINT('Ctrl Pts',(-16.1984168578677,-5.56003880164378,27.6864046261545));
#936=CARTESIAN_POINT('Ctrl Pts',(-15.3386639835964,-5.8436480972677,29.4295165380667));
#937=CARTESIAN_POINT('Ctrl Pts',(-14.9953506986865,-6.02772476446747,30.130768194576));
#938=CARTESIAN_POINT('Ctrl Pts',(-13.8759312911021,-6.84814307254486,32.386656406593));
#939=CARTESIAN_POINT('Ctrl Pts',(-13.0925689748183,-7.78191137747053,33.9193546604479));
#940=CARTESIAN_POINT('Ctrl Pts',(-11.4829746868632,-10.4355779748608,36.6249433268978));
#941=CARTESIAN_POINT('Ctrl Pts',(-10.7098039563921,-12.0614844105195,37.6898108649103));
#942=CARTESIAN_POINT('Ctrl Pts',(-9.42872436865521,-15.1184873646681,38.8934922295034));
#943=CARTESIAN_POINT('Ctrl Pts',(-8.91806032374002,-16.4435960361392,39.2090814687795));
#944=CARTESIAN_POINT('Ctrl Pts',(-7.89124055379893,-19.2056842253252,39.4830619038521));
#945=CARTESIAN_POINT('Ctrl Pts',(-7.38137190504169,-20.6313050637532,39.4249642641574));
#946=CARTESIAN_POINT('Ctrl Pts',(-6.87965392716486,-22.0383809246519,39.1738881773102));
#947=CARTESIAN_POINT('',(-18.9982537749772,-16.3419528584586,14.1215520810498));
#948=CARTESIAN_POINT('Ctrl Pts',(-18.9982537749772,-16.3419528584586,14.1215520810498));
#949=CARTESIAN_POINT('Ctrl Pts',(-18.9982537749772,-15.1000901444789,14.1215520810498));
#950=CARTESIAN_POINT('Ctrl Pts',(-18.9931170888828,-13.7745463370126,14.3670634692475));
#951=CARTESIAN_POINT('Ctrl Pts',(-18.9722442397227,-11.331905395255,15.36706473224));
#952=CARTESIAN_POINT('Ctrl Pts',(-18.9565138525744,-10.2148075399347,16.1215529663722));
#953=CARTESIAN_POINT('Ctrl Pts',(-18.9202025823096,-8.43830510173416,17.8689403448683));
#954=CARTESIAN_POINT('Ctrl Pts',(-18.897135171932,-7.66186784439414,18.9815764908908));
#955=CARTESIAN_POINT('Ctrl Pts',(-18.8544647576095,-6.78150944218746,21.0487113475543));
#956=CARTESIAN_POINT('Ctrl Pts',(-18.8359923017429,-6.54057545184716,21.9459202666284));
#957=CARTESIAN_POINT('Ctrl Pts',(-18.8177778342321,-6.4253058355107,22.8330988136557));
#958=CARTESIAN_POINT('',(-33.2739748870321,-16.3419528581919,21.4759447383773));
#959=CARTESIAN_POINT('',(-18.6129380382645,-16.3419528584586,13.9230497985669));
#960=CARTESIAN_POINT('Origin',(-33.2739748870321,-16.3419528584586,23.9802341391744));
#961=CARTESIAN_POINT('',(-18.9406080723145,-23.2456552622651,16.8869896810371));
#962=CARTESIAN_POINT('Ctrl Pts',(-18.9406080723145,-23.2456552622651,16.8869896810371));
#963=CARTESIAN_POINT('Ctrl Pts',(-18.9577953848495,-22.3791113092748,16.0600755927362));
#964=CARTESIAN_POINT('Ctrl Pts',(-18.9726671320236,-21.3025114358802,15.3468043053225));
#965=CARTESIAN_POINT('Ctrl Pts',(-18.9931170888828,-18.9093593799047,14.3670634692475));
#966=CARTESIAN_POINT('Ctrl Pts',(-18.9982537749772,-17.5838155724383,14.1215520810498));
#967=CARTESIAN_POINT('Ctrl Pts',(-18.9982537749772,-16.3419528584586,14.1215520810498));
#968=CARTESIAN_POINT('',(-10.7910273076372,-16.3425755527759,9.8934528208488));
#969=CARTESIAN_POINT('Ctrl Pts',(-10.7910273076372,-16.3425755527759,9.89345282084879));
#970=CARTESIAN_POINT('Ctrl Pts',(-11.7400307645124,-17.6096215940619,10.3824046906308));
#971=CARTESIAN_POINT('Ctrl Pts',(-12.7101229678892,-18.7712631350256,11.0525807648449));
#972=CARTESIAN_POINT('Ctrl Pts',(-14.0421224612396,-20.1102485669235,12.1456530333823));
#973=CARTESIAN_POINT('Ctrl Pts',(-14.3673209080186,-20.418086093936,12.425335316276));
#974=CARTESIAN_POINT('Ctrl Pts',(-15.3909591889667,-21.3208575199163,13.339447374008));
#975=CARTESIAN_POINT('Ctrl Pts',(-16.0976824111442,-21.8504693425416,14.0185297484266));
#976=CARTESIAN_POINT('Ctrl Pts',(-17.5156876357685,-22.6969485605172,15.4288896293084));
#977=CARTESIAN_POINT('Ctrl Pts',(-18.2183469279914,-23.0193142722078,16.1490960850867));
#978=CARTESIAN_POINT('Ctrl Pts',(-18.9406080723145,-23.245655262265,16.8869896810371));
#979=CARTESIAN_POINT('Ctrl Pts',(-10.7905609245482,-16.3419528584566,9.89321254156258));
#980=CARTESIAN_POINT('Ctrl Pts',(-10.7907163847147,-16.342160425665,9.89329262964344));
#981=CARTESIAN_POINT('Ctrl Pts',(-10.7908718457443,-16.3423679904382,9.89337272273886));
#982=CARTESIAN_POINT('Ctrl Pts',(-10.7910273076372,-16.3425755527759,9.8934528208488));
#983=CARTESIAN_POINT('Origin',(-9.79197488703214,-16.3419528584586,24.1215520810498));
#984=CARTESIAN_POINT('',(7.44683199079393,-12.6234811468197,33.4044917086538));
#985=CARTESIAN_POINT('',(-8.93004871454902,-12.6234811479184,33.4044917090939));
#986=CARTESIAN_POINT('',(-9.79197488703214,-12.6234811479184,33.4044917090939));
#987=CARTESIAN_POINT('Ctrl Pts',(7.44683199079393,-12.6234811468197,33.4044917086538));
#988=CARTESIAN_POINT('Ctrl Pts',(7.4450068008716,-12.6212212939131,33.4035864782588));
#989=CARTESIAN_POINT('Ctrl Pts',(7.44318159388899,-12.6189617467765,33.4026804127218));
#990=CARTESIAN_POINT('Ctrl Pts',(6.83259670454311,-11.8631869493259,33.0992986074923));
#991=CARTESIAN_POINT('Ctrl Pts',(6.22707275287131,-11.1491170811707,32.7060982055251));
#992=CARTESIAN_POINT('Ctrl Pts',(5.01122556078064,-9.83203095623101,31.7556823216519));
#993=CARTESIAN_POINT('Ctrl Pts',(4.40519989219872,-9.23420359217111,31.2023837638247));
#994=CARTESIAN_POINT('Ctrl Pts',(3.18799542022466,-8.1851994203569,29.9633732898755));
#995=CARTESIAN_POINT('Ctrl Pts',(2.58223935027819,-7.73775781405852,29.2817914208337));
#996=CARTESIAN_POINT('Ctrl Pts',(1.67039725417861,-7.19789765678151,28.1898139737916));
#997=CARTESIAN_POINT('Ctrl Pts',(1.36703246915621,-7.04046497139159,27.815697768617));
#998=CARTESIAN_POINT('Ctrl Pts',(0.456473400041276,-6.63801858972803,26.6689964604031));
#999=CARTESIAN_POINT('Ctrl Pts',(-0.149049395558657,-6.46362371177343,25.8750366309456));
#1000=CARTESIAN_POINT('Ctrl Pts',(-1.36241854947862,-6.31015584595009,24.2619726107364));
#1001=CARTESIAN_POINT('Ctrl Pts',(-1.96632479308916,-6.33175196971965,23.448988905909));
#1002=CARTESIAN_POINT('Ctrl Pts',(-3.18007188877606,-6.57054050438916,21.8466116254032));
#1003=CARTESIAN_POINT('Ctrl Pts',(-3.78561701039193,-6.78677528778142,21.0630204000188));
#1004=CARTESIAN_POINT('Ctrl Pts',(-4.99875609713359,-7.40353774532364,19.565162249181));
#1005=CARTESIAN_POINT('Ctrl Pts',(-5.6023060943048,-7.80173665935965,18.856520693685));
#1006=CARTESIAN_POINT('Ctrl Pts',(-6.81570012957207,-8.7603002877781,17.5508178666798));
#1007=CARTESIAN_POINT('Ctrl Pts',(-7.4212825732122,-9.31716277877418,16.9585660623783));
#1008=CARTESIAN_POINT('Ctrl Pts',(-8.63432279812882,-10.5611728618997,15.9216810987349));
#1009=CARTESIAN_POINT('Ctrl Pts',(-9.23760658223409,-11.2436375425206,15.4808067119795));
#1010=CARTESIAN_POINT('Ctrl Pts',(-10.4507996781955,-12.7004052614327,14.7730007259565));
#1011=CARTESIAN_POINT('Ctrl Pts',(-11.0564758680995,-13.4693799448622,14.5088224947724));
#1012=CARTESIAN_POINT('Ctrl Pts',(-12.2692896813509,-15.053011870687,14.1720271110348));
#1013=CARTESIAN_POINT('Ctrl Pts',(-12.8720955892149,-15.8618105654011,14.100374907258));
#1014=CARTESIAN_POINT('Ctrl Pts',(-13.9333678732988,-17.2780962418462,14.1469180072936));
#1015=CARTESIAN_POINT('Ctrl Pts',(-14.3882190541198,-17.8825802252823,14.2222663877285));
#1016=CARTESIAN_POINT('Ctrl Pts',(-15.5282021832312,-19.368013609302,14.5467951324517));
#1017=CARTESIAN_POINT('Ctrl Pts',(-16.2080499216266,-20.2290358054229,14.8628035709428));
#1018=CARTESIAN_POINT('Ctrl Pts',(-17.5752710380546,-21.8415938989993,15.7199095198058));
#1019=CARTESIAN_POINT('Ctrl Pts',(-18.2568206540641,-22.5852737939032,16.2568095984726));
#1020=CARTESIAN_POINT('Ctrl Pts',(-18.9406080723145,-23.245655262265,16.8869896810371));
#1021=CARTESIAN_POINT('Ctrl Pts',(-18.8177778342321,-6.4253058355107,22.8330988136557));
#1022=CARTESIAN_POINT('Ctrl Pts',(-18.6329303863998,-6.39353516809696,23.0776233939401));
#1023=CARTESIAN_POINT('Ctrl Pts',(-18.4480829385674,-6.37081085739044,23.3233403964593));
#1024=CARTESIAN_POINT('Ctrl Pts',(-18.2632354907351,-6.35719864745514,23.5695707898372));
#1025=CARTESIAN_POINT('Ctrl Pts',(-18.078402452156,-6.34358749862068,23.8157819890302));
#1026=CARTESIAN_POINT('Ctrl Pts',(-17.8935694135769,-6.33908704699976,24.0625062260443));
#1027=CARTESIAN_POINT('Ctrl Pts',(-17.7087363749978,-6.34371100101808,24.3090614411479));
#1028=CARTESIAN_POINT('Ctrl Pts',(-17.5239091227165,-6.34833481028104,24.5556089377078));
#1029=CARTESIAN_POINT('Ctrl Pts',(-17.3390818704353,-6.3620824490365,24.801987149462));
#1030=CARTESIAN_POINT('Ctrl Pts',(-17.154254618154,-6.38491551373454,25.0475149937901));
#1031=CARTESIAN_POINT('Ctrl Pts',(-16.9693988613029,-6.40775209981094,25.2930807041011));
#1032=CARTESIAN_POINT('Ctrl Pts',(-16.7845431044519,-6.43967688888977,25.5377955122258));
#1033=CARTESIAN_POINT('Ctrl Pts',(-16.5996873476008,-6.48059955761399,25.7809830304783));
#1034=CARTESIAN_POINT('Ctrl Pts',(-16.414828065388,-6.52152300676947,26.0241751865305));
#1035=CARTESIAN_POINT('Ctrl Pts',(-16.2299687831752,-6.57144463000853,26.2658397252));
#1036=CARTESIAN_POINT('Ctrl Pts',(-16.0451095009624,-6.6302227579015,26.5053092947637));
#1037=CARTESIAN_POINT('Ctrl Pts',(-15.8602068713467,-6.68901466859812,26.7448350172227));
#1038=CARTESIAN_POINT('Ctrl Pts',(-15.675304241731,-6.75666716921242,26.9821644761237));
#1039=CARTESIAN_POINT('Ctrl Pts',(-15.4904016121153,-6.83298800502396,27.2166429385441));
#1040=CARTESIAN_POINT('Ctrl Pts',(-15.3612975958792,-6.88627727649751,27.3803621419013));
#1041=CARTESIAN_POINT('Ctrl Pts',(-15.2321935796431,-6.94379148809304,27.5426916943094));
#1042=CARTESIAN_POINT('Ctrl Pts',(-15.103089563407,-7.00545091764185,27.7034135397225));
#1043=CARTESIAN_POINT('Ctrl Pts',(-14.9195935096308,-7.09308771105969,27.931848140355));
#1044=CARTESIAN_POINT('Ctrl Pts',(-14.7360974558546,-7.18912822713489,28.1571067597817));
#1045=CARTESIAN_POINT('Ctrl Pts',(-14.5526014020785,-7.2933167198864,28.3785679409833));
#1046=CARTESIAN_POINT('Ctrl Pts',(-14.3691425613294,-7.39748408319603,28.5999842098243));
#1047=CARTESIAN_POINT('Ctrl Pts',(-14.1856837205803,-7.50979600478199,28.8176043222016));
#1048=CARTESIAN_POINT('Ctrl Pts',(-14.0022248798312,-7.62994931697987,29.0308284323323));
#1049=CARTESIAN_POINT('Ctrl Pts',(-13.8187902845375,-7.75008675002054,29.2440243633052));
#1050=CARTESIAN_POINT('Ctrl Pts',(-13.6353556892438,-7.87806336620313,29.4528252059247));
#1051=CARTESIAN_POINT('Ctrl Pts',(-13.4519210939502,-8.01353041520223,29.6566563805787));
#1052=CARTESIAN_POINT('Ctrl Pts',(-13.2684756643797,-8.14900546535021,29.8604995942016));
#1053=CARTESIAN_POINT('Ctrl Pts',(-13.0850302348092,-8.29197167880493,30.0593723162474));
#1054=CARTESIAN_POINT('Ctrl Pts',(-12.9015848052387,-8.44203670127635,30.2527285350014));
#1055=CARTESIAN_POINT('Ctrl Pts',(-12.7181433590781,-8.59209846517386,30.4460805551386));
#1056=CARTESIAN_POINT('Ctrl Pts',(-12.5347019129175,-8.74925855525946,30.6339160894778));
#1057=CARTESIAN_POINT('Ctrl Pts',(-12.3512604667569,-8.91308357265404,30.8157212703092));
#1058=CARTESIAN_POINT('Ctrl Pts',(-12.1677775559042,-9.07694562068725,30.9975675459749));
#1059=CARTESIAN_POINT('Ctrl Pts',(-11.9842946450514,-9.24747541806778,31.1733805337348));
#1060=CARTESIAN_POINT('Ctrl Pts',(-11.8008117341987,-9.42420092623114,31.3426813697527));
#1061=CARTESIAN_POINT('Ctrl Pts',(-11.6633415869931,-9.55660825239193,31.4695259393165));
#1062=CARTESIAN_POINT('Ctrl Pts',(-11.5258714397875,-9.69249266722498,31.5927156917948));
#1063=CARTESIAN_POINT('Ctrl Pts',(-11.3884012925818,-9.83164256171069,31.7120632522463));
#1064=CARTESIAN_POINT('Ctrl Pts',(-11.2043460834365,-10.0179467408559,31.8718546007418));
#1065=CARTESIAN_POINT('Ctrl Pts',(-11.0202908742912,-10.2101632078211,32.0248063057015));
#1066=CARTESIAN_POINT('Ctrl Pts',(-10.8362356651459,-10.4077669994822,32.1704922716044));
#1067=CARTESIAN_POINT('Ctrl Pts',(-10.6522039642361,-10.605345552431,32.3161596299383));
#1068=CARTESIAN_POINT('Ctrl Pts',(-10.4681722633263,-10.8083098328807,32.4545629352866));
#1069=CARTESIAN_POINT('Ctrl Pts',(-10.2841405624164,-11.0161035212312,32.5853177227222));
#1070=CARTESIAN_POINT('Ctrl Pts',(-10.1001311290435,-11.2238720668829,32.7160566890409));
#1071=CARTESIAN_POINT('Ctrl Pts',(-9.91612169567062,-11.4364686172842,32.8391488375005));
#1072=CARTESIAN_POINT('Ctrl Pts',(-9.7321122622977,-11.6533089210006,32.9542537078307));
#1073=CARTESIAN_POINT('Ctrl Pts',(-9.54810024934627,-11.8701522645425,33.069360191785));
#1074=CARTESIAN_POINT('Ctrl Pts',(-9.36408823639485,-12.0912392345739,33.1764790420399));
#1075=CARTESIAN_POINT('Ctrl Pts',(-9.18007622344342,-12.3159610219291,33.2753157732257));
#1076=CARTESIAN_POINT('Ctrl Pts',(-9.09673372047862,-12.4177417477007,33.3200807884536));
#1077=CARTESIAN_POINT('Ctrl Pts',(-9.01339121751382,-12.5202677925889,33.3631474843848));
#1078=CARTESIAN_POINT('Ctrl Pts',(-8.93004871454902,-12.6234811479184,33.4044917090939));
#1079=CARTESIAN_POINT('Origin',(-9.79197488703214,-16.3419528584586,24.1215520810498));
#1080=CARTESIAN_POINT('',(54.5140570008964,-12.6234788537948,33.4044907901354));
#1081=CARTESIAN_POINT('',(38.1717942326059,-12.6236391219089,33.4040166520978));
#1082=CARTESIAN_POINT('',(-9.79197488703214,-12.6234811479184,33.4044917090939));
#1083=CARTESIAN_POINT('Ctrl Pts',(54.5140570008977,-12.6234788537964,33.404490790136));
#1084=CARTESIAN_POINT('Ctrl Pts',(54.2923684021584,-12.3485471838696,33.2943611965106));
#1085=CARTESIAN_POINT('Ctrl Pts',(54.0706110183419,-12.0783847967808,33.1719681881262));
#1086=CARTESIAN_POINT('Ctrl Pts',(53.2414522729149,-11.0908546325405,32.6704389827535));
#1087=CARTESIAN_POINT('Ctrl Pts',(52.6360320991277,-10.4154180728613,32.2167956151355));
#1088=CARTESIAN_POINT('Ctrl Pts',(51.4215523765248,-9.18995115549121,31.157464625699));
#1089=CARTESIAN_POINT('Ctrl Pts',(50.817872752799,-8.64396147062826,30.5555882454078));
#1090=CARTESIAN_POINT('Ctrl Pts',(49.9078949160459,-7.94222432671276,29.5629839456327));
#1091=CARTESIAN_POINT('Ctrl Pts',(49.6043983008347,-7.72842692829817,29.2177933881081));
#1092=CARTESIAN_POINT('Ctrl Pts',(48.6921758133705,-7.1514889345721,28.1457800634952));
#1093=CARTESIAN_POINT('Ctrl Pts',(48.0851892395907,-6.85519044176833,27.3866305090415));
#1094=CARTESIAN_POINT('Ctrl Pts',(46.8692243327257,-6.45271462264856,25.8133475397409));
#1095=CARTESIAN_POINT('Ctrl Pts',(46.264146591218,-6.34805626483747,25.0052694150171));
#1096=CARTESIAN_POINT('Ctrl Pts',(45.0477647296299,-6.33636792438659,23.3818438570099));
#1097=CARTESIAN_POINT('Ctrl Pts',(44.4408273522499,-6.42937595392298,22.5723636902319));
#1098=CARTESIAN_POINT('Ctrl Pts',(43.2250137231939,-6.80906381382074,20.9937912467214));
#1099=CARTESIAN_POINT('Ctrl Pts',(42.620113993615,-7.09425330019946,20.2307014122901));
#1100=CARTESIAN_POINT('Ctrl Pts',(41.4041312406361,-7.8426549918602,18.7904678980616));
#1101=CARTESIAN_POINT('Ctrl Pts',(40.7973664594745,-8.30311746137006,18.1185680816591));
#1102=CARTESIAN_POINT('Ctrl Pts',(39.5818193495578,-9.37626383425634,16.900911505128));
#1103=CARTESIAN_POINT('Ctrl Pts',(38.9771109748343,-9.9848777220859,16.3597245726847));
#1104=CARTESIAN_POINT('Ctrl Pts',(37.7616827174445,-11.319128309246,15.4365597373698));
#1105=CARTESIAN_POINT('Ctrl Pts',(37.155247769818,-12.0398050760136,15.0579191275794));
#1106=CARTESIAN_POINT('Ctrl Pts',(35.9401057836097,-13.5568525416604,14.4830216733848));
#1107=CARTESIAN_POINT('Ctrl Pts',(35.33559535381,-14.3475767631385,14.2889272826946));
#1108=CARTESIAN_POINT('Ctrl Pts',(34.1209058855722,-15.9577221733092,14.0961248512779));
#1109=CARTESIAN_POINT('Ctrl Pts',(33.5149877331301,-16.7711389931602,14.0979517287722));
#1110=CARTESIAN_POINT('Ctrl Pts',(32.3004243484216,-18.3800924319724,14.2979283424732));
#1111=CARTESIAN_POINT('Ctrl Pts',(31.6961184460322,-19.1697050438731,14.4954670730237));
#1112=CARTESIAN_POINT('Ctrl Pts',(30.4823947558184,-20.6825079824095,15.076392555059));
#1113=CARTESIAN_POINT('Ctrl Pts',(29.8772353801457,-21.4001527071651,15.4572717483459));
#1114=CARTESIAN_POINT('Ctrl Pts',(28.6634655885665,-22.7287588950877,16.3842519485577));
#1115=CARTESIAN_POINT('Ctrl Pts',(28.0593662052562,-23.3347567243425,16.9272481079612));
#1116=CARTESIAN_POINT('Ctrl Pts',(26.8468926920171,-24.4007131463921,18.1457982400917));
#1117=CARTESIAN_POINT('Ctrl Pts',(26.2427935947353,-24.8570987947434,18.8163464345034));
#1118=CARTESIAN_POINT('Ctrl Pts',(25.0317754918448,-25.5984255454156,20.2523601170864));
#1119=CARTESIAN_POINT('Ctrl Pts',(24.4295560613784,-25.8807491323225,21.012753148723));
#1120=CARTESIAN_POINT('Ctrl Pts',(23.2171636308241,-26.2567962950053,22.587516912277));
#1121=CARTESIAN_POINT('Ctrl Pts',(22.6113037112344,-26.3484762278947,23.3960001747269));
#1122=CARTESIAN_POINT('Ctrl Pts',(21.3971725663399,-26.3347171355707,25.015907911615));
#1123=CARTESIAN_POINT('Ctrl Pts',(20.7938808502125,-26.2295899361433,25.8216312954149));
#1124=CARTESIAN_POINT('Ctrl Pts',(19.5803076522774,-25.8269293206588,27.3915680759044));
#1125=CARTESIAN_POINT('Ctrl Pts',(18.9743917431878,-25.5306441765114,28.1496032625885));
#1126=CARTESIAN_POINT('Ctrl Pts',(17.7591993363062,-24.7619118381499,29.576930381903));
#1127=CARTESIAN_POINT('Ctrl Pts',(17.155089279494,-24.2922093208613,30.241257455818));
#1128=CARTESIAN_POINT('Ctrl Pts',(15.9406358765446,-23.2021732267122,31.4424484888456));
#1129=CARTESIAN_POINT('Ctrl Pts',(15.3346743575842,-22.5860295104977,31.9745160423318));
#1130=CARTESIAN_POINT('Ctrl Pts',(14.1186906364599,-21.2389493290228,32.8781182084697));
#1131=CARTESIAN_POINT('Ctrl Pts',(13.5139620302397,-20.5126599903283,33.246452659944));
#1132=CARTESIAN_POINT('Ctrl Pts',(12.2988663905975,-18.9867913519095,33.7995326068071));
#1133=CARTESIAN_POINT('Ctrl Pts',(11.6928710078671,-18.1932573604454,33.9821037338931));
#1134=CARTESIAN_POINT('Ctrl Pts',(10.4763121621122,-16.5794160161957,34.1516276189458));
#1135=CARTESIAN_POINT('Ctrl Pts',(9.87112159468577,-15.7646758880475,34.1378488915029));
#1136=CARTESIAN_POINT('Ctrl Pts',(8.65739464107303,-14.1589448990188,33.9138603513579));
#1137=CARTESIAN_POINT('Ctrl Pts',(8.05319190189754,-13.3742436788612,33.7052250269287));
#1138=CARTESIAN_POINT('Ctrl Pts',(7.44683199079394,-12.6234811468197,33.4044917086538));
#1139=CARTESIAN_POINT('',(17.4769976532117,-16.3417021754698,14.1215425249346));
#1140=CARTESIAN_POINT('Ctrl Pts',(-8.93004871454902,-12.6234811479184,33.4044917090939));
#1141=CARTESIAN_POINT('Ctrl Pts',(-8.74602447332001,-12.851381183597,33.4957817389183));
#1142=CARTESIAN_POINT('Ctrl Pts',(-8.56200023209099,-13.0826333019255,33.5786706333597));
#1143=CARTESIAN_POINT('Ctrl Pts',(-8.37797599086198,-13.3165996699218,33.6529338321188));
#1144=CARTESIAN_POINT('Ctrl Pts',(-8.19391684610558,-13.5506104138736,33.7272111162373));
#1145=CARTESIAN_POINT('Ctrl Pts',(-8.00985770134918,-13.7873361700513,33.792859352214));
#1146=CARTESIAN_POINT('Ctrl Pts',(-7.82579855659278,-14.0261236713061,33.8497037644855));
#1147=CARTESIAN_POINT('Ctrl Pts',(-7.7751033783141,-14.0918926118434,33.8653603493189));
#1148=CARTESIAN_POINT('Ctrl Pts',(-7.72440820003542,-14.1578178834946,33.8803493626358));
#1149=CARTESIAN_POINT('Ctrl Pts',(-7.67371302175673,-14.2238856780566,33.8946678288195));
#1150=CARTESIAN_POINT('Ctrl Pts',(-7.48988807653377,-14.4634530122438,33.9465877815893));
#1151=CARTESIAN_POINT('Ctrl Pts',(-7.30606313131081,-14.7049680458584,33.9897029309588));
#1152=CARTESIAN_POINT('Ctrl Pts',(-7.12223818608786,-14.9477681301015,34.0238876107729));
#1153=CARTESIAN_POINT('Ctrl Pts',(-6.93844582492114,-15.1905251765969,34.0580662311508));
#1154=CARTESIAN_POINT('Ctrl Pts',(-6.75465346375442,-15.4345665415597,34.0833175028457));
#1155=CARTESIAN_POINT('Ctrl Pts',(-6.5708611025877,-15.6792217915809,34.0995672911502));
#1156=CARTESIAN_POINT('Ctrl Pts',(-6.38708933472123,-15.923849628825,34.115815258722));
#1157=CARTESIAN_POINT('Ctrl Pts',(-6.20331756685476,-16.1690909341763,34.1230637381098));
#1158=CARTESIAN_POINT('Ctrl Pts',(-6.01954579898829,-16.4142715351154,34.1212905780809));
#1159=CARTESIAN_POINT('Ctrl Pts',(-5.83576001057244,-16.6594708416847,34.1195172827719));
#1160=CARTESIAN_POINT('Ctrl Pts',(-5.65197422215659,-16.9046091542158,34.1087209715944));
#1161=CARTESIAN_POINT('Ctrl Pts',(-5.46818843374074,-17.1490123806411,34.0889316227174));
#1162=CARTESIAN_POINT('Ctrl Pts',(-5.28440536117922,-17.393411995451,34.0691425662733));
#1163=CARTESIAN_POINT('Ctrl Pts',(-5.10062228861771,-17.637076266597,34.0403607625547));
#1164=CARTESIAN_POINT('Ctrl Pts',(-4.91683921605619,-17.8793355661062,34.0026681318927));
#1165=CARTESIAN_POINT('Ctrl Pts',(-4.73301498470398,-18.121649120339,33.9649670598489));
#1166=CARTESIAN_POINT('Ctrl Pts',(-4.54919075335177,-18.362556796917,33.9183512153081));
#1167=CARTESIAN_POINT('Ctrl Pts',(-4.36536652199955,-18.6013971266152,33.8629540129636));
#1168=CARTESIAN_POINT('Ctrl Pts',(-4.2299192649769,-18.7773819099381,33.8221356777034));
#1169=CARTESIAN_POINT('Ctrl Pts',(-4.09447200795425,-18.9522444514702,33.7765508496648));
#1170=CARTESIAN_POINT('Ctrl Pts',(-3.9590247509316,-19.1257244449562,33.7262704920293));
#1171=CARTESIAN_POINT('Ctrl Pts',(-3.77513101277333,-19.3612543862711,33.6580059651221));
#1172=CARTESIAN_POINT('Ctrl Pts',(-3.59123727461506,-19.5943081789485,33.5810632032036));
#1173=CARTESIAN_POINT('Ctrl Pts',(-3.40734353645679,-19.8242427124857,33.4956470972388));
#1174=CARTESIAN_POINT('Ctrl Pts',(-3.22348167707454,-20.0541373858757,33.4102457985259));
#1175=CARTESIAN_POINT('Ctrl Pts',(-3.03961981769229,-20.2809136173057,33.3163741854374));
#1176=CARTESIAN_POINT('Ctrl Pts',(-2.85575795831004,-20.503945968621,33.2142861776217));
#1177=CARTESIAN_POINT('Ctrl Pts',(-2.67191619330739,-20.7269539445887,33.1122093270692));
#1178=CARTESIAN_POINT('Ctrl Pts',(-2.48807442830474,-20.9462186030109,33.0019179912079));
#1179=CARTESIAN_POINT('Ctrl Pts',(-2.30423266330208,-21.1611359473942,32.8837135926471));
#1180=CARTESIAN_POINT('Ctrl Pts',(-2.12037662131302,-21.3760699820655,32.7655000144388));
#1181=CARTESIAN_POINT('Ctrl Pts',(-1.93652057932396,-21.5866557813218,32.6393722777772));
#1182=CARTESIAN_POINT('Ctrl Pts',(-1.7526645373349,-21.7923142158362,32.50567762126));
#1183=CARTESIAN_POINT('Ctrl Pts',(-1.56881117804469,-21.9979696495265,32.3719849155217));
#1184=CARTESIAN_POINT('Ctrl Pts',(-1.38495781875449,-22.1986976286787,32.2307256650179));
#1185=CARTESIAN_POINT('Ctrl Pts',(-1.20110445946429,-22.3939476546532,32.0822906766095));
#1186=CARTESIAN_POINT('Ctrl Pts',(-1.01721037191072,-22.5892409335468,31.9338228060208));
#1187=CARTESIAN_POINT('Ctrl Pts',(-0.833316284357158,-22.7790536108749,
31.7781761897986));
#1188=CARTESIAN_POINT('Ctrl Pts',(-0.649422196803592,-22.9628668544009,
31.6157830528264));
#1189=CARTESIAN_POINT('Ctrl Pts',(-0.514393624571221,-23.0978360649988,
31.4965420608107));
#1190=CARTESIAN_POINT('Ctrl Pts',(-0.37936505233885,-23.2295712864972,31.3736644972723));
#1191=CARTESIAN_POINT('Ctrl Pts',(-0.24433648010648,-23.3578791268138,31.2473347466244));
#1192=CARTESIAN_POINT('Ctrl Pts',(-0.0604473957263187,-23.5326155613665,
31.0752921796879));
#1193=CARTESIAN_POINT('Ctrl Pts',(0.123441688653843,-23.7010475339401,30.8967929189624));
#1194=CARTESIAN_POINT('Ctrl Pts',(0.307330773034003,-23.8627067365574,30.71232298475));
#1195=CARTESIAN_POINT('Ctrl Pts',(0.491188013120811,-24.0243379444567,30.5278849954175));
#1196=CARTESIAN_POINT('Ctrl Pts',(0.675045253207617,-24.17919853927,30.3374786070268));
#1197=CARTESIAN_POINT('Ctrl Pts',(0.858902493294424,-24.3268590727722,30.14162456804));
#1198=CARTESIAN_POINT('Ctrl Pts',(1.04273968695658,-24.474503506469,29.9457918835196));
#1199=CARTESIAN_POINT('Ctrl Pts',(1.22657688061874,-24.6149492778712,29.7445129578121));
#1200=CARTESIAN_POINT('Ctrl Pts',(1.4104140742809,-24.7478083891203,29.5383401328055));
#1201=CARTESIAN_POINT('Ctrl Pts',(1.59426565178476,-24.8806778955696,29.3321511763664));
#1202=CARTESIAN_POINT('Ctrl Pts',(1.77811722928861,-25.0059594014886,29.1210677891409));
#1203=CARTESIAN_POINT('Ctrl Pts',(1.96196880679246,-25.1233085705862,28.905670793737));
#1204=CARTESIAN_POINT('Ctrl Pts',(2.14581776858438,-25.2406560701217,28.6902768628513));
#1205=CARTESIAN_POINT('Ctrl Pts',(2.32966673037631,-25.3500713264064,28.4705696933438));
#1206=CARTESIAN_POINT('Ctrl Pts',(2.51351569216823,-25.4512559071656,28.2471548208706));
#1207=CARTESIAN_POINT('Ctrl Pts',(2.69740551960421,-25.5524629790666,28.023690288108));
#1208=CARTESIAN_POINT('Ctrl Pts',(2.8812953470402,-25.6454356032379,27.7965166602534));
#1209=CARTESIAN_POINT('Ctrl Pts',(3.06518517447619,-25.729922899358,27.5662608512036));
#1210=CARTESIAN_POINT('Ctrl Pts',(3.20024071322367,-25.7919735165886,27.3971524085314));
#1211=CARTESIAN_POINT('Ctrl Pts',(3.33529625197116,-25.8494481499539,27.2263818961397));
#1212=CARTESIAN_POINT('Ctrl Pts',(3.47035179071865,-25.9022642995017,27.0542036372801));
#1213=CARTESIAN_POINT('Ctrl Pts',(3.65422989762459,-25.9741734835528,26.8197829494423));
#1214=CARTESIAN_POINT('Ctrl Pts',(3.83810800453054,-26.0374675294355,26.5826800411771));
#1215=CARTESIAN_POINT('Ctrl Pts',(4.02198611143649,-26.0919655351636,26.3435450612574));
#1216=CARTESIAN_POINT('Ctrl Pts',(4.20583220190261,-26.1464540518222,26.1044517189793));
#1217=CARTESIAN_POINT('Ctrl Pts',(4.38967829236874,-26.1921495234517,25.8633272842191));
#1218=CARTESIAN_POINT('Ctrl Pts',(4.57352438283487,-26.2289217457448,25.6208339831065));
#1219=CARTESIAN_POINT('Ctrl Pts',(4.75735028798485,-26.2656899306448,25.3783673064597));
#1220=CARTESIAN_POINT('Ctrl Pts',(4.94117619313483,-26.2935367804307,25.134532340281));
#1221=CARTESIAN_POINT('Ctrl Pts',(5.12500209828481,-26.3123835773976,24.8899993979416));
#1222=CARTESIAN_POINT('Ctrl Pts',(5.30884225613001,-26.3312318356256,24.6454474960682));
#1223=CARTESIAN_POINT('Ctrl Pts',(5.49268241397521,-26.3410786220592,24.400197788852));
#1224=CARTESIAN_POINT('Ctrl Pts',(5.67652257182041,-26.3418971710972,24.1549248862411));
#1225=CARTESIAN_POINT('Ctrl Pts',(5.86036005839593,-26.3427157082414,23.9096555475418));
#1226=CARTESIAN_POINT('Ctrl Pts',(6.04419754497145,-26.3345062714517,23.6643632941514));
#1227=CARTESIAN_POINT('Ctrl Pts',(6.22803503154696,-26.317294228658,23.4197226516381));
#1228=CARTESIAN_POINT('Ctrl Pts',(6.41191337367666,-26.3000783607056,23.175027640839));
#1229=CARTESIAN_POINT('Ctrl Pts',(6.59579171580636,-26.2738559075287,22.9309848097862));
#1230=CARTESIAN_POINT('Ctrl Pts',(6.77967005793605,-26.2387042347693,22.688264881814));
#1231=CARTESIAN_POINT('Ctrl Pts',(6.91479339247196,-26.2128729640347,22.5099017007778));
#1232=CARTESIAN_POINT('Ctrl Pts',(7.04991672700787,-26.1822209327647,22.3322528268671));
#1233=CARTESIAN_POINT('Ctrl Pts',(7.18504006154378,-26.1467965700338,22.1555816358028));
#1234=CARTESIAN_POINT('Ctrl Pts',(7.36892835153446,-26.0985878316321,21.9151511925561));
#1235=CARTESIAN_POINT('Ctrl Pts',(7.55281664152515,-26.04152383726,21.6764579867228));
#1236=CARTESIAN_POINT('Ctrl Pts',(7.73670493151583,-25.9757546400824,21.4401600484699));
#1237=CARTESIAN_POINT('Ctrl Pts',(7.92056134189025,-25.9099968449182,21.2039030757814));
#1238=CARTESIAN_POINT('Ctrl Pts',(8.10441775226467,-25.8355369346236,20.9700408112869));
#1239=CARTESIAN_POINT('Ctrl Pts',(8.28827416263909,-25.7525753039658,20.739217800096));
#1240=CARTESIAN_POINT('Ctrl Pts',(8.47211049378395,-25.66962273367,20.5084199974262));
#1241=CARTESIAN_POINT('Ctrl Pts',(8.65594682492882,-25.5781703915447,20.28066104866));
#1242=CARTESIAN_POINT('Ctrl Pts',(8.83978315607368,-25.47846781064,20.0565681292283));
#1243=CARTESIAN_POINT('Ctrl Pts',(9.02363382691804,-25.3787574526814,19.8324577299812));
#1244=CARTESIAN_POINT('Ctrl Pts',(9.2074844977624,-25.2707956809901,19.6120141885166));
#1245=CARTESIAN_POINT('Ctrl Pts',(9.39133516860676,-25.1548797740798,19.3958437553149));
#1246=CARTESIAN_POINT('Ctrl Pts',(9.57518320039414,-25.038965531067,19.1796764250994));
#1247=CARTESIAN_POINT('Ctrl Pts',(9.75903123218152,-24.915097515283,18.9677823262357));
#1248=CARTESIAN_POINT('Ctrl Pts',(9.9428792639689,-24.783618827203,18.7607428443633));
#1249=CARTESIAN_POINT('Ctrl Pts',(10.1267681303875,-24.6521109362879,18.5536573767884));
#1250=CARTESIAN_POINT('Ctrl Pts',(10.3106569968061,-24.5129891445404,18.3514289177682));
#1251=CARTESIAN_POINT('Ctrl Pts',(10.4945458632246,-24.3666404871967,18.1546107824298));
#1252=CARTESIAN_POINT('Ctrl Pts',(10.6296066862727,-24.2591518148384,18.0100538015352));
#1253=CARTESIAN_POINT('Ctrl Pts',(10.7646675093208,-24.1477655581826,17.8684148211458));
#1254=CARTESIAN_POINT('Ctrl Pts',(10.8997283323689,-24.0326493100354,17.7299022087786));
#1255=CARTESIAN_POINT('Ctrl Pts',(11.0836106275346,-23.8759211083079,17.5413203795209));
#1256=CARTESIAN_POINT('Ctrl Pts',(11.2674929227003,-23.7122292198715,17.3584769888277));
#1257=CARTESIAN_POINT('Ctrl Pts',(11.4513752178659,-23.5420184941557,17.1818795497516));
#1258=CARTESIAN_POINT('Ctrl Pts',(11.6352255584973,-23.3718373471683,17.0053127992687));
#1259=CARTESIAN_POINT('Ctrl Pts',(11.8190758991286,-23.195139818476,16.8349900351766));
#1260=CARTESIAN_POINT('Ctrl Pts',(12.0029262397599,-23.0124086331446,16.6713829716968));
#1261=CARTESIAN_POINT('Ctrl Pts',(12.1867564443137,-22.8296974613162,16.5077938271641));
#1262=CARTESIAN_POINT('Ctrl Pts',(12.3705866488674,-22.6409541608214,16.3509191013126));
#1263=CARTESIAN_POINT('Ctrl Pts',(12.5544168534211,-22.4466964265027,16.2011918639622));
#1264=CARTESIAN_POINT('Ctrl Pts',(12.7382613549954,-22.2524235841834,16.0514529818801));
#1265=CARTESIAN_POINT('Ctrl Pts',(12.9221058565697,-22.0526356709339,15.9088628724505));
#1266=CARTESIAN_POINT('Ctrl Pts',(13.105950358144,-21.8478824353141,15.7738134953784));
#1267=CARTESIAN_POINT('Ctrl Pts',(13.2897922064629,-21.643132154706,15.6387660673474));
#1268=CARTESIAN_POINT('Ctrl Pts',(13.4736340547818,-21.4334169299012,15.5112593064851));
#1269=CARTESIAN_POINT('Ctrl Pts',(13.6574759031007,-21.2193149974869,15.3916415107878));
#1270=CARTESIAN_POINT('Ctrl Pts',(13.8413586058372,-21.0051654860811,15.2719971329197));
#1271=CARTESIAN_POINT('Ctrl Pts',(14.0252413085737,-20.7866275631478,15.1602453608571));
#1272=CARTESIAN_POINT('Ctrl Pts',(14.2091240113102,-20.5643047686705,15.0566889079881));
#1273=CARTESIAN_POINT('Ctrl Pts',(14.3442215419381,-20.4009655307258,14.9806065965201));
#1274=CARTESIAN_POINT('Ctrl Pts',(14.4793190725661,-20.23558384659,14.9089469725578));
#1275=CARTESIAN_POINT('Ctrl Pts',(14.6144166031941,-20.0684064390436,14.8418137382006));
#1276=CARTESIAN_POINT('Ctrl Pts',(14.7976714094246,-19.8416364656503,14.7507499874676));
#1277=CARTESIAN_POINT('Ctrl Pts',(14.9809262156551,-19.6114873144141,14.6679867862824));
#1278=CARTESIAN_POINT('Ctrl Pts',(15.1641810218855,-19.3785871438816,14.5937584111285));
#1279=CARTESIAN_POINT('Ctrl Pts',(15.3569157411627,-19.1336388671596,14.5156901446422));
#1280=CARTESIAN_POINT('Ctrl Pts',(15.5496504604399,-18.8856477417278,14.4470631649775));
#1281=CARTESIAN_POINT('Ctrl Pts',(15.7423851797171,-18.635364426981,14.3880910636435));
#1282=CARTESIAN_POINT('Ctrl Pts',(15.9255952730952,-18.397449693,14.3320332644436));
#1283=CARTESIAN_POINT('Ctrl Pts',(16.1088053664733,-18.1574641322307,14.2846992918646));
#1284=CARTESIAN_POINT('Ctrl Pts',(16.2920154598514,-17.9160653352871,14.2462206987471));
#1285=CARTESIAN_POINT('Ctrl Pts',(16.475215482222,-17.6746798079678,14.2077442207871));
#1286=CARTESIAN_POINT('Ctrl Pts',(16.6584155045925,-17.4318814800859,14.1781221933642));
#1287=CARTESIAN_POINT('Ctrl Pts',(16.8416155269631,-17.1883360866459,14.1574346875702));
#1288=CARTESIAN_POINT('Ctrl Pts',(17.0248330745454,-16.9447673952578,14.1367452027757));
#1289=CARTESIAN_POINT('Ctrl Pts',(17.2080506221278,-16.700451778346,14.1249919707334));
#1290=CARTESIAN_POINT('Ctrl Pts',(17.3912681697102,-16.4560591904613,14.1222031149922));
#1291=CARTESIAN_POINT('Ctrl Pts',(17.4198446642107,-16.4179412070268,14.1217681363463));
#1292=CARTESIAN_POINT('Ctrl Pts',(17.4484211587112,-16.3798213541612,14.1215511286099));
#1293=CARTESIAN_POINT('Ctrl Pts',(17.4769976532117,-16.3417021757094,14.1215520841919));
#1294=CARTESIAN_POINT('Ctrl Pts',(17.4769976534094,-16.3417021749664,14.1215329656774));
#1295=CARTESIAN_POINT('Ctrl Pts',(17.7610333936127,-15.9628163026135,14.1211514317239));
#1296=CARTESIAN_POINT('Ctrl Pts',(19.283298557424,-13.9324367232463,14.2343747347818));
#1297=CARTESIAN_POINT('Ctrl Pts',(22.0437931448445,-10.3803768957814,15.5771865057712));
#1298=CARTESIAN_POINT('Ctrl Pts',(25.7584814156695,-7.03464410415162,19.4396116046557));
#1299=CARTESIAN_POINT('Ctrl Pts',(29.4731696864946,-5.92790204857095,24.4283366501848));
#1300=CARTESIAN_POINT('Ctrl Pts',(33.1878579573197,-7.32639322641555,29.3432608277076));
#1301=CARTESIAN_POINT('Ctrl Pts',(36.0873994726901,-10.1108865395717,32.1991593674125));
#1302=CARTESIAN_POINT('Ctrl Pts',(37.7487115644522,-12.0995019644945,33.1945308533494));
#1303=CARTESIAN_POINT('Ctrl Pts',(38.1717942326059,-12.6236391219089,33.4040166520978));
#1304=CARTESIAN_POINT('Origin',(-9.79197488703214,-16.3419528584586,24.1215520810498));
#1305=CARTESIAN_POINT('',(64.5785859813832,-16.3419949653476,14.1223624777895));
#1306=CARTESIAN_POINT('Ctrl Pts',(38.1717942326059,-12.6236391219089,33.4040166520978));
#1307=CARTESIAN_POINT('Ctrl Pts',(38.9869409880606,-13.6334859803113,33.8076296620772));
#1308=CARTESIAN_POINT('Ctrl Pts',(41.0403171671237,-16.3428361337798,34.4128710588031));
#1309=CARTESIAN_POINT('Ctrl Pts',(44.3319227697951,-20.7867765097751,33.5444009954545));
#1310=CARTESIAN_POINT('Ctrl Pts',(48.0466110406201,-24.7326732672606,30.2975147232613));
#1311=CARTESIAN_POINT('Ctrl Pts',(51.7612993114453,-26.6600362990131,25.5649273471157));
#1312=CARTESIAN_POINT('Ctrl Pts',(55.4759875822705,-26.1053372446155,20.4851069860744));
#1313=CARTESIAN_POINT('Ctrl Pts',(59.1906758530955,-23.2017553640055,16.2801043281016));
#1314=CARTESIAN_POINT('Ctrl Pts',(62.2248791766722,-19.4824772253854,14.3861749079584));
#1315=CARTESIAN_POINT('Ctrl Pts',(64.0208530766404,-17.0861961430729,14.1221818177758));
#1316=CARTESIAN_POINT('Ctrl Pts',(64.5785975530003,-16.3420036412522,14.1223937767261));
#1317=CARTESIAN_POINT('Ctrl Pts',(64.5782863679617,-16.3417703279926,14.1215520827157));
#1318=CARTESIAN_POINT('Ctrl Pts',(65.539902957163,-15.0583011194327,14.1215755099389));
#1319=CARTESIAN_POINT('Ctrl Pts',(66.4951262498623,-13.7867290135676,14.3686885918685));
#1320=CARTESIAN_POINT('Ctrl Pts',(67.9362674322524,-12.0029062614462,15.0892402013144));
#1321=CARTESIAN_POINT('Ctrl Pts',(68.4146388353017,-11.4337016743897,15.385487316688));
#1322=CARTESIAN_POINT('Ctrl Pts',(69.374788994657,-10.3594812692803,16.0828692252802));
#1323=CARTESIAN_POINT('Ctrl Pts',(69.8545107027304,-9.85691801458298,16.4825270274502));
#1324=CARTESIAN_POINT('Ctrl Pts',(70.3347406655709,-9.39605932083627,16.9274876551487));
#1325=CARTESIAN_POINT('Ctrl Pts',(70.2158159728929,-26.2380697113014,22.6838903562754));
#1326=CARTESIAN_POINT('Ctrl Pts',(69.5318848862577,-26.3693291551747,23.587412215573));
#1327=CARTESIAN_POINT('Ctrl Pts',(68.8522665023712,-26.3762324549255,24.5046475070768));
#1328=CARTESIAN_POINT('Ctrl Pts',(67.4843114010442,-26.1409737061174,26.3153139459865));
#1329=CARTESIAN_POINT('Ctrl Pts',(66.802122688129,-25.8999284605869,27.2003075273168));
#1330=CARTESIAN_POINT('Ctrl Pts',(65.6630610457574,-25.3039061366023,28.5996038684561));
#1331=CARTESIAN_POINT('Ctrl Pts',(65.2091595774685,-25.0151673435596,29.1360268537904));
#1332=CARTESIAN_POINT('Ctrl Pts',(64.1479192263998,-24.2326278660665,30.317702740668));
#1333=CARTESIAN_POINT('Ctrl Pts',(63.5432674269466,-23.7055712603543,30.9356282285041));
#1334=CARTESIAN_POINT('Ctrl Pts',(62.3298344002209,-22.5138331152612,32.0312756037763));
#1335=CARTESIAN_POINT('Ctrl Pts',(61.7261872444574,-21.8531839881111,32.5050271756721));
#1336=CARTESIAN_POINT('Ctrl Pts',(60.5131836795014,-20.4319987924853,33.2827479377438));
#1337=CARTESIAN_POINT('Ctrl Pts',(59.9081934924507,-19.6770418776168,33.5837172663423));
#1338=CARTESIAN_POINT('Ctrl Pts',(58.6943832890239,-18.1114940938103,33.9969862805728));
#1339=CARTESIAN_POINT('Ctrl Pts',(58.090822393384,-17.3063298844152,34.1078443851438));
#1340=CARTESIAN_POINT('Ctrl Pts',(56.877704920853,-15.6861543346346,34.1328791224199));
#1341=CARTESIAN_POINT('Ctrl Pts',(56.2725024963354,-14.8775356597039,34.0468506393592));
#1342=CARTESIAN_POINT('Ctrl Pts',(55.2807147098074,-13.5886683538161,33.7487275344276));
#1343=CARTESIAN_POINT('Ctrl Pts',(54.8974588822885,-13.0989625733169,33.5949556748117));
#1344=CARTESIAN_POINT('Ctrl Pts',(54.5140570008977,-12.6234788537964,33.404490790136));
#1345=CARTESIAN_POINT('Origin',(-18.632330944955,-16.3419528584586,24.0059021100327));
#1346=CARTESIAN_POINT('',(-7.2489917651093,-11.1025055709136,8.95216305331795));
#1347=CARTESIAN_POINT('Ctrl Pts',(-7.24908906009336,-11.1024990163639,8.95242105990319));
#1348=CARTESIAN_POINT('Ctrl Pts',(-7.5359664266535,-11.5588867160399,8.95045442807589));
#1349=CARTESIAN_POINT('Ctrl Pts',(-7.82522885612498,-12.0134382527614,8.96893576310541));
#1350=CARTESIAN_POINT('Ctrl Pts',(-8.40454500222587,-12.9091199745815,9.04620216313678));
#1351=CARTESIAN_POINT('Ctrl Pts',(-8.69474435097853,-13.3508205426075,9.10438763210968));
#1352=CARTESIAN_POINT('Ctrl Pts',(-9.28573053154312,-14.2316576658246,9.2618573516808));
#1353=CARTESIAN_POINT('Ctrl Pts',(-9.58657045517769,-14.6704885598601,9.3618712511418));
#1354=CARTESIAN_POINT('Ctrl Pts',(-10.187768871852,-15.5234930409959,9.60004074653708));
#1355=CARTESIAN_POINT('Ctrl Pts',(-10.4875270502515,-15.9373482785431,9.73709922983878));
#1356=CARTESIAN_POINT('Ctrl Pts',(-10.7905609245482,-16.3419528584566,9.89321254156258));
#1357=CARTESIAN_POINT('Ctrl Pts',(-9.17150752302384,-16.3419528584575,9.05912826977493));
#1358=CARTESIAN_POINT('Ctrl Pts',(-8.84302466867452,-15.4842092917445,8.88990446152585));
#1359=CARTESIAN_POINT('Ctrl Pts',(-8.51918296162671,-14.6110945192383,8.79681213188643));
#1360=CARTESIAN_POINT('Ctrl Pts',(-7.87785243053675,-12.8553810125849,8.76162986444871));
#1361=CARTESIAN_POINT('Ctrl Pts',(-7.56151594451867,-11.9757408051145,8.81968123611511));
#1362=CARTESIAN_POINT('Ctrl Pts',(-7.248574720179,-11.1026744732268,8.95207958624574));
#1363=CARTESIAN_POINT('Origin',(-9.79197488703214,-16.3419528584586,24.1215520810498));
#1364=CARTESIAN_POINT('Ctrl Pts',(49.8225895639917,-7.0145605845704,20.5160350073126));
#1365=CARTESIAN_POINT('Ctrl Pts',(50.0063227115291,-6.92611238712943,20.7448485218732));
#1366=CARTESIAN_POINT('Ctrl Pts',(50.1900558590665,-6.84608892112204,20.9769155832852));
#1367=CARTESIAN_POINT('Ctrl Pts',(50.3737890066039,-6.77470860054395,21.2115972172419));
#1368=CARTESIAN_POINT('Ctrl Pts',(50.5575266724255,-6.70332652461263,21.4462846223855));
#1369=CARTESIAN_POINT('Ctrl Pts',(50.7412643382471,-6.64058809726867,21.6835864599752));
#1370=CARTESIAN_POINT('Ctrl Pts',(50.9250020040687,-6.5866617492827,21.9228489689327));
#1371=CARTESIAN_POINT('Ctrl Pts',(51.108773549683,-6.53272545769872,22.1621555960309));
#1372=CARTESIAN_POINT('Ctrl Pts',(51.2925450952972,-6.48760455204692,22.4034233435764));
#1373=CARTESIAN_POINT('Ctrl Pts',(51.4763166409115,-6.45141652716259,22.6459874164845));
#1374=CARTESIAN_POINT('Ctrl Pts',(51.4965002806968,-6.44744199423713,22.6726282430394));
#1375=CARTESIAN_POINT('Ctrl Pts',(51.516683920482,-6.44357516433057,22.699284698542));
#1376=CARTESIAN_POINT('Ctrl Pts',(51.5368675602673,-6.43981615519993,22.7259558966263));
#1377=CARTESIAN_POINT('Ctrl Pts',(51.7206431628076,-6.40558971362214,22.9688018624952));
#1378=CARTESIAN_POINT('Ctrl Pts',(51.9044187653478,-6.3802959351573,23.2129443387085));
#1379=CARTESIAN_POINT('Ctrl Pts',(52.0881943678881,-6.36401133051642,23.4577125936985));
#1380=CARTESIAN_POINT('Ctrl Pts',(52.2719384034755,-6.34772952306591,23.7024388050882));
#1381=CARTESIAN_POINT('Ctrl Pts',(52.455682439063,-6.34045381882167,23.9477903016323));
#1382=CARTESIAN_POINT('Ctrl Pts',(52.6394264746504,-6.34220876254447,24.1930923929753));
#1383=CARTESIAN_POINT('Ctrl Pts',(52.8231506691589,-6.34396351676464,24.4383679960672));
#1384=CARTESIAN_POINT('Ctrl Pts',(53.0068748636674,-6.35474696987512,24.6835939249231));
#1385=CARTESIAN_POINT('Ctrl Pts',(53.1905990581759,-6.37453154883942,24.9280955929259));
#1386=CARTESIAN_POINT('Ctrl Pts',(53.3743375018415,-6.39431766224275,25.1726162238243));
#1387=CARTESIAN_POINT('Ctrl Pts',(53.5580759455072,-6.42310627692036,25.4164122024762));
#1388=CARTESIAN_POINT('Ctrl Pts',(53.7418143891729,-6.46081783823899,25.658812863152));
#1389=CARTESIAN_POINT('Ctrl Pts',(53.9255502980484,-6.49852887930234,25.9012101797546));
#1390=CARTESIAN_POINT('Ctrl Pts',(54.1092862069239,-6.54516257576789,26.1422119407023));
#1391=CARTESIAN_POINT('Ctrl Pts',(54.2930221157994,-6.6005879001368,26.3811557517806));
#1392=CARTESIAN_POINT('Ctrl Pts',(54.4767981825423,-6.65602533842963,26.6201517871297));
#1393=CARTESIAN_POINT('Ctrl Pts',(54.6605742492852,-6.72025818189216,26.8570887009481));
#1394=CARTESIAN_POINT('Ctrl Pts',(54.844350316028,-6.7931046499461,27.0913160263471));
#1395=CARTESIAN_POINT('Ctrl Pts',(54.9753232014292,-6.84502061637962,27.2582443385643));
#1396=CARTESIAN_POINT('Ctrl Pts',(55.1062960868303,-6.90131044858643,27.423796679219));
#1397=CARTESIAN_POINT('Ctrl Pts',(55.2372689722314,-6.96189297099427,27.5877425702732));
#1398=CARTESIAN_POINT('Ctrl Pts',(55.4209816323821,-7.04687068463394,27.8177057086287));
#1399=CARTESIAN_POINT('Ctrl Pts',(55.6046942925327,-7.14032230288244,28.0445778195226));
#1400=CARTESIAN_POINT('Ctrl Pts',(55.7884069526833,-7.24199745516861,28.2677324507555));
#1401=CARTESIAN_POINT('Ctrl Pts',(55.9720877466707,-7.34365497123418,28.4908483743572));
#1402=CARTESIAN_POINT('Ctrl Pts',(56.1557685406581,-7.45353305776303,28.7102478506534));
#1403=CARTESIAN_POINT('Ctrl Pts',(56.3394493346455,-7.57133370948364,28.9253255710922));
#1404=CARTESIAN_POINT('Ctrl Pts',(56.5231101747149,-7.68912156408763,29.1403799268497));
#1405=CARTESIAN_POINT('Ctrl Pts',(56.7067710147843,-7.81483013088444,29.3511132185113));
#1406=CARTESIAN_POINT('Ctrl Pts',(56.8904318548537,-7.94811556340704,29.5569449338436));
#1407=CARTESIAN_POINT('Ctrl Pts',(57.0741072291267,-8.08141154361965,29.7627929378961));
#1408=CARTESIAN_POINT('Ctrl Pts',(57.2577826033996,-8.22228543796011,29.9637383536594));
#1409=CARTESIAN_POINT('Ctrl Pts',(57.4414579776726,-8.3703494888517,30.1592287631579));
#1410=CARTESIAN_POINT('Ctrl Pts',(57.6251310770165,-8.51841170588174,30.3547167513912));
#1411=CARTESIAN_POINT('Ctrl Pts',(57.8088041763604,-8.67366373048333,30.5447496463896));
#1412=CARTESIAN_POINT('Ctrl Pts',(57.9924772757044,-8.83567640799551,30.7288067188872));
#1413=CARTESIAN_POINT('Ctrl Pts',(58.1761913733858,-8.997725248944,30.9129048754302));
#1414=CARTESIAN_POINT('Ctrl Pts',(58.3599054710672,-9.1665375737291,31.0910243330712));
#1415=CARTESIAN_POINT('Ctrl Pts',(58.5436195687487,-9.34164519746746,31.2626789285066));
#1416=CARTESIAN_POINT('Ctrl Pts',(58.6749698405641,-9.46684208907926,31.3854070046498));
#1417=CARTESIAN_POINT('Ctrl Pts',(58.8063201123795,-9.59525621827493,31.5048310710334));
#1418=CARTESIAN_POINT('Ctrl Pts',(58.9376703841949,-9.72670517351974,31.6207852463082));
#1419=CARTESIAN_POINT('Ctrl Pts',(59.1216055369513,-9.91077851671477,31.7831606159754));
#1420=CARTESIAN_POINT('Ctrl Pts',(59.3055406897078,-10.1008599516076,31.938779087143));
#1421=CARTESIAN_POINT('Ctrl Pts',(59.4894758424643,-10.2964305503727,32.0872071088825));
#1422=CARTESIAN_POINT('Ctrl Pts',(59.6733800236797,-10.4919682183863,32.2356101378759));
#1423=CARTESIAN_POINT('Ctrl Pts',(59.8572842048952,-10.6929929831327,32.3768249659896));
#1424=CARTESIAN_POINT('Ctrl Pts',(60.0411883861106,-10.8989540282337,32.510459264597));
#1425=CARTESIAN_POINT('Ctrl Pts',(60.2250728499054,-11.1048929910713,32.6440792355059));
#1426=CARTESIAN_POINT('Ctrl Pts',(60.4089573137001,-11.3157669436849,32.7701201480639));
#1427=CARTESIAN_POINT('Ctrl Pts',(60.5928417774949,-11.5309964825103,32.8882332517508));
#1428=CARTESIAN_POINT('Ctrl Pts',(60.7767395243755,-11.7462415686658,33.0063548874608));
#1429=CARTESIAN_POINT('Ctrl Pts',(60.9606372712562,-11.9658426267266,33.1165474332178));
#1430=CARTESIAN_POINT('Ctrl Pts',(61.1445350181368,-12.1891949259301,33.2185077011362));
#1431=CARTESIAN_POINT('Ctrl Pts',(61.3284294328578,-12.4125431780719,33.320466121572));
#1432=CARTESIAN_POINT('Ctrl Pts',(61.5123238475787,-12.6396422809915,33.4141924483996));
#1433=CARTESIAN_POINT('Ctrl Pts',(61.6962182622997,-12.8698660745022,33.4994310184575));
#1434=CARTESIAN_POINT('Ctrl Pts',(61.8801504961958,-13.1001372151496,33.5846871184248));
#1435=CARTESIAN_POINT('Ctrl Pts',(62.0640827300919,-13.3335340692289,33.6614518758825));
#1436=CARTESIAN_POINT('Ctrl Pts',(62.248014963988,-13.5694124971428,33.7295185643841));
#1437=CARTESIAN_POINT('Ctrl Pts',(62.378033908045,-13.7361514285066,33.7776338880387));
#1438=CARTESIAN_POINT('Ctrl Pts',(62.508052852102,-13.9041299943797,33.8214039284723));
#1439=CARTESIAN_POINT('Ctrl Pts',(62.638071796159,-14.0731164652281,33.8607708084813));
#1440=CARTESIAN_POINT('Ctrl Pts',(62.8214560016285,-14.3114621149054,33.9162955173199));
#1441=CARTESIAN_POINT('Ctrl Pts',(63.004840207098,-14.5518859725776,33.9630756041185));
#1442=CARTESIAN_POINT('Ctrl Pts',(63.1882244125675,-14.7937295552429,34.0009753741059));
#1443=CARTESIAN_POINT('Ctrl Pts',(63.3715764085241,-15.0355306606186,34.0388684873962));
#1444=CARTESIAN_POINT('Ctrl Pts',(63.5549284044807,-15.2787507145676,34.0678843536018));
#1445=CARTESIAN_POINT('Ctrl Pts',(63.7382804004372,-15.5227226366581,34.0879386801984));
#1446=CARTESIAN_POINT('Ctrl Pts',(63.9216130390665,-15.7666688014924,34.107990889566));
#1447=CARTESIAN_POINT('Ctrl Pts',(64.1049456776959,-16.0113663948208,34.1190834252313));
#1448=CARTESIAN_POINT('Ctrl Pts',(64.2882783163251,-16.2561437952839,34.1211839145063));
#1449=CARTESIAN_POINT('Ctrl Pts',(64.4716287302612,-16.500944928528,34.1232846074376));
#1450=CARTESIAN_POINT('Ctrl Pts',(64.6549791441973,-16.7458256021616,34.1163915062828));
#1451=CARTESIAN_POINT('Ctrl Pts',(64.8383295581333,-16.9901134714627,34.1005243637927));
#1452=CARTESIAN_POINT('Ctrl Pts',(65.0216800066581,-17.2344013868484,34.0846572183092));
#1453=CARTESIAN_POINT('Ctrl Pts',(65.2050304551829,-17.4780962162018,34.0598160490828));
#1454=CARTESIAN_POINT('Ctrl Pts',(65.3883809037077,-17.7205293164697,34.0260726120709));
#1455=CARTESIAN_POINT('Ctrl Pts',(65.5717782036771,-17.9630243655413,33.9923205526161));
#1456=CARTESIAN_POINT('Ctrl Pts',(65.7551755036464,-18.2042567615121,33.9496617179362));
#1457=CARTESIAN_POINT('Ctrl Pts',(65.9385728036157,-18.4435652601707,33.8982194740304));
#1458=CARTESIAN_POINT('Ctrl Pts',(66.0718729384515,-18.6175037813151,33.8608292940765));
#1459=CARTESIAN_POINT('Ctrl Pts',(66.2051730732872,-18.7904260701012,33.8187999732471));
#1460=CARTESIAN_POINT('Ctrl Pts',(66.338473208123,-18.9620821064403,33.772195724034));
#1461=CARTESIAN_POINT('Ctrl Pts',(66.5232414478276,-19.2000157267484,33.7075972515683));
#1462=CARTESIAN_POINT('Ctrl Pts',(66.7080096875322,-19.4355911644597,33.634186646816));
#1463=CARTESIAN_POINT('Ctrl Pts',(66.8927779272368,-19.668155305943,33.5521606127591));
#1464=CARTESIAN_POINT('Ctrl Pts',(67.0775128767821,-19.9006775457591,33.4701493575395));
#1465=CARTESIAN_POINT('Ctrl Pts',(67.2622478263275,-20.130189314706,33.3795258630921));
#1466=CARTESIAN_POINT('Ctrl Pts',(67.4469827758729,-20.3560543878729,33.2805361356027));
#1467=CARTESIAN_POINT('Ctrl Pts',(67.6316930589825,-20.5818893027709,33.1815596255566));
#1468=CARTESIAN_POINT('Ctrl Pts',(67.8164033420922,-20.8040782437009,33.0742192227979));
#1469=CARTESIAN_POINT('Ctrl Pts',(68.0011136252019,-21.0220056116525,32.958808794947));
#1470=CARTESIAN_POINT('Ctrl Pts',(68.1858233070316,-21.239932270194,32.8433987427871));
#1471=CARTESIAN_POINT('Ctrl Pts',(68.3705329888613,-21.4535971404382,32.7199188435616));
#1472=CARTESIAN_POINT('Ctrl Pts',(68.555242670691,-21.6624087164646,32.5887091873642));
#1473=CARTESIAN_POINT('Ctrl Pts',(68.7399397213389,-21.8712060131259,32.4575085038042));
#1474=CARTESIAN_POINT('Ctrl Pts',(68.9246367719869,-22.0751504475804,32.318579265747));
#1475=CARTESIAN_POINT('Ctrl Pts',(69.1093338226348,-22.2736782810935,32.1723056799663));
#1476=CARTESIAN_POINT('Ctrl Pts',(69.2940483448467,-22.4722248945044,32.0260182573198));
#1477=CARTESIAN_POINT('Ctrl Pts',(69.4787628670585,-22.6653536621145,31.8723852599974));
#1478=CARTESIAN_POINT('Ctrl Pts',(69.6634773892704,-22.8525317283311,31.7118328913473));
#1479=CARTESIAN_POINT('Ctrl Pts',(69.7886097995426,-22.9793330339096,31.6030688124674));
#1480=CARTESIAN_POINT('Ctrl Pts',(69.9137422098147,-23.1034040863396,31.4911301589802));
#1481=CARTESIAN_POINT('Ctrl Pts',(70.0388746200869,-23.2245880758712,31.3761597523186));
#1482=CARTESIAN_POINT('Ctrl Pts',(70.1632997917764,-6.40557182331147,25.247754515947));
#1483=CARTESIAN_POINT('Ctrl Pts',(69.5080992872969,-6.3071401442358,24.3793008179984));
#1484=CARTESIAN_POINT('Ctrl Pts',(68.856722882372,-6.32298767353437,23.5016835759386));
#1485=CARTESIAN_POINT('Ctrl Pts',(67.6511393683036,-6.56166754382409,21.9113588491308));
#1486=CARTESIAN_POINT('Ctrl Pts',(67.1018534161623,-6.7501863714951,21.1999651487247));
#1487=CARTESIAN_POINT('Ctrl Pts',(66.5517993265522,-7.01456067816832,20.5160347651768));
#1488=CARTESIAN_POINT('Origin',(70.0273052483332,-16.3419528584586,24.0059021100327));
#1489=CARTESIAN_POINT('',(58.5555759319126,-21.619415921891,8.91732071603886));
#1490=CARTESIAN_POINT('Ctrl Pts',(58.5556070808784,-21.6194048124476,8.9173822490593));
#1491=CARTESIAN_POINT('Ctrl Pts',(58.8440003343124,-21.1597332540125,8.91440318270812));
#1492=CARTESIAN_POINT('Ctrl Pts',(59.1348101220855,-20.70187755666,8.93211841788251));
#1493=CARTESIAN_POINT('Ctrl Pts',(59.7172427490897,-19.7997195687545,9.00836199231034));
#1494=CARTESIAN_POINT('Ctrl Pts',(60.0089734837643,-19.3548980057924,9.06627116063057));
#1495=CARTESIAN_POINT('Ctrl Pts',(60.8967166850276,-18.0292472558155,9.30135938990898));
#1496=CARTESIAN_POINT('Ctrl Pts',(61.499140218155,-17.1671489680271,9.53960389508809));
#1497=CARTESIAN_POINT('Ctrl Pts',(62.11603896801,-16.3419528584683,9.85741030224803));
#1498=CARTESIAN_POINT('Ctrl Pts',(58.5552001816292,-21.6193111918937,8.9171275152276));
#1499=CARTESIAN_POINT('Ctrl Pts',(59.0432309300429,-20.2550388684262,8.707514238289));
#1500=CARTESIAN_POINT('Ctrl Pts',(59.5387599265889,-18.8758073594637,8.67910380647079));
#1501=CARTESIAN_POINT('Ctrl Pts',(60.1926293691188,-17.1213138962593,8.88155979319358));
#1502=CARTESIAN_POINT('Ctrl Pts',(60.3401223626309,-16.7298406282825,8.94251514983469));
#1503=CARTESIAN_POINT('Ctrl Pts',(60.4883987206632,-16.3419528584635,9.01890236349671));
#1504=CARTESIAN_POINT('Origin',(-17.8233294227615,-16.3419528584586,23.9802341391744));
#1505=CARTESIAN_POINT('',(-17.3726839584908,-16.3419528584586,23.9802341391744));
#1506=CARTESIAN_POINT('',(-18.2739748870321,-14.8419528584586,23.9802341391744));
#1507=CARTESIAN_POINT('',(-17.8233294227615,-15.5919528584586,23.9802341391744));
#1508=CARTESIAN_POINT('Origin',(-18.2739748870321,-16.3419528584586,23.9802341391744));
#1509=CARTESIAN_POINT('Origin',(-25.7739748870321,-16.3419528584586,23.9802341391744));
#1510=CARTESIAN_POINT('',(-33.2739748870321,-14.8419528584586,23.9802341391744));
#1511=CARTESIAN_POINT('Origin',(-33.2739748870321,-16.3419528584586,23.9802341391744));
#1512=CARTESIAN_POINT('',(-25.7739748870321,-14.8419528584586,23.9802341391744));
#1513=CARTESIAN_POINT('Origin',(84.6110251129679,-14.9496538274041,23.4222504921125));
#1514=CARTESIAN_POINT('',(84.6110251129679,-14.9496538274041,23.4222504921125));
#1515=CARTESIAN_POINT('',(84.6110251129679,-17.0513217395081,22.658711372465));
#1516=CARTESIAN_POINT('',(84.6110251129679,-15.4524161027389,23.2395961998286));
#1517=CARTESIAN_POINT('',(73.7020251129679,-14.9496538274041,23.4222504921125));
#1518=CARTESIAN_POINT('',(84.6110251129679,-14.9496538274041,23.4222504921125));
#1519=CARTESIAN_POINT('',(73.7020251129679,-17.0513217395081,22.658711372465));
#1520=CARTESIAN_POINT('',(73.7020251129679,-16.7812227613852,22.7568387382519));
#1521=CARTESIAN_POINT('',(84.6110251129679,-17.0513217395081,22.658711372465));
#1522=CARTESIAN_POINT('Origin',(84.6110251129679,-16.3419528584585,23.9803753958077));
#1523=CARTESIAN_POINT('Origin',(84.6110251129679,-16.3419528584585,23.9803753958077));
#1524=CARTESIAN_POINT('Origin',(73.7020251129679,-16.3419528584585,23.9803753958077));
#1525=CARTESIAN_POINT('Origin',(73.7020251129679,-16.3419528810008,24.0695434738028));
#1526=CARTESIAN_POINT('Ctrl Pts',(-18.7710881326394,-26.2898069643322,25.1298586801066));
#1527=CARTESIAN_POINT('Ctrl Pts',(-17.5372850729517,-26.4558846517049,23.4913952452714));
#1528=CARTESIAN_POINT('Ctrl Pts',(-15.0700148759427,-25.9625887000866,20.132842244166));
#1529=CARTESIAN_POINT('Ctrl Pts',(-11.3692775416122,-22.9205525102199,16.0475960761091));
#1530=CARTESIAN_POINT('Ctrl Pts',(-7.66887612964837,-18.3061586252964,13.8938372417356));
#1531=CARTESIAN_POINT('Ctrl Pts',(-3.96847471768444,-13.2219428526775,14.1851580135977));
#1532=CARTESIAN_POINT('Ctrl Pts',(-0.268073305720528,-8.88378408399091,
16.8523736199865));
#1533=CARTESIAN_POINT('Ctrl Pts',(3.4323281062434,-6.32880183520223,21.2575475996484));
#1534=CARTESIAN_POINT('Ctrl Pts',(7.1327295182073,-6.16793611596756,26.3475244494803));
#1535=CARTESIAN_POINT('Ctrl Pts',(10.8331309301713,-8.43962370047533,30.9052662501108));
#1536=CARTESIAN_POINT('Ctrl Pts',(14.5335323421352,-12.6007263273155,33.8410596644719));
#1537=CARTESIAN_POINT('Ctrl Pts',(18.2339337540991,-17.6563375151464,34.4529594067202));
#1538=CARTESIAN_POINT('Ctrl Pts',(21.934335166063,-22.3976861753369,32.5946678202958));
#1539=CARTESIAN_POINT('Ctrl Pts',(25.6347365780268,-25.6911357748539,28.710491822382));
#1540=CARTESIAN_POINT('Ctrl Pts',(29.3351379899909,-26.7492385004781,23.7291213212693));
#1541=CARTESIAN_POINT('Ctrl Pts',(33.0355394019548,-25.319005322323,18.8415792197862));
#1542=CARTESIAN_POINT('Ctrl Pts',(36.7359408139187,-21.7424011874435,15.216454582005));
#1543=CARTESIAN_POINT('Ctrl Pts',(40.4363422258825,-16.8745705277042,13.7204991311298));
#1544=CARTESIAN_POINT('Ctrl Pts',(44.1367436378464,-11.879401296217,14.7113871932362));
#1545=CARTESIAN_POINT('Ctrl Pts',(47.8371450498104,-7.95119105077867,17.9522059754396));
#1546=CARTESIAN_POINT('Ctrl Pts',(51.5375464617744,-6.0292102452046,22.6680814896703));
#1547=CARTESIAN_POINT('Ctrl Pts',(55.2379478737382,-6.57288153310267,27.7314876677298));
#1548=CARTESIAN_POINT('Ctrl Pts',(58.9383492857022,-9.45245756684268,31.9317447646913));
#1549=CARTESIAN_POINT('Ctrl Pts',(62.638750697666,-13.978911303218,34.2646666695812));
#1550=CARTESIAN_POINT('Ctrl Pts',(66.339491152026,-19.0715253197608,34.1722185370929));
#1551=CARTESIAN_POINT('Ctrl Pts',(68.8067644690646,-22.0301859723831,32.5080133448319));
#1552=CARTESIAN_POINT('Ctrl Pts',(70.0405706487819,-23.2247636048103,31.3743722041948));
#1553=CARTESIAN_POINT('Ctrl Pts',(-19.9353972958357,-28.2961695539703,25.333222000246));
#1554=CARTESIAN_POINT('Ctrl Pts',(-18.701594236148,-28.4957431144601,23.3643001866332));
#1555=CARTESIAN_POINT('Ctrl Pts',(-16.234324039139,-27.9029552993289,19.3283674184929));
#1556=CARTESIAN_POINT('Ctrl Pts',(-12.5335867048087,-24.2473769783942,14.4191762072318));
#1557=CARTESIAN_POINT('Ctrl Pts',(-8.83318529284474,-18.7023153166785,11.8310301063787));
#1558=CARTESIAN_POINT('Ctrl Pts',(-5.13278388088082,-12.5926743402654,12.1811067759478));
#1559=CARTESIAN_POINT('Ctrl Pts',(-1.43238246891691,-7.37956109709936,15.3862677074492));
#1560=CARTESIAN_POINT('Ctrl Pts',(2.26801894304702,-4.30926964226472,20.679912324052));
#1561=CARTESIAN_POINT('Ctrl Pts',(5.96842035501094,-4.11595924123308,26.7964763176979));
#1562=CARTESIAN_POINT('Ctrl Pts',(9.66882176697486,-6.84581890349684,32.2734598507352));
#1563=CARTESIAN_POINT('Ctrl Pts',(13.3692231789387,-11.8461659094043,35.8013675054932));
#1564=CARTESIAN_POINT('Ctrl Pts',(17.0696245909027,-17.9214331001345,36.5366800700841));
#1565=CARTESIAN_POINT('Ctrl Pts',(20.7700260028666,-23.6190547891603,34.3035934092687));
#1566=CARTESIAN_POINT('Ctrl Pts',(24.4704274148305,-27.5767535822223,29.6360258043968));
#1567=CARTESIAN_POINT('Ctrl Pts',(28.1708288267944,-28.8482629081135,23.649972754446));
#1568=CARTESIAN_POINT('Ctrl Pts',(31.8712302387583,-27.1295688908097,17.7766721644155));
#1569=CARTESIAN_POINT('Ctrl Pts',(35.5716316507223,-22.8316066964136,13.4204034649492));
#1570=CARTESIAN_POINT('Ctrl Pts',(39.2720330626862,-16.9819931089746,11.6227317825674));
#1571=CARTESIAN_POINT('Ctrl Pts',(42.9724344746501,-10.9793582906079,12.8134700552991));
#1572=CARTESIAN_POINT('Ctrl Pts',(46.672835886614,-6.25887525982306,16.7079230278724));
#1573=CARTESIAN_POINT('Ctrl Pts',(50.3732372985779,-3.94925402996597,22.3749339436119));
#1574=CARTESIAN_POINT('Ctrl Pts',(54.0736387105419,-4.60257728114073,28.4595682803959));
#1575=CARTESIAN_POINT('Ctrl Pts',(57.7740401225058,-8.06292918539768,33.506966742371));
#1576=CARTESIAN_POINT('Ctrl Pts',(61.4744415344697,-13.5023142277347,36.3104109513379));
#1577=CARTESIAN_POINT('Ctrl Pts',(65.1751819888296,-19.6220472729155,36.1993171418491));
#1578=CARTESIAN_POINT('Ctrl Pts',(67.6424553058682,-23.1774342130042,34.1994617677803));
#1579=CARTESIAN_POINT('Ctrl Pts',(68.8762614855854,-24.6129437938306,32.8371788366181));
#1580=CARTESIAN_POINT('Ctrl Pts',(-21.0997064590321,-30.3025321436083,25.5365853203854));
#1581=CARTESIAN_POINT('Ctrl Pts',(-19.8659033993444,-30.5356015772153,23.237205127995));
#1582=CARTESIAN_POINT('Ctrl Pts',(-17.3986332023354,-29.8433218985712,18.5238925928197));
#1583=CARTESIAN_POINT('Ctrl Pts',(-13.697895868005,-25.5742014465683,12.7907563383546));
#1584=CARTESIAN_POINT('Ctrl Pts',(-9.99749445604111,-19.0984720080606,9.76822297102177));
#1585=CARTESIAN_POINT('Ctrl Pts',(-6.29709304407719,-11.9634058278533,10.1770555382978));
#1586=CARTESIAN_POINT('Ctrl Pts',(-2.59669163211327,-5.87533811020782,13.9201617949119));
#1587=CARTESIAN_POINT('Ctrl Pts',(1.10370977985065,-2.2897374493272,20.1022770484556));
#1588=CARTESIAN_POINT('Ctrl Pts',(4.80411119181456,-2.06398236649861,27.2454281859154));
#1589=CARTESIAN_POINT('Ctrl Pts',(8.50451260377849,-5.25201410651835,33.6416534513596));
#1590=CARTESIAN_POINT('Ctrl Pts',(12.2049140157424,-11.0916054914932,37.7616753465147));
#1591=CARTESIAN_POINT('Ctrl Pts',(15.9053154277063,-18.1865286851226,38.6204007334479));
#1592=CARTESIAN_POINT('Ctrl Pts',(19.6057168396702,-24.8404234029838,36.0125189982416));
#1593=CARTESIAN_POINT('Ctrl Pts',(23.3061182516341,-29.4623713895906,30.5615597864117));
#1594=CARTESIAN_POINT('Ctrl Pts',(27.0065196635981,-30.947287315749,23.5708241876227));
#1595=CARTESIAN_POINT('Ctrl Pts',(30.706921075562,-28.9401324592964,16.7117651090447));
#1596=CARTESIAN_POINT('Ctrl Pts',(34.4073224875259,-23.9208122053837,11.6243523478934));
#1597=CARTESIAN_POINT('Ctrl Pts',(38.1077238994898,-17.0894156902451,9.52496443400499));
#1598=CARTESIAN_POINT('Ctrl Pts',(41.8081253114537,-10.0793152849987,10.9155529173622));
#1599=CARTESIAN_POINT('Ctrl Pts',(45.5085267234177,-4.56655946886744,15.4636400803051));
#1600=CARTESIAN_POINT('Ctrl Pts',(49.2089281353816,-1.86929781472735,22.0817863975537));
#1601=CARTESIAN_POINT('Ctrl Pts',(52.9093295473455,-2.63227302917879,29.1876488930621));
#1602=CARTESIAN_POINT('Ctrl Pts',(56.6097309593094,-6.67340080395267,35.0821887200507));
#1603=CARTESIAN_POINT('Ctrl Pts',(60.3101323712733,-13.0257171522513,38.3561552330947));
#1604=CARTESIAN_POINT('Ctrl Pts',(64.0108728256333,-20.1725692260701,38.2264157466053));
#1605=CARTESIAN_POINT('Ctrl Pts',(66.4781461426718,-24.3246824536252,35.8909101907288));
#1606=CARTESIAN_POINT('Ctrl Pts',(67.7119523223891,-26.0011239828509,34.2999854690416));
#1607=CARTESIAN_POINT('Ctrl Pts',(-22.2640156222285,-32.3088947332463,25.7399486405247));
#1608=CARTESIAN_POINT('Ctrl Pts',(-21.0302125625407,-32.5754600399704,23.1101100693568));
#1609=CARTESIAN_POINT('Ctrl Pts',(-18.5629423655317,-31.7836884978136,17.7194177671465));
#1610=CARTESIAN_POINT('Ctrl Pts',(-14.8622050312014,-26.9010259147424,11.1623364694774));
#1611=CARTESIAN_POINT('Ctrl Pts',(-11.1618036192375,-19.4946286994427,7.70541583566486));
#1612=CARTESIAN_POINT('Ctrl Pts',(-7.46140220727357,-11.3341373154412,8.17300430064789));
#1613=CARTESIAN_POINT('Ctrl Pts',(-3.76100079530965,-4.37111512331627,12.4540558823746));
#1614=CARTESIAN_POINT('Ctrl Pts',(-0.0605993833457334,-0.270205256389681,
19.5246417728592));
#1615=CARTESIAN_POINT('Ctrl Pts',(3.63980202861819,-0.0120054917641351,
27.6943800541329));
#1616=CARTESIAN_POINT('Ctrl Pts',(7.34020344058211,-3.65820930953987,35.009847051984));
#1617=CARTESIAN_POINT('Ctrl Pts',(11.040604852546,-10.337045073582,39.7219831875361));
#1618=CARTESIAN_POINT('Ctrl Pts',(14.74100626451,-18.4516242701106,40.7041213968117));
#1619=CARTESIAN_POINT('Ctrl Pts',(18.4414076764739,-26.0617920168073,37.7214445872145));
#1620=CARTESIAN_POINT('Ctrl Pts',(22.1418090884378,-31.3479891969591,31.4870937684266));
#1621=CARTESIAN_POINT('Ctrl Pts',(25.8422105004017,-33.0463117233845,23.4916756207995));
#1622=CARTESIAN_POINT('Ctrl Pts',(29.5426119123656,-30.7506960277831,15.6468580536741));
#1623=CARTESIAN_POINT('Ctrl Pts',(33.2430133243295,-25.0100177143538,9.82830123083757));
#1624=CARTESIAN_POINT('Ctrl Pts',(36.9434147362935,-17.1968382715155,7.42719708544262));
#1625=CARTESIAN_POINT('Ctrl Pts',(40.6438161482574,-9.17927227938952,9.0176357794251));
#1626=CARTESIAN_POINT('Ctrl Pts',(44.3442175602213,-2.87424367791181,14.2193571327379));
#1627=CARTESIAN_POINT('Ctrl Pts',(48.0446189721852,0.210658400511269,21.7886388514953));
#1628=CARTESIAN_POINT('Ctrl Pts',(51.7450203841492,-0.661968777216854,29.9157295057282));
#1629=CARTESIAN_POINT('Ctrl Pts',(55.445421796113,-5.28387242250766,36.6574106977304));
#1630=CARTESIAN_POINT('Ctrl Pts',(59.145823208077,-12.5491200767679,40.4018995148514));
#1631=CARTESIAN_POINT('Ctrl Pts',(62.8465636624368,-20.7230911792246,40.2535143513616));
#1632=CARTESIAN_POINT('Ctrl Pts',(65.3138369794754,-25.4719306942464,37.5823586136771));
#1633=CARTESIAN_POINT('Ctrl Pts',(66.5476431591927,-27.3893041718713,35.7627921014649));
#1634=CARTESIAN_POINT('Ctrl Pts',(-7.2489917651093,-11.1025055709136,8.95216305331795));
#1635=CARTESIAN_POINT('Ctrl Pts',(-6.94534429954966,-10.487877564142,9.16515976665431));
#1636=CARTESIAN_POINT('Ctrl Pts',(-6.64167623702722,-9.88597954973604,9.41573561468178));
#1637=CARTESIAN_POINT('Ctrl Pts',(-6.33799108273167,-9.3012201595269,9.70159092324984));
#1638=CARTESIAN_POINT('Ctrl Pts',(-6.03292997574164,-8.71381131066891,9.98874140010812));
#1639=CARTESIAN_POINT('Ctrl Pts',(-5.72785162174702,-8.14369732046844,10.3114907729197));
#1640=CARTESIAN_POINT('Ctrl Pts',(-5.42275957379819,-7.59530426697976,10.6674775362262));
#1641=CARTESIAN_POINT('Ctrl Pts',(-5.12013303001036,-7.05134287719496,11.0205875059482));
#1642=CARTESIAN_POINT('Ctrl Pts',(-4.81749301270068,-6.52875310707651,11.4063989095453));
#1643=CARTESIAN_POINT('Ctrl Pts',(-4.51484298947523,-6.03180603063434,11.8225915374614));
#1644=CARTESIAN_POINT('Ctrl Pts',(-4.44472719837354,-5.91667688896413,11.9190120665135));
#1645=CARTESIAN_POINT('Ctrl Pts',(-4.37461087023128,-5.80292383193096,12.017063192949));
#1646=CARTESIAN_POINT('Ctrl Pts',(-4.3044940481661,-5.69059956727283,12.1167160258505));
#1647=CARTESIAN_POINT('Ctrl Pts',(-4.12340007678445,-5.40049447450983,12.3740940235695));
#1648=CARTESIAN_POINT('Ctrl Pts',(-3.94230281065092,-5.11992070963045,12.6421562445826));
#1649=CARTESIAN_POINT('Ctrl Pts',(-3.76120299261434,-4.84944746206167,12.9200272695007));
#1650=CARTESIAN_POINT('Ctrl Pts',(-3.45290564759343,-4.3890042378294,13.3930641845527));
#1651=CARTESIAN_POINT('Ctrl Pts',(-3.14462546320728,-3.95782837143615,13.8949655406586));
#1652=CARTESIAN_POINT('Ctrl Pts',(-2.8363533117273,-3.558829348548,14.4214212009388));
#1653=CARTESIAN_POINT('Ctrl Pts',(-2.52641863233738,-3.15767850296551,14.9507160642555));
#1654=CARTESIAN_POINT('Ctrl Pts',(-2.21649207273104,-2.78905242142535,15.5048296281764));
#1655=CARTESIAN_POINT('Ctrl Pts',(-1.90656435670288,-2.45585521998539,16.0793798420396));
#1656=CARTESIAN_POINT('Ctrl Pts',(-1.59832551139929,-2.12447369029699,16.6507991934927));
#1657=CARTESIAN_POINT('Ctrl Pts',(-1.29008552224278,-1.82813569294789,17.2424320921766));
#1658=CARTESIAN_POINT('Ctrl Pts',(-0.98183526384792,-1.56964896425239,17.849982006142));
#1659=CARTESIAN_POINT('Ctrl Pts',(-0.851120431355774,-1.46003656808176,
18.1076161299483));
#1660=CARTESIAN_POINT('Ctrl Pts',(-0.720403752228558,-1.3572300814004,18.3681127442224));
#1661=CARTESIAN_POINT('Ctrl Pts',(-0.589684530616535,-1.26144112820959,
18.6311456182501));
#1662=CARTESIAN_POINT('Ctrl Pts',(-0.413406515947681,-1.13226742072071,
18.985851775879));
#1663=CARTESIAN_POINT('Ctrl Pts',(-0.237123877726652,-1.01585532535247,
19.3451699835561));
#1664=CARTESIAN_POINT('Ctrl Pts',(-0.0608349095112778,-0.912281130224562,
19.7081437385879));
#1665=CARTESIAN_POINT('Ctrl Pts',(0.248021779647219,-0.730820070503686,
20.3440704977347));
#1666=CARTESIAN_POINT('Ctrl Pts',(0.55685909021075,-0.588977419031906,20.991576831779));
#1667=CARTESIAN_POINT('Ctrl Pts',(0.865686771626609,-0.487260367985398,
21.6454608013965));
#1668=CARTESIAN_POINT('Ctrl Pts',(1.17620100512393,-0.384987825593762,22.3029157247735));
#1669=CARTESIAN_POINT('Ctrl Pts',(1.4867055040141,-0.323279714947181,22.9668171479146));
#1670=CARTESIAN_POINT('Ctrl Pts',(1.79721017834764,-0.302604467071907,23.631901147081));
#1671=CARTESIAN_POINT('Ctrl Pts',(2.10606981638959,-0.282038755496417,24.2934615686462));
#1672=CARTESIAN_POINT('Ctrl Pts',(2.41492962802085,-0.30207156045938,24.9561913411605));
#1673=CARTESIAN_POINT('Ctrl Pts',(2.72379936661633,-0.363127630995144,25.614945903062));
#1674=CARTESIAN_POINT('Ctrl Pts',(2.85758936455872,-0.389574674944788,25.9002919906461));
#1675=CARTESIAN_POINT('Ctrl Pts',(2.99138122507293,-0.423718414479966,26.1848927437588));
#1676=CARTESIAN_POINT('Ctrl Pts',(3.12517574084238,-0.465591763012729,26.4683326438025));
#1677=CARTESIAN_POINT('Ctrl Pts',(3.29663628086075,-0.51925335676726,26.8315669516123));
#1678=CARTESIAN_POINT('Ctrl Pts',(3.46810118159736,-0.585609260957897,27.1928946287476));
#1679=CARTESIAN_POINT('Ctrl Pts',(3.63957211136469,-0.664302814790758,27.5515081462398));
#1680=CARTESIAN_POINT('Ctrl Pts',(3.9495129705589,-0.806544696380238,28.1997170401964));
#1681=CARTESIAN_POINT('Ctrl Pts',(4.25943311104731,-0.989452225086349,28.8392692113908));
#1682=CARTESIAN_POINT('Ctrl Pts',(4.56934310939486,-1.21097627943495,29.4652989713445));
#1683=CARTESIAN_POINT('Ctrl Pts',(4.8809229498704,-1.4336939390247,30.0947018747016));
#1684=CARTESIAN_POINT('Ctrl Pts',(5.19249253861586,-1.69544435789062,30.7104356938128));
#1685=CARTESIAN_POINT('Ctrl Pts',(5.5040626240834,-1.99411542093579,31.3075992485202));
#1686=CARTESIAN_POINT('Ctrl Pts',(5.81399464448955,-2.29121623492289,31.9016232439421));
#1687=CARTESIAN_POINT('Ctrl Pts',(6.12392715640853,-2.62484951157878,32.4772714384631));
#1688=CARTESIAN_POINT('Ctrl Pts',(6.43387073965383,-2.99292214298658,33.0297687744442));
#1689=CARTESIAN_POINT('Ctrl Pts',(6.56925427885771,-3.15369648456937,33.2710999353046));
#1690=CARTESIAN_POINT('Ctrl Pts',(6.70463993041257,-3.32104157955383,33.5080146944258));
#1691=CARTESIAN_POINT('Ctrl Pts',(6.84002857603222,-3.49478284617282,33.740118235553));
#1692=CARTESIAN_POINT('Ctrl Pts',(7.00667272860647,-3.70863361637874,34.0258046588391));
#1693=CARTESIAN_POINT('Ctrl Pts',(7.17332141722062,-3.93217458145624,34.3042019297458));
#1694=CARTESIAN_POINT('Ctrl Pts',(7.33997628606148,-4.16476520212295,34.5748139229589));
#1695=CARTESIAN_POINT('Ctrl Pts',(7.65142075780934,-4.59943034866738,35.0805333769483));
#1696=CARTESIAN_POINT('Ctrl Pts',(7.96284250674103,-5.0661117370416,35.5590745971046));
#1697=CARTESIAN_POINT('Ctrl Pts',(8.27425310288915,-5.56063226921746,36.0070873277103));
#1698=CARTESIAN_POINT('Ctrl Pts',(8.58731772536995,-6.05777939789448,36.457479633266));
#1699=CARTESIAN_POINT('Ctrl Pts',(8.90037107627876,-6.58306100706267,36.8770183031483));
#1700=CARTESIAN_POINT('Ctrl Pts',(9.21342491098836,-7.13222840456141,37.2623519313106));
#1701=CARTESIAN_POINT('Ctrl Pts',(9.52485270497587,-7.67854335799916,37.6456840884748));
#1702=CARTESIAN_POINT('Ctrl Pts',(9.83628097775137,-8.2484956082787,37.9951658425693));
#1703=CARTESIAN_POINT('Ctrl Pts',(10.1477213024608,-8.83791405374492,38.307547602459));
#1704=CARTESIAN_POINT('Ctrl Pts',(10.28344016386,-9.09476968212567,38.4436767206573));
#1705=CARTESIAN_POINT('Ctrl Pts',(10.4191613139519,-9.35532222985995,38.5727610768754));
#1706=CARTESIAN_POINT('Ctrl Pts',(10.5548857104761,-9.61922791373384,38.6945345310123));
#1707=CARTESIAN_POINT('Ctrl Pts',(10.7167116492256,-9.9338860454176,38.8397265822214));
#1708=CARTESIAN_POINT('Ctrl Pts',(10.8785422031354,-10.2533109355258,38.9745253445079));
#1709=CARTESIAN_POINT('Ctrl Pts',(11.0403789955781,-10.5767709202527,39.098810197318));
#1710=CARTESIAN_POINT('Ctrl Pts',(11.3531017770976,-11.2018037363839,39.3389700786706));
#1711=CARTESIAN_POINT('Ctrl Pts',(11.6658005703663,-11.8422647523149,39.5396843576525));
#1712=CARTESIAN_POINT('Ctrl Pts',(11.9784876556418,-12.4928231143136,39.6999830453307));
#1713=CARTESIAN_POINT('Ctrl Pts',(12.2928209241569,-13.1468064283564,39.861125647022));
#1714=CARTESIAN_POINT('Ctrl Pts',(12.6071423610777,-13.8109926563468,39.9814265742916));
#1715=CARTESIAN_POINT('Ctrl Pts',(12.9214644416381,-14.4799876251469,40.0599486543582));
#1716=CARTESIAN_POINT('Ctrl Pts',(13.2341663457192,-15.1455342523247,40.1380659915349));
#1717=CARTESIAN_POINT('Ctrl Pts',(13.5468688868217,-15.8158394053628,40.1748347623566));
#1718=CARTESIAN_POINT('Ctrl Pts',(13.8595843482608,-16.4856263456537,40.1693701276059));
#1719=CARTESIAN_POINT('Ctrl Pts',(13.9963008666055,-16.7784514528226,40.1669810361497));
#1720=CARTESIAN_POINT('Ctrl Pts',(14.133019854496,-17.0711780241075,40.1565200342566));
#1721=CARTESIAN_POINT('Ctrl Pts',(14.2697423383652,-17.3633677193939,40.1379149515853));
#1722=CARTESIAN_POINT('Ctrl Pts',(14.4267511396803,-17.6989113148235,40.1165493235927));
#1723=CARTESIAN_POINT('Ctrl Pts',(14.5837645513772,-18.0337468223127,40.0844435666023));
#1724=CARTESIAN_POINT('Ctrl Pts',(14.7407841279271,-18.3672342405962,40.0418185382467));
#1725=CARTESIAN_POINT('Ctrl Pts',(15.0550315287511,-19.0346513659368,39.9565119499529));
#1726=CARTESIAN_POINT('Ctrl Pts',(15.369253309524,-19.6968925284838,39.8287359825937));
#1727=CARTESIAN_POINT('Ctrl Pts',(15.6834626257548,-20.3487343452884,39.6601988611877));
#1728=CARTESIAN_POINT('Ctrl Pts',(15.9993032223035,-21.0039603288609,39.49078674571));
#1729=CARTESIAN_POINT('Ctrl Pts',(16.3151312245499,-21.64867808588,39.2801901532914));
#1730=CARTESIAN_POINT('Ctrl Pts',(16.630959993967,-22.2776245269469,39.0301758057207));
#1731=CARTESIAN_POINT('Ctrl Pts',(16.9451765415933,-22.9033603638645,38.7814377148378));
#1732=CARTESIAN_POINT('Ctrl Pts',(17.2593938485779,-23.5134851546041,38.4936842593392));
#1733=CARTESIAN_POINT('Ctrl Pts',(17.5736250728164,-24.1028645744465,38.1686715464164));
#1734=CARTESIAN_POINT('Ctrl Pts',(17.7106136772,-24.3598035987981,38.0269827691215));
#1735=CARTESIAN_POINT('Ctrl Pts',(17.8476049265719,-24.6128005986955,37.8782129543082));
#1736=CARTESIAN_POINT('Ctrl Pts',(17.9845999110959,-24.8614332872772,37.722507870545));
#1737=CARTESIAN_POINT('Ctrl Pts',(18.1367909674045,-25.1376453810234,37.5495313104696));
#1738=CARTESIAN_POINT('Ctrl Pts',(18.2889866334615,-25.4084712119152,37.3679956122996));
#1739=CARTESIAN_POINT('Ctrl Pts',(18.4411884039362,-25.673493900921,37.1783547304141));
#1740=CARTESIAN_POINT('Ctrl Pts',(18.7569688966861,-26.2233494976276,36.7848974733758));
#1741=CARTESIAN_POINT('Ctrl Pts',(19.0727223894645,-26.7482571052576,36.3561519634393));
#1742=CARTESIAN_POINT('Ctrl Pts',(19.3884628027806,-27.2443820702256,35.8961633547683));
#1743=CARTESIAN_POINT('Ctrl Pts',(19.7058239257059,-27.7430536667433,35.4338136040745));
#1744=CARTESIAN_POINT('Ctrl Pts',(20.0231718345495,-28.2126463260476,34.9399003812461));
#1745=CARTESIAN_POINT('Ctrl Pts',(20.3405206652869,-28.6493182249497,34.4185388041804));
#1746=CARTESIAN_POINT('Ctrl Pts',(20.6562627474413,-29.0837792382686,33.8998168995949));
#1747=CARTESIAN_POINT('Ctrl Pts',(20.972005742178,-29.4856521906942,33.3539249084617));
#1748=CARTESIAN_POINT('Ctrl Pts',(21.2877635718447,-29.8512036960806,32.7849063710996));
#1749=CARTESIAN_POINT('Ctrl Pts',(21.4249919514061,-30.0100724113341,32.5376108664877));
#1750=CARTESIAN_POINT('Ctrl Pts',(21.5622231329481,-30.1620814604514,32.2859470727292));
#1751=CARTESIAN_POINT('Ctrl Pts',(21.6994582593013,-30.3069271982404,32.0302456445601));
#1752=CARTESIAN_POINT('Ctrl Pts',(21.8468317064444,-30.4624734949443,31.7556541320948));
#1753=CARTESIAN_POINT('Ctrl Pts',(21.9942097027781,-30.6097589998726,31.4764064260102));
#1754=CARTESIAN_POINT('Ctrl Pts',(22.1415936635871,-30.7486468174571,31.1930449297737));
#1755=CARTESIAN_POINT('Ctrl Pts',(22.4590260469577,-31.0477803915243,30.582747075027));
#1756=CARTESIAN_POINT('Ctrl Pts',(22.7764300453929,-31.3077956217157,29.953005379162));
#1757=CARTESIAN_POINT('Ctrl Pts',(23.0938203571701,-31.527223042551,29.3092848491346));
#1758=CARTESIAN_POINT('Ctrl Pts',(23.412819295718,-31.7477625856228,28.6623017555096));
#1759=CARTESIAN_POINT('Ctrl Pts',(23.7318044085203,-31.9273023919615,28.0011988458947));
#1760=CARTESIAN_POINT('Ctrl Pts',(24.0507906184747,-32.0643997172351,27.3315057320026));
#1761=CARTESIAN_POINT('Ctrl Pts',(24.3681746715205,-32.200808450275,26.6651762539528));
#1762=CARTESIAN_POINT('Ctrl Pts',(24.6855598107248,-32.295200644333,25.990343457138));
#1763=CARTESIAN_POINT('Ctrl Pts',(25.0029607352551,-32.3461946183604,25.3124213115468));
#1764=CARTESIAN_POINT('Ctrl Pts',(25.1400762501228,-32.3682237445019,25.0195625425607));
#1765=CARTESIAN_POINT('Ctrl Pts',(25.2771947108388,-32.3821543615944,24.7261267546198));
#1766=CARTESIAN_POINT('Ctrl Pts',(25.4143173024294,-32.3878768839552,24.4325479873442));
#1767=CARTESIAN_POINT('Ctrl Pts',(25.556873026965,-32.3938261466686,24.1273369102211));
#1768=CARTESIAN_POINT('Ctrl Pts',(25.6994332162111,-32.3909040019926,23.8219713204542));
#1769=CARTESIAN_POINT('Ctrl Pts',(25.8419992017098,-32.3792348744568,23.516941803614));
#1770=CARTESIAN_POINT('Ctrl Pts',(26.1611620612534,-32.3531111668999,22.8340713945237));
#1771=CARTESIAN_POINT('Ctrl Pts',(26.4802952209733,-32.2828348161239,22.1526511809994));
#1772=CARTESIAN_POINT('Ctrl Pts',(26.799414131882,-32.1697352487571,21.4782747603955));
#1773=CARTESIAN_POINT('Ctrl Pts',(27.1201299097163,-32.0560697326099,20.8005237688567));
#1774=CARTESIAN_POINT('Ctrl Pts',(27.4408312957809,-31.8991523498121,20.1298879244083));
#1775=CARTESIAN_POINT('Ctrl Pts',(27.7615339742008,-31.7003663849792,19.472004813205));
#1776=CARTESIAN_POINT('Ctrl Pts',(28.0806378694899,-31.5025714179414,18.8174014139934));
#1777=CARTESIAN_POINT('Ctrl Pts',(28.399743044281,-31.2633252595682,18.1754243005087));
#1778=CARTESIAN_POINT('Ctrl Pts',(28.7188649492987,-30.9840091079803,17.5515793587554));
#1779=CARTESIAN_POINT('Ctrl Pts',(28.8556321450902,-30.8643016037592,17.28421594073));
#1780=CARTESIAN_POINT('Ctrl Pts',(28.9924024138103,-30.7372343791527,17.0201823215764));
#1781=CARTESIAN_POINT('Ctrl Pts',(29.1291769717147,-30.6029165399415,16.7599089947815));
#1782=CARTESIAN_POINT('Ctrl Pts',(29.2669149233317,-30.4676526113131,16.4978023907277));
#1783=CARTESIAN_POINT('Ctrl Pts',(29.4046572247687,-30.3250355927088,16.2395092352412));
#1784=CARTESIAN_POINT('Ctrl Pts',(29.5424051181636,-30.1753745244627,15.9853652939163));
#1785=CARTESIAN_POINT('Ctrl Pts',(29.8634406658854,-29.8265741048492,15.3930568571582));
#1786=CARTESIAN_POINT('Ctrl Pts',(30.1844452627878,-29.439127970132,14.8232338394159));
#1787=CARTESIAN_POINT('Ctrl Pts',(30.5054350929862,-29.0169332463917,14.2802568311984));
#1788=CARTESIAN_POINT('Ctrl Pts',(30.828011177655,-28.5926521379598,13.7345965613147));
#1789=CARTESIAN_POINT('Ctrl Pts',(31.1505723493123,-28.1332793628924,13.2160484057393));
#1790=CARTESIAN_POINT('Ctrl Pts',(31.4731350331953,-27.642780034509,12.728986200823));
#1791=CARTESIAN_POINT('Ctrl Pts',(31.7941011328651,-27.1547085241078,12.2443348012049));
#1792=CARTESIAN_POINT('Ctrl Pts',(32.1150687298275,-26.6358188814351,11.7908582921987));
#1793=CARTESIAN_POINT('Ctrl Pts',(32.4360540066258,-26.0900104975068,11.3728151161399));
#1794=CARTESIAN_POINT('Ctrl Pts',(32.5720449735273,-25.858769330891,11.1957038907096));
#1795=CARTESIAN_POINT('Ctrl Pts',(32.7080391138529,-25.6226962334915,11.0249521232812));
#1796=CARTESIAN_POINT('Ctrl Pts',(32.8440376582161,-25.3820866846188,10.8608810172501));
#1797=CARTESIAN_POINT('Ctrl Pts',(32.9769577026676,-25.1469236387101,10.7005238692455));
#1798=CARTESIAN_POINT('Ctrl Pts',(33.1098819540313,-24.9074272077742,10.5465483356907));
#1799=CARTESIAN_POINT('Ctrl Pts',(33.2428115612284,-24.6639850508698,10.3990877452063));
#1800=CARTESIAN_POINT('Ctrl Pts',(33.5657579156318,-24.0725535501069,10.0408390365909));
#1801=CARTESIAN_POINT('Ctrl Pts',(33.8886721699678,-23.4574760854626,9.72118225121207));
#1802=CARTESIAN_POINT('Ctrl Pts',(34.2115711932729,-22.8243514569808,9.44213247247533));
#1803=CARTESIAN_POINT('Ctrl Pts',(34.5360445280321,-22.1881399955186,9.16172217162105));
#1804=CARTESIAN_POINT('Ctrl Pts',(34.8605024828789,-21.5337060820284,8.92231531917156));
#1805=CARTESIAN_POINT('Ctrl Pts',(35.1849621747924,-20.8667143883526,8.72590659053223));
#1806=CARTESIAN_POINT('Ctrl Pts',(35.5078239396735,-20.2030075528096,8.53046515251394));
#1807=CARTESIAN_POINT('Ctrl Pts',(35.8306874245538,-19.5268671776063,8.37759872269101));
#1808=CARTESIAN_POINT('Ctrl Pts',(36.1535694947583,-18.8438436984755,8.26923177679594));
#1809=CARTESIAN_POINT('Ctrl Pts',(36.2886755455496,-18.5580408825907,8.22388695449926));
#1810=CARTESIAN_POINT('Ctrl Pts',(36.4237848504484,-18.2710324566774,8.18633311567871));
#1811=CARTESIAN_POINT('Ctrl Pts',(36.5588986450814,-17.9832229549512,8.15670954215916));
#1812=CARTESIAN_POINT('Ctrl Pts',(36.6870009089998,-17.7103489020204,8.1286232402126));
#1813=CARTESIAN_POINT('Ctrl Pts',(36.8151072087668,-17.4367547536448,8.10766547658798));
#1814=CARTESIAN_POINT('Ctrl Pts',(36.9432185974558,-17.1628023983614,8.09377625575209));
#1815=CARTESIAN_POINT('Ctrl Pts',(37.2683137699964,-16.4676215161607,8.05853100011709));
#1816=CARTESIAN_POINT('Ctrl Pts',(37.5933756258133,-15.7698915574968,8.06909435348922));
#1817=CARTESIAN_POINT('Ctrl Pts',(37.9184217965696,-15.0756106234139,8.12455675376675));
#1818=CARTESIAN_POINT('Ctrl Pts',(38.2450317767674,-14.3779894774552,8.18028598575314));
#1819=CARTESIAN_POINT('Ctrl Pts',(38.5716259206188,-13.6838513709533,8.28134635024322));
#1820=CARTESIAN_POINT('Ctrl Pts',(38.8982221154931,-12.9992427187356,8.42677938772154));
#1821=CARTESIAN_POINT('Ctrl Pts',(39.2232239668844,-12.3179761181409,8.57150246525799));
#1822=CARTESIAN_POINT('Ctrl Pts',(39.5482278493225,-11.6461465964261,8.76016506709568));
#1823=CARTESIAN_POINT('Ctrl Pts',(39.8732513894914,-10.9896654702452,8.99180214519467));
#1824=CARTESIAN_POINT('Ctrl Pts',(40.0067507167765,-10.7200241123457,9.08694415886058));
#1825=CARTESIAN_POINT('Ctrl Pts',(40.1402533604234,-10.4529715223583,9.18933603263091));
#1826=CARTESIAN_POINT('Ctrl Pts',(40.2737605418475,-10.1889147928214,9.29891046197594));
#1827=CARTESIAN_POINT('Ctrl Pts',(40.397044556642,-9.94507791900262,9.4000943490476));
#1828=CARTESIAN_POINT('Ctrl Pts',(40.5203324408706,-9.70379564471559,9.50740289837904));
#1829=CARTESIAN_POINT('Ctrl Pts',(40.6436251563002,-9.46532621448374,9.62063576463437));
#1830=CARTESIAN_POINT('Ctrl Pts',(40.9709450756015,-8.8322328935417,9.92124859902441));
#1831=CARTESIAN_POINT('Ctrl Pts',(41.2982308655214,-8.21889457330554,10.2639838067457));
#1832=CARTESIAN_POINT('Ctrl Pts',(41.6255006458934,-7.63025153813421,10.6451135738479));
#1833=CARTESIAN_POINT('Ctrl Pts',(41.9543269303886,-7.03880890041398,11.0280560046591));
#1834=CARTESIAN_POINT('Ctrl Pts',(42.2831370526899,-6.47229719487987,11.4497578511217));
#1835=CARTESIAN_POINT('Ctrl Pts',(42.6119493923978,-5.93567642359864,11.9064253150594));
#1836=CARTESIAN_POINT('Ctrl Pts',(42.9391535342899,-5.40168022642257,12.3608592508434));
#1837=CARTESIAN_POINT('Ctrl Pts',(43.2663598719512,-4.89728319723488,12.8499165380947));
#1838=CARTESIAN_POINT('Ctrl Pts',(43.5935865166189,-4.42732186320511,13.3698636065258));
#1839=CARTESIAN_POINT('Ctrl Pts',(43.725262151104,-4.23820994994789,13.5790897231944));
#1840=CARTESIAN_POINT('Ctrl Pts',(43.8569410737981,-4.0546734613196,13.7933178062588));
#1841=CARTESIAN_POINT('Ctrl Pts',(43.9886244648003,-3.87702527930853,14.0123053753644));
#1842=CARTESIAN_POINT('Ctrl Pts',(44.1070907374849,-3.71720772136227,14.2093130684286));
#1843=CARTESIAN_POINT('Ctrl Pts',(44.2255606265203,-3.56215574286969,14.4101727701775));
#1844=CARTESIAN_POINT('Ctrl Pts',(44.3440349911366,-3.41198636422605,14.6146192422713));
#1845=CARTESIAN_POINT('Ctrl Pts',(44.6734017178843,-2.99450536011373,15.1829942280897));
#1846=CARTESIAN_POINT('Ctrl Pts',(45.0027329761106,-2.61487562699204,15.7794411151321));
#1847=CARTESIAN_POINT('Ctrl Pts',(45.3320478186188,-2.27571501487032,16.3982269027191));
#1848=CARTESIAN_POINT('Ctrl Pts',(45.6628959383217,-1.9349752840306,17.0198937330471));
#1849=CARTESIAN_POINT('Ctrl Pts',(45.9937274890887,-1.63508195972126,17.6641068009064));
#1850=CARTESIAN_POINT('Ctrl Pts',(46.3245617910914,-1.37863893506533,18.3250667075001));
#1851=CARTESIAN_POINT('Ctrl Pts',(46.653799528471,-1.12343347210876,18.982836904932));
#1852=CARTESIAN_POINT('Ctrl Pts',(46.9830399905961,-0.911259338664905,19.6571917991471));
#1853=CARTESIAN_POINT('Ctrl Pts',(47.312302219276,-0.744640793788149,20.3424448239429));
#1854=CARTESIAN_POINT('Ctrl Pts',(47.44269214762,-0.678658794533718,20.6138093626538));
#1855=CARTESIAN_POINT('Ctrl Pts',(47.5730854894173,-0.619820453915852,20.8868833524857));
#1856=CARTESIAN_POINT('Ctrl Pts',(47.7034834272044,-0.568281038191665,21.1613153543538));
#1857=CARTESIAN_POINT('Ctrl Pts',(47.8171315109906,-0.523361954838699,21.400496062816));
#1858=CARTESIAN_POINT('Ctrl Pts',(47.9307830858734,-0.483987086634688,21.6407083242739));
#1859=CARTESIAN_POINT('Ctrl Pts',(48.044438934721,-0.450135975994997,21.8816971000785));
#1860=CARTESIAN_POINT('Ctrl Pts',(48.3776152993395,-0.350903159597264,22.588143491096));
#1861=CARTESIAN_POINT('Ctrl Pts',(48.7107556684773,-0.299406127264512,23.3015111412186));
#1862=CARTESIAN_POINT('Ctrl Pts',(49.0438793821239,-0.295205888097396,24.0152958296771));
#1863=CARTESIAN_POINT('Ctrl Pts',(49.3785622450387,-0.290985990168219,24.7324213096465));
#1864=CARTESIAN_POINT('Ctrl Pts',(49.713228296189,-0.334505702142153,25.4499669211189));
#1865=CARTESIAN_POINT('Ctrl Pts',(50.0478971483936,-0.425282229965346,26.1613734456304));
#1866=CARTESIAN_POINT('Ctrl Pts',(50.3809468636829,-0.515619578503496,26.8693381662275));
#1867=CARTESIAN_POINT('Ctrl Pts',(50.7139993529887,-0.652756611881223,27.5712225658995));
#1868=CARTESIAN_POINT('Ctrl Pts',(51.0470739458427,-0.836194904561643,28.2606082115217));
#1869=CARTESIAN_POINT('Ctrl Pts',(51.1708321882368,-0.904353813037294,28.5167585083752));
#1870=CARTESIAN_POINT('Ctrl Pts',(51.2945934822284,-0.978904883889746,28.7711837310607));
#1871=CARTESIAN_POINT('Ctrl Pts',(51.4183588193779,-1.05982216178997,29.0235564307223));
#1872=CARTESIAN_POINT('Ctrl Pts',(51.5271870766167,-1.13097363713194,29.2454705927273));
#1873=CARTESIAN_POINT('Ctrl Pts',(51.636018459978,-1.2070473801331,29.4657977832609));
#1874=CARTESIAN_POINT('Ctrl Pts',(51.7448536435974,-1.28792120271137,29.6843495743198));
#1875=CARTESIAN_POINT('Ctrl Pts',(52.0767671999217,-1.53456127968674,30.3508647562589));
#1876=CARTESIAN_POINT('Ctrl Pts',(52.4086446013097,-1.82618654199803,31.0009539037322));
#1877=CARTESIAN_POINT('Ctrl Pts',(52.7405062400523,-2.15935265564089,31.6291697370293));
#1878=CARTESIAN_POINT('Ctrl Pts',(53.0737908818563,-2.49394736585625,32.2600793226303));
#1879=CARTESIAN_POINT('Ctrl Pts',(53.4070596255465,-2.87043871104909,32.8689273627858));
#1880=CARTESIAN_POINT('Ctrl Pts',(53.7403331268633,-3.28532322137366,33.4502466815085));
#1881=CARTESIAN_POINT('Ctrl Pts',(54.0719578362066,-3.69815518852313,34.0286900601311));
#1882=CARTESIAN_POINT('Ctrl Pts',(54.4035872562184,-4.1490002881451,34.579876478647));
#1883=CARTESIAN_POINT('Ctrl Pts',(54.7352417375849,-4.63440972084937,35.0984707060751));
#1884=CARTESIAN_POINT('Ctrl Pts',(54.8679027221762,-4.82857231140786,35.3059071336805));
#1885=CARTESIAN_POINT('Ctrl Pts',(55.0005677165355,-5.02826524980907,35.5081294439776));
#1886=CARTESIAN_POINT('Ctrl Pts',(55.1332380230828,-5.23326851895691,35.7047984277065));
#1887=CARTESIAN_POINT('Ctrl Pts',(55.237255220406,-5.3939967636848,35.8589923616792));
#1888=CARTESIAN_POINT('Ctrl Pts',(55.3412756831283,-5.55798927114774,36.0097726971083));
#1889=CARTESIAN_POINT('Ctrl Pts',(55.44530003894,-5.7250739808004,36.1570455712649));
#1890=CARTESIAN_POINT('Ctrl Pts',(55.7996773063643,-6.29427743679005,36.6587565244558));
#1891=CARTESIAN_POINT('Ctrl Pts',(56.1539881581818,-6.8997181273984,37.1196228139599));
#1892=CARTESIAN_POINT('Ctrl Pts',(56.5082816758208,-7.53459271219375,37.5358503382981));
#1893=CARTESIAN_POINT('Ctrl Pts',(56.8648145950393,-8.17348018200458,37.9547087337335));
#1894=CARTESIAN_POINT('Ctrl Pts',(57.2213299602565,-8.84217377745342,38.3283631700967));
#1895=CARTESIAN_POINT('Ctrl Pts',(57.5778777894903,-9.53377312329168,38.6529882035186));
#1896=CARTESIAN_POINT('Ctrl Pts',(57.8387536149689,-10.0397965385337,38.8905070344337));
#1897=CARTESIAN_POINT('Ctrl Pts',(58.0996468198295,-10.5580830681049,39.1017792692674));
#1898=CARTESIAN_POINT('Ctrl Pts',(58.3605769958838,-11.0859450429793,39.2853156758584));
#1899=CARTESIAN_POINT('Ctrl Pts',(70.1636262439216,-6.40688051218138,25.2489479536029));
#1900=CARTESIAN_POINT('Ctrl Pts',(68.92990043643,-6.22133549436289,23.6138872647898));
#1901=CARTESIAN_POINT('Ctrl Pts',(66.4627820100912,-6.67328374281033,20.2524065048544));
#1902=CARTESIAN_POINT('Ctrl Pts',(62.7622709649052,-9.66128640357538,16.1327115222823));
#1903=CARTESIAN_POINT('Ctrl Pts',(59.0620931083636,-14.2435353553724,13.9212061083631));
#1904=CARTESIAN_POINT('Ctrl Pts',(55.3619152518221,-19.3269300919004,14.1444540523731));
#1905=CARTESIAN_POINT('Ctrl Pts',(51.6617373952804,-23.6976492226536,16.7496390210966));
#1906=CARTESIAN_POINT('Ctrl Pts',(47.9615595387389,-26.3124198060674,21.1146140034052));
#1907=CARTESIAN_POINT('Ctrl Pts',(44.2613816821973,-26.5469689234591,26.197454605538));
#1908=CARTESIAN_POINT('Ctrl Pts',(40.5612038256558,-24.345332386505,30.7847090874414));
#1909=CARTESIAN_POINT('Ctrl Pts',(36.8610259691142,-20.2330828956889,33.7813072949527));
#1910=CARTESIAN_POINT('Ctrl Pts',(33.1608481125726,-15.1919245496372,34.471874712948));
#1911=CARTESIAN_POINT('Ctrl Pts',(29.460670256031,-10.4253059362775,32.6915605925811));
#1912=CARTESIAN_POINT('Ctrl Pts',(25.7604923994895,-7.07114087318641,28.865368452298));
#1913=CARTESIAN_POINT('Ctrl Pts',(22.0603145429479,-5.93015192407441,23.906707969584));
#1914=CARTESIAN_POINT('Ctrl Pts',(18.3601366864063,-7.27472355168916,18.9993361158706));
#1915=CARTESIAN_POINT('Ctrl Pts',(14.6599588298648,-10.7838696649189,15.3147663465804));
#1916=CARTESIAN_POINT('Ctrl Pts',(10.9597809733232,-15.6198745128666,13.7325989083475));
#1917=CARTESIAN_POINT('Ctrl Pts',(7.25960311678159,-20.6282491304261,14.6305358842976));
#1918=CARTESIAN_POINT('Ctrl Pts',(3.55942526024002,-24.6133948636315,17.7942197117801));
#1919=CARTESIAN_POINT('Ctrl Pts',(-0.140752596301544,-26.6239000434025,
22.4683935128041));
#1920=CARTESIAN_POINT('Ctrl Pts',(-3.84093045284311,-26.1799275376702,27.5372260071118));
#1921=CARTESIAN_POINT('Ctrl Pts',(-7.54110830938468,-23.3872085402541,31.7906319709642));
#1922=CARTESIAN_POINT('Ctrl Pts',(-11.2412861659262,-18.9129914689176,34.2132634432687));
#1923=CARTESIAN_POINT('Ctrl Pts',(-14.9418004201691,-13.8237957341459,34.2266179945314));
#1924=CARTESIAN_POINT('Ctrl Pts',(-17.4089220555647,-10.8331278023661,32.6266964547112));
#1925=CARTESIAN_POINT('Ctrl Pts',(-18.642651072113,-9.6155798570059,31.5196998373381));
#1926=CARTESIAN_POINT('Ctrl Pts',(71.3366899010185,-4.3880313252519,25.4780396160813));
#1927=CARTESIAN_POINT('Ctrl Pts',(70.1029640935269,-4.16478276635129,23.510727603157));
#1928=CARTESIAN_POINT('Ctrl Pts',(67.635845667188,-4.70856883158667,19.4661795778265));
#1929=CARTESIAN_POINT('Ctrl Pts',(63.935334622002,-8.30374641086039,14.5093449574057));
#1930=CARTESIAN_POINT('Ctrl Pts',(60.2351567654604,-13.8171279451102,11.8484521861359));
#1931=CARTESIAN_POINT('Ctrl Pts',(56.5349789089189,-19.9334902306391,12.1170650670622));
#1932=CARTESIAN_POINT('Ctrl Pts',(52.8348010523773,-25.1923581796266,15.2516347621968));
#1933=CARTESIAN_POINT('Ctrl Pts',(49.1346231958358,-28.3384613273482,20.5035913272116));
#1934=CARTESIAN_POINT('Ctrl Pts',(45.4344453392942,-28.6206718284157,26.6192868758665));
#1935=CARTESIAN_POINT('Ctrl Pts',(41.7342674827526,-25.9716533321133,32.1386910853457));
#1936=CARTESIAN_POINT('Ctrl Pts',(38.034089626211,-21.0237771592131,35.7442108632224));
#1937=CARTESIAN_POINT('Ctrl Pts',(34.3339117696695,-14.9582338793242,36.5751045336846));
#1938=CARTESIAN_POINT('Ctrl Pts',(30.6337339131279,-9.22301797984705,34.4330229707557));
#1939=CARTESIAN_POINT('Ctrl Pts',(26.9335560565863,-5.1872722322443,29.8293322253073));
#1940=CARTESIAN_POINT('Ctrl Pts',(23.2333782000448,-3.81442944936798,23.8630507273786));
#1941=CARTESIAN_POINT('Ctrl Pts',(19.5332003435032,-5.43222378161613,17.9584799271934));
#1942=CARTESIAN_POINT('Ctrl Pts',(15.8330224869616,-9.65444339150403,13.525189824155));
#1943=CARTESIAN_POINT('Ctrl Pts',(12.1328446304201,-15.4731451051593,11.6215191965205));
#1944=CARTESIAN_POINT('Ctrl Pts',(8.43266677387847,-21.4992428627308,12.7019208059053));
#1945=CARTESIAN_POINT('Ctrl Pts',(4.7324889173369,-26.2941872509295,16.5084787162533));
#1946=CARTESIAN_POINT('Ctrl Pts',(1.03231106079533,-28.7132356809185,22.1324646221988));
#1947=CARTESIAN_POINT('Ctrl Pts',(-2.66786679574624,-28.1790460634252,28.2313055556145));
#1948=CARTESIAN_POINT('Ctrl Pts',(-6.3680446522878,-24.8188346230006,33.3490218005111));
#1949=CARTESIAN_POINT('Ctrl Pts',(-10.0682225088293,-19.4354375093066,36.2639423480859));
#1950=CARTESIAN_POINT('Ctrl Pts',(-13.7687367630721,-13.3120954378834,36.2800106012742));
#1951=CARTESIAN_POINT('Ctrl Pts',(-16.2358583984678,-9.71371099312698,34.3549781626867));
#1952=CARTESIAN_POINT('Ctrl Pts',(-17.4695874150162,-8.24875209856934,33.0230350987228));
#1953=CARTESIAN_POINT('Ctrl Pts',(72.5097535581153,-2.36918213832243,25.7071312785596));
#1954=CARTESIAN_POINT('Ctrl Pts',(71.2760277506237,-2.1082300383397,23.4075679415243));
#1955=CARTESIAN_POINT('Ctrl Pts',(68.8089093242849,-2.74385392036301,18.6799526507985));
#1956=CARTESIAN_POINT('Ctrl Pts',(65.1083982790989,-6.9462064181454,12.8859783925291));
#1957=CARTESIAN_POINT('Ctrl Pts',(61.4082204225573,-13.390720534848,9.77569826390859));
#1958=CARTESIAN_POINT('Ctrl Pts',(57.7080425660158,-20.5400503693778,10.0896760817513));
#1959=CARTESIAN_POINT('Ctrl Pts',(54.0078647094742,-26.6870671365996,13.7536305032969));
#1960=CARTESIAN_POINT('Ctrl Pts',(50.3076868529327,-30.364502848629,19.892568651018));
#1961=CARTESIAN_POINT('Ctrl Pts',(46.607508996391,-30.6943747333724,27.0411191461949));
#1962=CARTESIAN_POINT('Ctrl Pts',(42.9073311398495,-27.5979742777215,33.4926730832501));
#1963=CARTESIAN_POINT('Ctrl Pts',(39.2071532833079,-21.8144714227373,37.7071144314922));
#1964=CARTESIAN_POINT('Ctrl Pts',(35.5069754267663,-14.7245432090112,38.6783343544212));
#1965=CARTESIAN_POINT('Ctrl Pts',(31.8067975702248,-8.02073002341662,36.1744853489301));
#1966=CARTESIAN_POINT('Ctrl Pts',(28.1066197136832,-3.30340359130218,30.7932959983165));
#1967=CARTESIAN_POINT('Ctrl Pts',(24.4064418571417,-1.69870697466155,23.8193934851733));
#1968=CARTESIAN_POINT('Ctrl Pts',(20.7062640006,-3.5897240115431,16.917623738516));
#1969=CARTESIAN_POINT('Ctrl Pts',(17.0060861440585,-8.52501711808907,11.7356133017296));
#1970=CARTESIAN_POINT('Ctrl Pts',(13.3059082875169,-15.3264156974521,9.51043948469356));
#1971=CARTESIAN_POINT('Ctrl Pts',(9.60573043097535,-22.3702365950355,10.7733057275131));
#1972=CARTESIAN_POINT('Ctrl Pts',(5.90555257443377,-27.9749796382275,15.2227377207266));
#1973=CARTESIAN_POINT('Ctrl Pts',(2.20537471789221,-30.8025713184344,21.7965357315935));
#1974=CARTESIAN_POINT('Ctrl Pts',(-1.49480313864936,-30.1781645891802,28.9253851041173));
#1975=CARTESIAN_POINT('Ctrl Pts',(-5.19498099519094,-26.2504607057471,34.907411630058));
#1976=CARTESIAN_POINT('Ctrl Pts',(-8.89515885173251,-19.9578835496954,38.3146212529029));
#1977=CARTESIAN_POINT('Ctrl Pts',(-12.5956731059753,-12.8003951416209,38.3334032080171));
#1978=CARTESIAN_POINT('Ctrl Pts',(-15.0627947413708,-8.5942941838879,36.0832598706621));
#1979=CARTESIAN_POINT('Ctrl Pts',(-16.2965237579192,-6.88192434013278,34.5263703601075));
#1980=CARTESIAN_POINT('Ctrl Pts',(73.6828172152123,-0.350332951392945,25.936222941038));
#1981=CARTESIAN_POINT('Ctrl Pts',(72.4490914077206,-0.0516773103281039,
23.3044082798914));
#1982=CARTESIAN_POINT('Ctrl Pts',(69.9819729813818,-0.779139009139349,17.8937257237705));
#1983=CARTESIAN_POINT('Ctrl Pts',(66.2814619361958,-5.58866642543041,11.2626118276525));
#1984=CARTESIAN_POINT('Ctrl Pts',(62.5812840796542,-12.9643131245857,7.70294434168133));
#1985=CARTESIAN_POINT('Ctrl Pts',(58.8811062231126,-21.1466105081165,8.06228709644043));
#1986=CARTESIAN_POINT('Ctrl Pts',(55.180928366571,-28.1817760935726,12.2556262443971));
#1987=CARTESIAN_POINT('Ctrl Pts',(51.4807505100295,-32.3905443699099,19.2815459748243));
#1988=CARTESIAN_POINT('Ctrl Pts',(47.7805726534879,-32.7680776383289,27.4629514165235));
#1989=CARTESIAN_POINT('Ctrl Pts',(44.0803947969464,-29.2242952233298,34.8466550811545));
#1990=CARTESIAN_POINT('Ctrl Pts',(40.3802169404048,-22.6051656862615,39.670017999762));
#1991=CARTESIAN_POINT('Ctrl Pts',(36.6800390838632,-14.4908525386981,40.7815641751578));
#1992=CARTESIAN_POINT('Ctrl Pts',(32.9798612273216,-6.81844206698619,37.9159477271046));
#1993=CARTESIAN_POINT('Ctrl Pts',(29.2796833707801,-1.41953495036006,31.7572597713257));
#1994=CARTESIAN_POINT('Ctrl Pts',(25.5795055142385,0.417015500044891,23.7757362429679));
#1995=CARTESIAN_POINT('Ctrl Pts',(21.8793276576969,-1.74722424147007,15.8767675498388));
#1996=CARTESIAN_POINT('Ctrl Pts',(18.1791498011554,-7.39559084467411,9.94603677930418));
#1997=CARTESIAN_POINT('Ctrl Pts',(14.4789719446138,-15.1796862897449,7.39935977286664));
#1998=CARTESIAN_POINT('Ctrl Pts',(10.7787940880722,-23.24123032734,8.84469064912085));
#1999=CARTESIAN_POINT('Ctrl Pts',(7.07861623153065,-29.6557720255254,13.9369967251999));
#2000=CARTESIAN_POINT('Ctrl Pts',(3.37843837498908,-32.8919069559503,21.4606068409882));
#2001=CARTESIAN_POINT('Ctrl Pts',(-0.321739481552491,-32.1772831149353,
29.6194646526201));
#2002=CARTESIAN_POINT('Ctrl Pts',(-4.02191733809406,-27.6820867884934,36.4658014596049));
#2003=CARTESIAN_POINT('Ctrl Pts',(-7.72209519463563,-20.4803295900842,40.36530015772));
#2004=CARTESIAN_POINT('Ctrl Pts',(-11.4226094488784,-12.2886948453583,40.38679581476));
#2005=CARTESIAN_POINT('Ctrl Pts',(-13.889731084274,-7.47487737464881,37.8115415786376));
#2006=CARTESIAN_POINT('Ctrl Pts',(-15.1234601008224,-5.51509658169621,36.0297056214922));
#2007=CARTESIAN_POINT('Ctrl Pts',(58.5555759319126,-21.619415921891,8.91732071603886));
#2008=CARTESIAN_POINT('Ctrl Pts',(58.2524027697645,-22.2340638317631,9.13137450782118));
#2009=CARTESIAN_POINT('Ctrl Pts',(57.9492136739844,-22.835953451803,9.38287552224091));
#2010=CARTESIAN_POINT('Ctrl Pts',(57.6460099580274,-23.4206826003916,9.66955823518278));
#2011=CARTESIAN_POINT('Ctrl Pts',(57.3417001713675,-24.0075448091849,9.95728675110514));
#2012=CARTESIAN_POINT('Ctrl Pts',(57.0373756576688,-24.5771205728588,10.2804531280089));
#2013=CARTESIAN_POINT('Ctrl Pts',(56.733037744813,-25.1250032043406,10.6367383771135));
#2014=CARTESIAN_POINT('Ctrl Pts',(56.4311766872162,-25.6684268909464,10.9901239973658));
#2015=CARTESIAN_POINT('Ctrl Pts',(56.129302447673,-26.1905088148073,11.3760906787329));
#2016=CARTESIAN_POINT('Ctrl Pts',(55.8274163219073,-26.6869981701428,11.7923619077928));
#2017=CARTESIAN_POINT('Ctrl Pts',(55.7758843050246,-26.7717489939057,11.8634194827286));
#2018=CARTESIAN_POINT('Ctrl Pts',(55.7243519417946,-26.8557542094731,11.9353600745727));
#2019=CARTESIAN_POINT('Ctrl Pts',(55.6728192386621,-26.9389928262649,12.0081723491769));
#2020=CARTESIAN_POINT('Ctrl Pts',(55.5089205268045,-27.203731550215,12.2397503043324));
#2021=CARTESIAN_POINT('Ctrl Pts',(55.3450183766806,-27.460715454558,12.4801456617651));
#2022=CARTESIAN_POINT('Ctrl Pts',(55.1811129956347,-27.7095179224741,12.728712086261));
#2023=CARTESIAN_POINT('Ctrl Pts',(54.8678276661741,-28.1850737744805,13.2038167697931));
#2024=CARTESIAN_POINT('Ctrl Pts',(54.5545651266056,-28.6307363739046,13.7092077634882));
#2025=CARTESIAN_POINT('Ctrl Pts',(54.2413131151028,-29.0434258586007,14.2403868724861));
#2026=CARTESIAN_POINT('Ctrl Pts',(53.9264520328214,-29.4582351911065,14.7742944708508));
#2027=CARTESIAN_POINT('Ctrl Pts',(53.6116015870418,-29.8397319104325,15.334254615759));
#2028=CARTESIAN_POINT('Ctrl Pts',(53.2967493260105,-30.1848411420642,15.915699433983));
#2029=CARTESIAN_POINT('Ctrl Pts',(52.983563794386,-30.5281234733491,16.4940662651736));
#2030=CARTESIAN_POINT('Ctrl Pts',(52.6703764666777,-30.8354028655719,17.0936899219636));
#2031=CARTESIAN_POINT('Ctrl Pts',(52.3571750878344,-31.1037016154501,17.7100908684327));
#2032=CARTESIAN_POINT('Ctrl Pts',(52.2241799994608,-31.2176296450211,17.9718339637279));
#2033=CARTESIAN_POINT('Ctrl Pts',(52.0911823775034,-31.3245295814329,18.2366024854238));
#2034=CARTESIAN_POINT('Ctrl Pts',(51.9581812836423,-31.4241758609909,18.5040549618252));
#2035=CARTESIAN_POINT('Ctrl Pts',(51.7991190589424,-31.5433475042414,18.8239138792434));
#2036=CARTESIAN_POINT('Ctrl Pts',(51.6400518684181,-31.6521442960097,19.1476115381638));
#2037=CARTESIAN_POINT('Ctrl Pts',(51.4809781070272,-31.7505043537168,19.4744463710458));
#2038=CARTESIAN_POINT('Ctrl Pts',(51.1672120103519,-31.9445153025097,20.1191139068747));
#2039=CARTESIAN_POINT('Ctrl Pts',(50.8534710505772,-32.0977044123856,20.7763290870142));
#2040=CARTESIAN_POINT('Ctrl Pts',(50.5397424126285,-32.2095022549451,21.4406469774469));
#2041=CARTESIAN_POINT('Ctrl Pts',(50.2243719138456,-32.321885177975,22.1084414951104));
#2042=CARTESIAN_POINT('Ctrl Pts',(49.9090138661957,-32.3924431348144,22.7834122787217));
#2043=CARTESIAN_POINT('Ctrl Pts',(49.5936552523508,-32.4206440119953,23.4600536565283));
#2044=CARTESIAN_POINT('Ctrl Pts',(49.2799105036504,-32.4487005696279,24.1332322846681));
#2045=CARTESIAN_POINT('Ctrl Pts',(48.9661651945353,-32.434833222337,24.8080637408129));
#2046=CARTESIAN_POINT('Ctrl Pts',(48.652406506507,-32.3785529256368,25.4791639209887));
#2047=CARTESIAN_POINT('Ctrl Pts',(48.5161010556869,-32.3541032083646,25.7707083979853));
#2048=CARTESIAN_POINT('Ctrl Pts',(48.3797930798995,-32.321649386147,26.0615492232427));
#2049=CARTESIAN_POINT('Ctrl Pts',(48.2434815281767,-32.2811528784461,26.3512476447692));
#2050=CARTESIAN_POINT('Ctrl Pts',(48.0892571485518,-32.2353346869707,26.6790156055438));
#2051=CARTESIAN_POINT('Ctrl Pts',(47.9350281914053,-32.1792211518857,27.0053211253643));
#2052=CARTESIAN_POINT('Ctrl Pts',(47.780793134611,-32.1130664172324,27.3295748050523));
#2053=CARTESIAN_POINT('Ctrl Pts',(47.465651588576,-31.9778954269953,27.9921077469677));
#2054=CARTESIAN_POINT('Ctrl Pts',(47.1505363935777,-31.8004526204574,28.6462692667587));
#2055=CARTESIAN_POINT('Ctrl Pts',(46.835433937126,-31.5828517866525,29.2869338063118));
#2056=CARTESIAN_POINT('Ctrl Pts',(46.5187070128601,-31.3641291413745,29.9309012046743));
#2057=CARTESIAN_POINT('Ctrl Pts',(46.2019929588229,-31.1048344067749,30.5612315625373));
#2058=CARTESIAN_POINT('Ctrl Pts',(45.8852779509051,-30.8071424865946,31.1727641298683));
#2059=CARTESIAN_POINT('Ctrl Pts',(45.5701727432543,-30.5109636760575,31.7811883971012));
#2060=CARTESIAN_POINT('Ctrl Pts',(45.2550665913951,-30.1767780280624,32.3710052235153));
#2061=CARTESIAN_POINT('Ctrl Pts',(44.9399458809439,-29.8067397531132,32.937181896707));
#2062=CARTESIAN_POINT('Ctrl Pts',(44.8028966427331,-29.6458063012369,33.1834179553989));
#2063=CARTESIAN_POINT('Ctrl Pts',(44.6658446508089,-29.4780915023184,33.4251832110063));
#2064=CARTESIAN_POINT('Ctrl Pts',(44.5287887852256,-29.3037725820858,33.6620667544966));
#2065=CARTESIAN_POINT('Ctrl Pts',(44.3794013415928,-29.1137693468391,33.9202638542711));
#2066=CARTESIAN_POINT('Ctrl Pts',(44.2300092958781,-28.9159201588758,34.1726612370222));
#2067=CARTESIAN_POINT('Ctrl Pts',(44.0806111978197,-28.7106827309002,34.4188975604632));
#2068=CARTESIAN_POINT('Ctrl Pts',(43.7636654021419,-28.275274645001,34.9412841803202));
#2069=CARTESIAN_POINT('Ctrl Pts',(43.4467477896949,-27.8062161212736,35.4359413681002));
#2070=CARTESIAN_POINT('Ctrl Pts',(43.129843808414,-27.3078771485387,35.8993073829322));
#2071=CARTESIAN_POINT('Ctrl Pts',(42.8113320354061,-26.8070098854543,36.3650242550876));
#2072=CARTESIAN_POINT('Ctrl Pts',(42.4928340322288,-26.2765655124267,36.7991316887133));
#2073=CARTESIAN_POINT('Ctrl Pts',(42.1743350242046,-25.7209838580325,37.1980660606636));
#2074=CARTESIAN_POINT('Ctrl Pts',(41.8574369535508,-25.1681948384987,37.5949951863548));
#2075=CARTESIAN_POINT('Ctrl Pts',(41.5405378881265,-24.5905216186116,37.9571042282387));
#2076=CARTESIAN_POINT('Ctrl Pts',(41.2236232749313,-23.9923238274116,38.2809324505552));
#2077=CARTESIAN_POINT('Ctrl Pts',(41.0871160423635,-23.7346571828175,38.4204176387265));
#2078=CARTESIAN_POINT('Ctrl Pts',(40.9506059251338,-23.4731822433563,38.5528009794713));
#2079=CARTESIAN_POINT('Ctrl Pts',(40.8140917602073,-23.2082459656468,38.6778085194731));
#2080=CARTESIAN_POINT('Ctrl Pts',(40.6695430345971,-22.9277168254551,38.8101733961045));
#2081=CARTESIAN_POINT('Ctrl Pts',(40.5249897708136,-22.6433069568402,38.9342687229934));
#2082=CARTESIAN_POINT('Ctrl Pts',(40.3804305881471,-22.3555364949989,39.0500035532677));
#2083=CARTESIAN_POINT('Ctrl Pts',(40.0619034723157,-21.7214522843591,39.3050180117648));
#2084=CARTESIAN_POINT('Ctrl Pts',(39.7434055668069,-21.070707602735,39.5192503827445));
#2085=CARTESIAN_POINT('Ctrl Pts',(39.4249216906979,-20.4089209353241,39.6916301457978));
#2086=CARTESIAN_POINT('Ctrl Pts',(39.104836018366,-19.74380585017,39.864876882893));
#2087=CARTESIAN_POINT('Ctrl Pts',(38.7847645169088,-19.0675384610874,39.995849585588));
#2088=CARTESIAN_POINT('Ctrl Pts',(38.4646917751944,-18.3857996425245,40.0835089860175));
#2089=CARTESIAN_POINT('Ctrl Pts',(38.1462188082845,-17.707468263718,40.1707302507301));
#2090=CARTESIAN_POINT('Ctrl Pts',(37.8277446134845,-17.0237207690692,40.2150708352604));
#2091=CARTESIAN_POINT('Ctrl Pts',(37.5092540095916,-16.3401174317693,40.2155436173181));
#2092=CARTESIAN_POINT('Ctrl Pts',(37.372637845599,-16.0468865970354,40.2157464166168));
#2093=CARTESIAN_POINT('Ctrl Pts',(37.2360186623813,-15.7536817711992,40.2078780639481));
#2094=CARTESIAN_POINT('Ctrl Pts',(37.0993952617571,-15.4609392934817,40.1918622124158));
#2095=CARTESIAN_POINT('Ctrl Pts',(36.9596841638963,-15.1615808178067,40.1754844016562));
#2096=CARTESIAN_POINT('Ctrl Pts',(36.8199686558476,-14.8627058378106,40.1505866872277));
#2097=CARTESIAN_POINT('Ctrl Pts',(36.6802474563428,-14.5647664524872,40.1173199552839));
#2098=CARTESIAN_POINT('Ctrl Pts',(36.3598463331609,-13.8815479141685,40.0410344787982));
#2099=CARTESIAN_POINT('Ctrl Pts',(36.0394758620708,-13.2030422591713,39.9204100845233));
#2100=CARTESIAN_POINT('Ctrl Pts',(35.7191200446609,-12.5347951343543,39.7572070372371));
#2101=CARTESIAN_POINT('Ctrl Pts',(35.3971775701547,-11.8632383176726,39.5931956785076));
#2102=CARTESIAN_POINT('Ctrl Pts',(35.0752498948415,-11.2020425026515,39.3861839062566));
#2103=CARTESIAN_POINT('Ctrl Pts',(34.7533207814199,-10.5567931300886,39.1379886603779));
#2104=CARTESIAN_POINT('Ctrl Pts',(34.4329874693239,-9.91474225608069,38.8910237173388));
#2105=CARTESIAN_POINT('Ctrl Pts',(34.1126527333415,-9.28848042923453,38.6032835929995));
#2106=CARTESIAN_POINT('Ctrl Pts',(33.7923005764409,-8.68346126813512,38.2765728407462));
#2107=CARTESIAN_POINT('Ctrl Pts',(33.6564365105829,-8.42686751223768,38.1380120406876));
#2108=CARTESIAN_POINT('Ctrl Pts',(33.5205693112591,-8.17409400003395,37.9924417625938));
#2109=CARTESIAN_POINT('Ctrl Pts',(33.3846977581593,-7.92555391058766,37.8399997967992));
#2110=CARTESIAN_POINT('Ctrl Pts',(33.2498249308797,-7.67884071867101,37.6886783578836));
#2111=CARTESIAN_POINT('Ctrl Pts',(33.1149478135939,-7.43629893421076,37.5305859037479));
#2112=CARTESIAN_POINT('Ctrl Pts',(32.980065212704,-7.19822180237783,37.3660350216494));
#2113=CARTESIAN_POINT('Ctrl Pts',(32.6577673384688,-6.62934373369095,36.9728456914175));
#2114=CARTESIAN_POINT('Ctrl Pts',(32.3355012624274,-6.08593597153156,36.5423968370462));
#2115=CARTESIAN_POINT('Ctrl Pts',(32.0132502982593,-5.57210991107011,36.0789468560965));
#2116=CARTESIAN_POINT('Ctrl Pts',(31.6894221326148,-5.05576901803641,35.6132285995622));
#2117=CARTESIAN_POINT('Ctrl Pts',(31.3656092271306,-4.56930011975323,35.1141866076284));
#2118=CARTESIAN_POINT('Ctrl Pts',(31.0417946492803,-4.11682293165036,34.5861478326322));
#2119=CARTESIAN_POINT('Ctrl Pts',(30.7195754010081,-3.6665749521471,34.0607105337085));
#2120=CARTESIAN_POINT('Ctrl Pts',(30.3973544968076,-3.24998434989755,33.5065625016737));
#2121=CARTESIAN_POINT('Ctrl Pts',(30.0751152531848,-2.87106022878023,32.9279557989951));
#2122=CARTESIAN_POINT('Ctrl Pts',(29.9400802992709,-2.71227137160481,32.6854895849112));
#2123=CARTESIAN_POINT('Ctrl Pts',(29.8050421248726,-2.56009633134802,32.4387280942328));
#2124=CARTESIAN_POINT('Ctrl Pts',(29.6699995022954,-2.41482767949894,32.1879830051483));
#2125=CARTESIAN_POINT('Ctrl Pts',(29.5399647960092,-2.27494616568282,31.9465365389174));
#2126=CARTESIAN_POINT('Ctrl Pts',(29.4099259653391,-2.14146828389707,31.7013964604477));
#2127=CARTESIAN_POINT('Ctrl Pts',(29.2798819141715,-2.01449212242534,31.45293400348));
#2128=CARTESIAN_POINT('Ctrl Pts',(28.955529562657,-1.69779161832812,30.8332256703655));
#2129=CARTESIAN_POINT('Ctrl Pts',(28.6312101687673,-1.42170352453544,30.1925063959344));
#2130=CARTESIAN_POINT('Ctrl Pts',(28.306906340059,-1.18784932257988,29.5365841456912));
#2131=CARTESIAN_POINT('Ctrl Pts',(27.9810367450905,-0.952866052797176,28.8774950474563));
#2132=CARTESIAN_POINT('Ctrl Pts',(27.6551828659662,-0.760524900378737,28.2030568983045));
#2133=CARTESIAN_POINT('Ctrl Pts',(27.329327057108,-0.612422420278653,27.5191417914606));
#2134=CARTESIAN_POINT('Ctrl Pts',(27.005067110608,-0.465045264591125,26.8385761242936));
#2135=CARTESIAN_POINT('Ctrl Pts',(26.6808052532293,-0.361473822546723,26.1486268996259));
#2136=CARTESIAN_POINT('Ctrl Pts',(26.3565240973813,-0.3032430987052,25.4550461589135));
#2137=CARTESIAN_POINT('Ctrl Pts',(26.222786596101,-0.279228038428452,25.1690050075047));
#2138=CARTESIAN_POINT('Ctrl Pts',(26.0890458124635,-0.262924309907516,24.8823457235075));
#2139=CARTESIAN_POINT('Ctrl Pts',(25.9553005268225,-0.254438122955248,24.595469638248));
#2140=CARTESIAN_POINT('Ctrl Pts',(25.8301040695186,-0.246494362266038,24.3269303070294));
#2141=CARTESIAN_POINT('Ctrl Pts',(25.7049036673425,-0.245400685710247,24.0582009965518));
#2142=CARTESIAN_POINT('Ctrl Pts',(25.5796983198921,-0.251076722072482,23.7896147023129));
#2143=CARTESIAN_POINT('Ctrl Pts',(25.2531843376855,-0.265878847329282,23.0891879051845));
#2144=CARTESIAN_POINT('Ctrl Pts',(24.9267043865663,-0.327027332769115,22.3895167974579));
#2145=CARTESIAN_POINT('Ctrl Pts',(24.6002403992826,-0.433160478101159,21.6965968892174));
#2146=CARTESIAN_POINT('Ctrl Pts',(24.2722215580319,-0.539799105043654,21.0003768029785));
#2147=CARTESIAN_POINT('Ctrl Pts',(23.9442188330412,-0.691850875497596,20.3109730489067));
#2148=CARTESIAN_POINT('Ctrl Pts',(23.6162138976797,-0.887902026894165,19.6344258292108));
#2149=CARTESIAN_POINT('Ctrl Pts',(23.2898071706693,-1.08299791648329,18.9611750947194));
#2150=CARTESIAN_POINT('Ctrl Pts',(22.9633982547758,-1.32166444332355,18.3006562712062));
#2151=CARTESIAN_POINT('Ctrl Pts',(22.6369690899556,-1.60249170053386,17.6587732125895));
#2152=CARTESIAN_POINT('Ctrl Pts',(22.5048500899927,-1.71615377605767,17.3989773458682));
#2153=CARTESIAN_POINT('Ctrl Pts',(22.3727277729596,-1.83672228829999,17.1422337060521));
#2154=CARTESIAN_POINT('Ctrl Pts',(22.2406009414329,-1.96410354018029,16.8889313027187));
#2155=CARTESIAN_POINT('Ctrl Pts',(22.1202427786604,-2.08013881682178,16.6581907972607));
#2156=CARTESIAN_POINT('Ctrl Pts',(21.9998808697989,-2.2018272351679,16.4303057814615));
#2157=CARTESIAN_POINT('Ctrl Pts',(21.8795143097383,-2.32896546151466,16.2055025739135));
#2158=CARTESIAN_POINT('Ctrl Pts',(21.5506481807958,-2.67633317160158,15.5912941043603));
#2159=CARTESIAN_POINT('Ctrl Pts',(21.2218170883058,-3.0647522898217,15.0000504542021));
#2160=CARTESIAN_POINT('Ctrl Pts',(20.8930023091489,-3.49008804798457,14.4364965056767));
#2161=CARTESIAN_POINT('Ctrl Pts',(20.5626422690476,-3.91742266622614,13.8702941424148));
#2162=CARTESIAN_POINT('Ctrl Pts',(20.2322986959683,-4.38202047948388,13.3320424340621));
#2163=CARTESIAN_POINT('Ctrl Pts',(19.9019526015819,-4.87967982219123,12.8264812430847));
#2164=CARTESIAN_POINT('Ctrl Pts',(19.573208488412,-5.37492581437691,12.3233717218726));
#2165=CARTESIAN_POINT('Ctrl Pts',(19.2444618783295,-5.90291238986474,11.8526362466631));
#2166=CARTESIAN_POINT('Ctrl Pts',(18.9156940579138,-6.45950775812896,11.4188955718965));
#2167=CARTESIAN_POINT('Ctrl Pts',(18.7857665120763,-6.67947171363912,11.2474832319324));
#2168=CARTESIAN_POINT('Ctrl Pts',(18.6558356536209,-6.90390395977915,11.0818481789681));
#2169=CARTESIAN_POINT('Ctrl Pts',(18.5259003275288,-7.13255039833534,10.9222735537657));
#2170=CARTESIAN_POINT('Ctrl Pts',(18.4103806043188,-7.33582978423745,10.7804028470907));
#2171=CARTESIAN_POINT('Ctrl Pts',(18.2948573498004,-7.54244015207936,10.6433223997921));
#2172=CARTESIAN_POINT('Ctrl Pts',(18.1793297523109,-7.75212832415721,10.51112283899));
#2173=CARTESIAN_POINT('Ctrl Pts',(17.8480423362827,-8.35343099303395,10.1320268320624));
#2174=CARTESIAN_POINT('Ctrl Pts',(17.5167908386389,-8.98038056784479,9.79320785996846));
#2175=CARTESIAN_POINT('Ctrl Pts',(17.1855559411816,-9.62696521420736,9.49690382148083));
#2176=CARTESIAN_POINT('Ctrl Pts',(16.8527866746209,-10.2765450144976,9.19922722302033));
#2177=CARTESIAN_POINT('Ctrl Pts',(16.520034162396,-10.9459410837175,8.94445982468378));
#2178=CARTESIAN_POINT('Ctrl Pts',(16.1872788166021,-11.6290755689379,8.73482132062436));
#2179=CARTESIAN_POINT('Ctrl Pts',(15.8561340845352,-12.3089035234197,8.52619751597281));
#2180=CARTESIAN_POINT('Ctrl Pts',(15.5249865462632,-13.0023363726599,8.36226611269839));
#2181=CARTESIAN_POINT('Ctrl Pts',(15.1938168969371,-13.7034165847298,8.24517504031875));
#2182=CARTESIAN_POINT('Ctrl Pts',(15.0662813820476,-13.9734069839318,8.20008253188605));
#2183=CARTESIAN_POINT('Ctrl Pts',(14.9387425879373,-14.2445319480054,8.16193640094807));
#2184=CARTESIAN_POINT('Ctrl Pts',(14.8111994120309,-14.516452880795,8.13085808614732));
#2185=CARTESIAN_POINT('Ctrl Pts',(14.7005179885793,-14.7524247051873,8.10388845726538));
#2186=CARTESIAN_POINT('Ctrl Pts',(14.589833265331,-14.9889959619707,8.0822413672951));
#2187=CARTESIAN_POINT('Ctrl Pts',(14.4791445217416,-15.2259329189508,8.06588117154338));
#2188=CARTESIAN_POINT('Ctrl Pts',(14.1451367851935,-15.9408997180956,8.01651362272755));
#2189=CARTESIAN_POINT('Ctrl Pts',(13.8111659296616,-16.6594206068179,8.01556865933401));
#2190=CARTESIAN_POINT('Ctrl Pts',(13.4772119460448,-17.3749888031298,8.06213475960045));
#2191=CARTESIAN_POINT('Ctrl Pts',(13.1417332774601,-18.09382396473,8.10891345991529));
#2192=CARTESIAN_POINT('Ctrl Pts',(12.8062716352014,-18.809678669872,8.20363702418209));
#2193=CARTESIAN_POINT('Ctrl Pts',(12.4708067348563,-19.5159963120623,8.34534692565571));
#2194=CARTESIAN_POINT('Ctrl Pts',(12.1369550025479,-20.2189174467704,8.48637537913494));
#2195=CARTESIAN_POINT('Ctrl Pts',(11.8031000434125,-20.9123926097661,8.67393834841784));
#2196=CARTESIAN_POINT('Ctrl Pts',(11.4692218642611,-21.5900070838578,8.90707233188689));
#2197=CARTESIAN_POINT('Ctrl Pts',(11.344984025711,-21.8421510180478,8.99382272172186));
#2198=CARTESIAN_POINT('Ctrl Pts',(11.2207429720628,-22.0920993494657,9.08688287130095));
#2199=CARTESIAN_POINT('Ctrl Pts',(11.0964976732162,-22.3395234119387,9.18620290105679));
#2200=CARTESIAN_POINT('Ctrl Pts',(10.9906550250531,-22.5503001434086,9.27081209804514));
#2201=CARTESIAN_POINT('Ctrl Pts',(10.8848092961187,-22.7592450125974,9.35996412838351));
#2202=CARTESIAN_POINT('Ctrl Pts',(10.7789598495853,-22.9661930284986,9.45353450317248));
#2203=CARTESIAN_POINT('Ctrl Pts',(10.442072938705,-23.6248462390072,9.75134082663431));
#2204=CARTESIAN_POINT('Ctrl Pts',(10.1052234195319,-24.2633307778982,10.0942529791498));
#2205=CARTESIAN_POINT('Ctrl Pts',(9.76839090739802,-24.8762207735011,10.478275943252));
#2206=CARTESIAN_POINT('Ctrl Pts',(9.43003858565347,-25.49187616755,10.8640316432704));
#2207=CARTESIAN_POINT('Ctrl Pts',(9.09170342476801,-26.0817053695134,11.2912687214613));
#2208=CARTESIAN_POINT('Ctrl Pts',(8.75336476289594,-26.6402601288476,11.7559268676827));
#2209=CARTESIAN_POINT('Ctrl Pts',(8.4166632062268,-27.1961122325126,12.2183366918691));
#2210=CARTESIAN_POINT('Ctrl Pts',(8.07995818236924,-27.720991948373,12.7178052287647));
#2211=CARTESIAN_POINT('Ctrl Pts',(7.7432293279555,-28.2095805755026,13.2503376370475));
#2212=CARTESIAN_POINT('Ctrl Pts',(7.62275414659905,-28.3843882959892,13.4408676068589));
#2213=CARTESIAN_POINT('Ctrl Pts',(7.50227591475903,-28.5545509577078,13.6356301327768));
#2214=CARTESIAN_POINT('Ctrl Pts',(7.38179369982263,-28.7198264852675,13.8344428596788));
#2215=CARTESIAN_POINT('Ctrl Pts',(7.28078933544986,-28.8583826166961,14.0011143731512));
#2216=CARTESIAN_POINT('Ctrl Pts',(7.17978217173992,-28.993504066071,14.1706323880618));
#2217=CARTESIAN_POINT('Ctrl Pts',(7.07877165921147,-29.1251160779116,14.3428336432946));
#2218=CARTESIAN_POINT('Ctrl Pts',(6.73927059671931,-29.5674702125271,14.9216101255697));
#2219=CARTESIAN_POINT('Ctrl Pts',(6.39980797733127,-29.970063841264,15.5310270169579));
#2220=CARTESIAN_POINT('Ctrl Pts',(6.0603625583486,-30.3299579779309,16.1648502548857));
#2221=CARTESIAN_POINT('Ctrl Pts',(5.71942214728703,-30.6914371673145,16.8014649893756));
#2222=CARTESIAN_POINT('Ctrl Pts',(5.37849908847318,-31.0098403991441,17.462700340101));
#2223=CARTESIAN_POINT('Ctrl Pts',(5.03757185729786,-31.2822398529726,18.1422550987589));
#2224=CARTESIAN_POINT('Ctrl Pts',(4.69827709176307,-31.5533349734766,18.8185559378325));
#2225=CARTESIAN_POINT('Ctrl Pts',(4.35897819372825,-31.7788664819661,19.5130002716974));
#2226=CARTESIAN_POINT('Ctrl Pts',(4.01965394630561,-31.9559893498634,20.2194079105627));
#2227=CARTESIAN_POINT('Ctrl Pts',(3.90213769389143,-32.0173313135169,20.4640540831446));
#2228=CARTESIAN_POINT('Ctrl Pts',(3.78461840105745,-32.072867432362,20.710135474033));
#2229=CARTESIAN_POINT('Ctrl Pts',(3.6670951864894,-32.1224804462372,20.9573965105381));
#2230=CARTESIAN_POINT('Ctrl Pts',(3.57092941857605,-32.1630773069965,21.1597228980348));
#2231=CARTESIAN_POINT('Ctrl Pts',(3.47476102480115,-32.1997082668244,21.3628391469292));
#2232=CARTESIAN_POINT('Ctrl Pts',(3.37858952230459,-32.2323834949456,21.5665906695939));
#2233=CARTESIAN_POINT('Ctrl Pts',(3.03415645374793,-32.349408068706,22.2963157997279));
#2234=CARTESIAN_POINT('Ctrl Pts',(2.68976213688992,-32.4154356384669,23.0344180066205));
#2235=CARTESIAN_POINT('Ctrl Pts',(2.34538509126992,-32.4308597893957,23.7737167757303));
#2236=CARTESIAN_POINT('Ctrl Pts',(1.9994798289877,-32.4463523869435,24.5162962765605));
#2237=CARTESIAN_POINT('Ctrl Pts',(1.65359199157019,-32.4107924551093,25.2600821642883));
#2238=CARTESIAN_POINT('Ctrl Pts',(1.30769981131906,-32.324615204506,25.9978357917673));
#2239=CARTESIAN_POINT('Ctrl Pts',(0.963468744178091,-32.2388518116565,26.7320464301512));
#2240=CARTESIAN_POINT('Ctrl Pts',(0.61923337581537,-32.1029571263011,27.4602821408192));
#2241=CARTESIAN_POINT('Ctrl Pts',(0.274972250640598,-31.9173807829243,28.1754550310015));
#2242=CARTESIAN_POINT('Ctrl Pts',(0.167444128258408,-31.859417003971,28.3988354606707));
#2243=CARTESIAN_POINT('Ctrl Pts',(0.0599134930626678,-31.7966064144278,
28.6209418633908));
#2244=CARTESIAN_POINT('Ctrl Pts',(-0.0476203087433015,-31.7289628903757,
28.8415592894038));
#2245=CARTESIAN_POINT('Ctrl Pts',(-0.138945659898107,-31.6715151996621,
29.0289232955408));
#2246=CARTESIAN_POINT('Ctrl Pts',(-0.230273295006688,-31.6105817033374,
29.2152133690237));
#2247=CARTESIAN_POINT('Ctrl Pts',(-0.321603614549901,-31.5462329077363,
29.4003171644584));
#2248=CARTESIAN_POINT('Ctrl Pts',(-0.664706203393964,-31.3044923940692,
30.0957006004975));
#2249=CARTESIAN_POINT('Ctrl Pts',(-1.00777054303678,-31.0142310020546,30.7744162300831));
#2250=CARTESIAN_POINT('Ctrl Pts',(-1.35081886402543,-30.6791685122395,31.4304071989251));
#2251=CARTESIAN_POINT('Ctrl Pts',(-1.69524361914379,-30.342761630342,32.0890302411605));
#2252=CARTESIAN_POINT('Ctrl Pts',(-2.03965222680481,-29.9611946839386,32.7247456728139));
#2253=CARTESIAN_POINT('Ctrl Pts',(-2.38406718622167,-29.5382455658205,33.3314742402297));
#2254=CARTESIAN_POINT('Ctrl Pts',(-2.72675939754082,-29.1174120201208,33.9351679787079));
#2255=CARTESIAN_POINT('Ctrl Pts',(-3.06945789723232,-28.6556103685016,34.5101642018743));
#2256=CARTESIAN_POINT('Ctrl Pts',(-3.4121848485752,-28.1565571953771,35.0505254844303));
#2257=CARTESIAN_POINT('Ctrl Pts',(-3.52889957238734,-27.9866060052516,35.2345440379907));
#2258=CARTESIAN_POINT('Ctrl Pts',(-3.64561759580675,-27.8123345492754,35.4145463226618));
#2259=CARTESIAN_POINT('Ctrl Pts',(-3.76233979415214,-27.6338891422941,35.5902991508489));
#2260=CARTESIAN_POINT('Ctrl Pts',(-3.84883378677612,-27.5016567483363,35.7205362783221));
#2261=CARTESIAN_POINT('Ctrl Pts',(-3.93533007192337,-27.3671323620732,35.8484399712643));
#2262=CARTESIAN_POINT('Ctrl Pts',(-4.02182900576903,-27.2304140252611,35.9739547831468));
#2263=CARTESIAN_POINT('Ctrl Pts',(-4.40870456611077,-26.6189269142462,36.53533295302));
#2264=CARTESIAN_POINT('Ctrl Pts',(-4.79551247158635,-25.963204616835,37.048779218886));
#2265=CARTESIAN_POINT('Ctrl Pts',(-5.18230341864732,-25.2720010883244,37.509231599702));
#2266=CARTESIAN_POINT('Ctrl Pts',(-5.57209339925152,-24.5754382240202,37.9732541574976));
#2267=CARTESIAN_POINT('Ctrl Pts',(-5.96186615744301,-23.8428428419261,38.3834589194203));
#2268=CARTESIAN_POINT('Ctrl Pts',(-6.35167357808482,-23.0831383406675,38.7347035836628));
#2269=CARTESIAN_POINT('Ctrl Pts',(-6.52766479897558,-22.7401450685729,38.893284395669));
#2270=CARTESIAN_POINT('Ctrl Pts',(-6.70366308533647,-22.3916253915099,39.0398474095144));
#2271=CARTESIAN_POINT('Ctrl Pts',(-6.87967321205753,-22.0383973907173,39.1739209396581));
#2272=CARTESIAN_POINT('Ctrl Pts',(66.8163681251294,-5.1632317990092,12.5434247940045));
#2273=CARTESIAN_POINT('Ctrl Pts',(65.578138701521,-7.07565343300007,10.6969752374894));
#2274=CARTESIAN_POINT('Ctrl Pts',(63.1016798543043,-11.8314524476654,7.97201238275932));
#2275=CARTESIAN_POINT('Ctrl Pts',(59.3869915834791,-20.053867787699,7.76983672546256));
#2276=CARTESIAN_POINT('Ctrl Pts',(55.672303312654,-27.3821190108857,11.5015260674551));
#2277=CARTESIAN_POINT('Ctrl Pts',(51.9576150418289,-32.0551436895395,18.2690573451962));
#2278=CARTESIAN_POINT('Ctrl Pts',(48.2429267710038,-32.9478763476869,26.4445202342564));
#2279=CARTESIAN_POINT('Ctrl Pts',(44.5282385001786,-29.8459782843845,34.0611463574249));
#2280=CARTESIAN_POINT('Ctrl Pts',(40.8135502293535,-23.4954520428873,39.2866851238928));
#2281=CARTESIAN_POINT('Ctrl Pts',(37.0988619585284,-15.4240904848797,40.8640545956922));
#2282=CARTESIAN_POINT('Ctrl Pts',(33.3841736877032,-7.57351836867565,38.4138041771861));
#2283=CARTESIAN_POINT('Ctrl Pts',(29.6694854168781,-1.83231118664854,32.5253701379207));
#2284=CARTESIAN_POINT('Ctrl Pts',(25.954797146053,0.418420514974678,24.6152911666157));
#2285=CARTESIAN_POINT('Ctrl Pts',(22.2401088752278,-1.36277014927711,16.5864370783412));
#2286=CARTESIAN_POINT('Ctrl Pts',(18.5254206044027,-6.74739250412561,10.3702501241961));
#2287=CARTESIAN_POINT('Ctrl Pts',(14.8107323335776,-14.4401092857262,7.46211480357326));
#2288=CARTESIAN_POINT('Ctrl Pts',(11.0960440627525,-22.5903370311853,8.56161607182571));
#2289=CARTESIAN_POINT('Ctrl Pts',(7.38135579192733,-29.2374398821579,13.4042634215407));
#2290=CARTESIAN_POINT('Ctrl Pts',(3.6666675211022,-32.7823625865086,20.8250783950343));
#2291=CARTESIAN_POINT('Ctrl Pts',(-0.0480207497229278,-32.3723505121003,
29.0389282258166));
#2292=CARTESIAN_POINT('Ctrl Pts',(-3.76270902054804,-28.1059915736766,36.0697849661993));
#2293=CARTESIAN_POINT('Ctrl Pts',(-7.47739729137318,-21.0097103646081,40.2264612888332));
#2294=CARTESIAN_POINT('Ctrl Pts',(-11.1920855621983,-12.7904031247934,40.5086451651299));
#2295=CARTESIAN_POINT('Ctrl Pts',(-14.9067738330234,-5.42578655554519,36.8492471103629));
#2296=CARTESIAN_POINT('Ctrl Pts',(-18.6218005125513,-0.686238415990435,
30.1263014254419));
#2297=CARTESIAN_POINT('Ctrl Pts',(-21.0985977684707,-0.0394105999119904,
24.6826025028029));
#2298=CARTESIAN_POINT('Ctrl Pts',(-22.3371656007818,-0.38238211648959,22.045754008173));
#2299=CARTESIAN_POINT('Ctrl Pts',(67.9894028639602,-6.57446772400282,14.0050829823369));
#2300=CARTESIAN_POINT('Ctrl Pts',(66.7511734403518,-8.24545940377352,12.3917348632746));
#2301=CARTESIAN_POINT('Ctrl Pts',(64.274714593135,-12.4008718101809,10.01077965078));
#2302=CARTESIAN_POINT('Ctrl Pts',(60.5600263223099,-19.5852642980148,9.8341272666035));
#2303=CARTESIAN_POINT('Ctrl Pts',(56.8453380514848,-25.9883746809802,13.0947167365866));
#2304=CARTESIAN_POINT('Ctrl Pts',(53.1306497806596,-30.071462436633,19.007894174396));
#2305=CARTESIAN_POINT('Ctrl Pts',(49.4159615098345,-30.8514937945249,26.1512616322225));
#2306=CARTESIAN_POINT('Ctrl Pts',(45.7012732390094,-28.141188826651,32.8063415861023));
#2307=CARTESIAN_POINT('Ctrl Pts',(41.9865849681842,-22.5923724343355,37.372192361836));
#2308=CARTESIAN_POINT('Ctrl Pts',(38.2718966973592,-15.5399642372442,38.7504298887776));
#2309=CARTESIAN_POINT('Ctrl Pts',(34.557208426534,-8.68047234776923,36.6095065746367));
#2310=CARTESIAN_POINT('Ctrl Pts',(30.8425201557089,-3.66405271389007,31.4644464521167));
#2311=CARTESIAN_POINT('Ctrl Pts',(27.1278318848837,-1.6974602637931,24.5529600348682));
#2312=CARTESIAN_POINT('Ctrl Pts',(23.4131436140586,-3.2537879726775,17.5376930345664));
#2313=CARTESIAN_POINT('Ctrl Pts',(19.6984553432335,-7.95863913820356,12.1062565272311));
#2314=CARTESIAN_POINT('Ctrl Pts',(15.9837670724084,-14.6802038331512,9.56525310097979));
#2315=CARTESIAN_POINT('Ctrl Pts',(12.2690788015832,-21.8015219090601,10.5259499674512));
#2316=CARTESIAN_POINT('Ctrl Pts',(8.55439053075813,-27.6094741729008,14.7572467095565));
#2317=CARTESIAN_POINT('Ctrl Pts',(4.83970225993301,-30.7068749966088,21.2412353119804));
#2318=CARTESIAN_POINT('Ctrl Pts',(1.12501398910787,-30.3486241000677,28.4181436266397));
#2319=CARTESIAN_POINT('Ctrl Pts',(-2.58967428171723,-26.6208633582358,34.5614035155807));
#2320=CARTESIAN_POINT('Ctrl Pts',(-6.30436255254237,-20.4204383855682,38.1933283103899));
#2321=CARTESIAN_POINT('Ctrl Pts',(-10.0190508233675,-13.2387616218786,38.4398884313782));
#2322=CARTESIAN_POINT('Ctrl Pts',(-13.7337390941927,-6.80387676532408,35.2424639754938));
#2323=CARTESIAN_POINT('Ctrl Pts',(-17.4487657737205,-2.66266367386701,29.3682435089483));
#2324=CARTESIAN_POINT('Ctrl Pts',(-19.9255630296399,-2.09749337893795,24.6117737821738));
#2325=CARTESIAN_POINT('Ctrl Pts',(-21.1641308619509,-2.39716712264244,22.3078091035544));
#2326=CARTESIAN_POINT('Ctrl Pts',(69.162437602791,-7.98570364899644,15.4667411706691));
#2327=CARTESIAN_POINT('Ctrl Pts',(67.9242081791826,-9.41526537454698,14.0864944890598));
#2328=CARTESIAN_POINT('Ctrl Pts',(65.4477493319659,-12.9702911726963,12.0495469188006));
#2329=CARTESIAN_POINT('Ctrl Pts',(61.7330610611408,-19.1166608083306,11.8984178077444));
#2330=CARTESIAN_POINT('Ctrl Pts',(58.0183727903156,-24.5946303510746,14.6879074057181));
#2331=CARTESIAN_POINT('Ctrl Pts',(54.3036845194905,-28.0877811837264,19.7467310035957));
#2332=CARTESIAN_POINT('Ctrl Pts',(50.5889962486654,-28.7551112413629,25.8580030301885));
#2333=CARTESIAN_POINT('Ctrl Pts',(46.8743079778403,-26.4363993689174,31.5515368147797));
#2334=CARTESIAN_POINT('Ctrl Pts',(43.1596197070151,-21.6892928257835,35.4576995997792));
#2335=CARTESIAN_POINT('Ctrl Pts',(39.44493143619,-15.6558379896088,36.6368051818629));
#2336=CARTESIAN_POINT('Ctrl Pts',(35.7302431653648,-9.78742632686283,34.8052089720873));
#2337=CARTESIAN_POINT('Ctrl Pts',(32.0155548945397,-5.4957942411316,30.4035227663126));
#2338=CARTESIAN_POINT('Ctrl Pts',(28.3008666237146,-3.81334104256089,24.4906289031208));
#2339=CARTESIAN_POINT('Ctrl Pts',(24.5861783528895,-5.1448057960779,18.4889489907915));
#2340=CARTESIAN_POINT('Ctrl Pts',(20.8714900820644,-9.16988577228149,13.8422629302662));
#2341=CARTESIAN_POINT('Ctrl Pts',(17.1568018112392,-14.9202983805761,11.6683913983863));
#2342=CARTESIAN_POINT('Ctrl Pts',(13.4421135404141,-21.0127067869349,12.4902838630767));
#2343=CARTESIAN_POINT('Ctrl Pts',(9.72742526958894,-25.9815084636438,16.1102299975723));
#2344=CARTESIAN_POINT('Ctrl Pts',(6.01273699876381,-28.6313874067089,21.6573922289266));
#2345=CARTESIAN_POINT('Ctrl Pts',(2.29804872793867,-28.3248976880351,27.7973590274626));
#2346=CARTESIAN_POINT('Ctrl Pts',(-1.41663954288644,-25.1357351427948,33.053022064962));
#2347=CARTESIAN_POINT('Ctrl Pts',(-5.13132781371158,-19.8311664065283,36.1601953319467));
#2348=CARTESIAN_POINT('Ctrl Pts',(-8.8460160845367,-13.6871201189639,36.3711316976264));
#2349=CARTESIAN_POINT('Ctrl Pts',(-12.5607043553618,-8.18196697510294,33.6356808406247));
#2350=CARTESIAN_POINT('Ctrl Pts',(-16.2757310348897,-4.63908893174358,28.6101855924549));
#2351=CARTESIAN_POINT('Ctrl Pts',(-18.7525282908091,-4.15557615796391,24.5409450615446));
#2352=CARTESIAN_POINT('Ctrl Pts',(-19.9910961231202,-4.4119521287953,22.5698641989358));
#2353=CARTESIAN_POINT('Ctrl Pts',(70.3354723416218,-9.39693957399006,16.9283993590015));
#2354=CARTESIAN_POINT('Ctrl Pts',(69.0972429180134,-10.5850713453205,15.781254114845));
#2355=CARTESIAN_POINT('Ctrl Pts',(66.6207840707967,-13.5397105352118,14.0883141868211));
#2356=CARTESIAN_POINT('Ctrl Pts',(62.9060957999715,-18.6480573186464,13.9627083488854));
#2357=CARTESIAN_POINT('Ctrl Pts',(59.1914075291464,-23.200886021169,16.2810980748497));
#2358=CARTESIAN_POINT('Ctrl Pts',(55.4767192583213,-26.1040999308198,20.4855678327956));
#2359=CARTESIAN_POINT('Ctrl Pts',(51.7620309874961,-26.6587286882009,25.5647444281546));
#2360=CARTESIAN_POINT('Ctrl Pts',(48.047342716671,-24.7316099111837,30.2967320434571));
#2361=CARTESIAN_POINT('Ctrl Pts',(44.3326544458459,-20.7862132172317,33.5432068377223));
#2362=CARTESIAN_POINT('Ctrl Pts',(40.6179661750208,-15.7717117419732,34.5231804749482));
#2363=CARTESIAN_POINT('Ctrl Pts',(36.9032779041956,-10.8943803059564,33.0009113695379));
#2364=CARTESIAN_POINT('Ctrl Pts',(33.1885896333705,-7.32753576837313,29.3425990805086));
#2365=CARTESIAN_POINT('Ctrl Pts',(29.4739013625453,-5.92922182132866,24.4282977713734));
#2366=CARTESIAN_POINT('Ctrl Pts',(25.7592130917203,-7.03582361947831,19.4402049470167));
#2367=CARTESIAN_POINT('Ctrl Pts',(22.0445248208951,-10.3811324063594,15.5782693333013));
#2368=CARTESIAN_POINT('Ctrl Pts',(18.32983655007,-15.160392928001,13.7715296957928));
#2369=CARTESIAN_POINT('Ctrl Pts',(14.6151482792449,-20.2238916648096,14.4546177587021));
#2370=CARTESIAN_POINT('Ctrl Pts',(10.9004600084197,-24.3535427543867,17.4632132855883));
#2371=CARTESIAN_POINT('Ctrl Pts',(7.1857717375946,-26.5558998168092,22.0735491458727));
#2372=CARTESIAN_POINT('Ctrl Pts',(3.47108346676946,-26.3011712760026,27.1765744282857));
#2373=CARTESIAN_POINT('Ctrl Pts',(-0.243604804055643,-23.6506069273539,
31.5446406143435));
#2374=CARTESIAN_POINT('Ctrl Pts',(-3.95829307488077,-19.2418944274884,34.1270623535035));
#2375=CARTESIAN_POINT('Ctrl Pts',(-7.67298134570589,-14.1354786160491,34.3023749638747));
#2376=CARTESIAN_POINT('Ctrl Pts',(-11.387669616531,-9.56005718488183,32.0288977057555));
#2377=CARTESIAN_POINT('Ctrl Pts',(-15.1026962960589,-6.61551418962015,27.8521276759614));
#2378=CARTESIAN_POINT('Ctrl Pts',(-17.5794935519783,-6.21365893698986,24.4701163409155));
#2379=CARTESIAN_POINT('Ctrl Pts',(-18.8180613842893,-6.42673713494815,22.8319192943172));
#2380=CARTESIAN_POINT('Ctrl Pts',(-15.4495383434325,-27.4229611975214,12.5126931214661));
#2381=CARTESIAN_POINT('Ctrl Pts',(-14.2109102180342,-25.5034485702147,10.6804501129252));
#2382=CARTESIAN_POINT('Ctrl Pts',(-11.7339984253412,-20.7402383595308,7.98899288385633));
#2383=CARTESIAN_POINT('Ctrl Pts',(-8.01880296535374,-12.5324948278878,7.83986692773437));
#2384=CARTESIAN_POINT('Ctrl Pts',(-4.30395196347011,-5.24446100206575,11.6137816742115));
#2385=CARTESIAN_POINT('Ctrl Pts',(-0.589100961586464,-0.629519401221583,
18.4010882230297));
#2386=CARTESIAN_POINT('Ctrl Pts',(3.12575004029718,0.199591027219633,26.5666642224011));
#2387=CARTESIAN_POINT('Ctrl Pts',(6.84060104218082,-2.95649064167962,34.1431235511845));
#2388=CARTESIAN_POINT('Ctrl Pts',(10.5554520440645,-9.33756274629264,39.3051168471915));
#2389=CARTESIAN_POINT('Ctrl Pts',(14.2703030459481,-17.4061602611275,40.8089609634201));
#2390=CARTESIAN_POINT('Ctrl Pts',(17.9851540478317,-25.2183734131619,38.2923447360499));
#2391=CARTESIAN_POINT('Ctrl Pts',(21.7000050497154,-30.8920030775102,32.3615881017635));
#2392=CARTESIAN_POINT('Ctrl Pts',(25.414856051599,-33.0601224411811,24.4455771799212));
#2393=CARTESIAN_POINT('Ctrl Pts',(29.1297070534827,-31.2003667339334,16.4514996061719));
#2394=CARTESIAN_POINT('Ctrl Pts',(32.8445580553663,-25.7608053285086,10.3053512787742));
#2395=CARTESIAN_POINT('Ctrl Pts',(36.55940905725,-18.051978632774,7.48791246577733));
#2396=CARTESIAN_POINT('Ctrl Pts',(40.2742600591336,-9.9311603734623,8.67797911203509));
#2397=CARTESIAN_POINT('Ctrl Pts',(43.9891110610172,-3.35487822752885,13.5888389864113));
#2398=CARTESIAN_POINT('Ctrl Pts',(47.7039620629009,0.0924494923919792,21.037311620031));
#2399=CARTESIAN_POINT('Ctrl Pts',(51.4188130647845,-0.419716771763271,29.2288891060926));
#2400=CARTESIAN_POINT('Ctrl Pts',(55.1336640666682,-4.76801992602499,36.189912532293));
#2401=CARTESIAN_POINT('Ctrl Pts',(58.8485150685518,-11.9047497537645,40.243447146665));
#2402=CARTESIAN_POINT('Ctrl Pts',(62.5633660704355,-20.1106397383009,40.412520292135));
#2403=CARTESIAN_POINT('Ctrl Pts',(66.2782170723191,-27.4082629948888,36.6571821762111));
#2404=CARTESIAN_POINT('Ctrl Pts',(69.9934093531468,-32.0405349894803,29.8799236399205));
#2405=CARTESIAN_POINT('Ctrl Pts',(72.47031796668,-32.6052847432139,24.4381330187094));
#2406=CARTESIAN_POINT('Ctrl Pts',(73.7089429129186,-32.2234204952974,21.8121500251714));
#2407=CARTESIAN_POINT('Ctrl Pts',(-16.6138026264866,-26.0305835683942,13.9713975119353));
#2408=CARTESIAN_POINT('Ctrl Pts',(-15.3751745010882,-24.352266178859,12.3693839282045));
#2409=CARTESIAN_POINT('Ctrl Pts',(-12.8982627083952,-20.1875743644484,10.0161201848581));
#2410=CARTESIAN_POINT('Ctrl Pts',(-9.18306724840778,-13.0111700511676,9.88573256363073));
#2411=CARTESIAN_POINT('Ctrl Pts',(-5.46821624652414,-6.63890985793316,13.1854382574259));
#2412=CARTESIAN_POINT('Ctrl Pts',(-1.7533652446405,-2.60385604781396,19.1198897671148));
#2413=CARTESIAN_POINT('Ctrl Pts',(1.96148575724315,-1.8789270058778,26.2594250847566));
#2414=CARTESIAN_POINT('Ctrl Pts',(5.67633675912679,-4.63843307650928,32.8838688428811));
#2415=CARTESIAN_POINT('Ctrl Pts',(9.39118776101043,-10.2176952937504,37.3972348870044));
#2416=CARTESIAN_POINT('Ctrl Pts',(13.1060387628941,-17.2724379016736,38.7121143493802));
#2417=CARTESIAN_POINT('Ctrl Pts',(16.8208897647777,-24.1030119741199,36.5117220638093));
#2418=CARTESIAN_POINT('Ctrl Pts',(20.5357407666613,-29.0637250176276,31.326191189553));
#2419=CARTESIAN_POINT('Ctrl Pts',(24.250591768545,-30.9594106093094,24.4048619954236));
#2420=CARTESIAN_POINT('Ctrl Pts',(27.9654427704286,-29.3333414189543,17.4152755689247));
#2421=CARTESIAN_POINT('Ctrl Pts',(31.6802937723123,-24.5772849240418,12.0414179189194));
#2422=CARTESIAN_POINT('Ctrl Pts',(35.3951447741959,-17.8371063431292,9.57800273397299));
#2423=CARTESIAN_POINT('Ctrl Pts',(39.1099957760796,-10.7367047578681,10.6185322510529));
#2424=CARTESIAN_POINT('Ctrl Pts',(42.8248467779632,-4.98676150300358,14.912320896924));
#2425=CARTESIAN_POINT('Ctrl Pts',(46.5396977798469,-1.97260573374063,21.4248600532935));
#2426=CARTESIAN_POINT('Ctrl Pts',(50.2545487817304,-2.42041604518989,28.5871296560059));
#2427=CARTESIAN_POINT('Ctrl Pts',(53.9693997836141,-6.22233570695713,34.673469750338));
#2428=CARTESIAN_POINT('Ctrl Pts',(57.6842507854977,-12.4623039175936,38.2176598408864));
#2429=CARTESIAN_POINT('Ctrl Pts',(61.3991017873814,-19.6370875901467,38.365488199038));
#2430=CARTESIAN_POINT('Ctrl Pts',(65.113952789265,-26.0177322598264,35.0820249001365));
#2431=CARTESIAN_POINT('Ctrl Pts',(68.8291450700927,-30.0679388231913,29.1563588258314));
#2432=CARTESIAN_POINT('Ctrl Pts',(71.306053683626,-30.5617252765561,24.3983532259399));
#2433=CARTESIAN_POINT('Ctrl Pts',(72.5446786298646,-30.2278439576198,22.10233659131));
#2434=CARTESIAN_POINT('Ctrl Pts',(-17.7780669095406,-24.6382059392669,15.4301019024047));
#2435=CARTESIAN_POINT('Ctrl Pts',(-16.5394387841423,-23.2010837875034,14.0583177434837));
#2436=CARTESIAN_POINT('Ctrl Pts',(-14.0625269914493,-19.6349103693661,12.04324748586));
#2437=CARTESIAN_POINT('Ctrl Pts',(-10.3473315314618,-13.4898452744474,11.9315981995271));
#2438=CARTESIAN_POINT('Ctrl Pts',(-6.63248052957817,-8.03335871380055,14.7570948406402));
#2439=CARTESIAN_POINT('Ctrl Pts',(-2.91762952769453,-4.57819269440633,19.8386913111999));
#2440=CARTESIAN_POINT('Ctrl Pts',(0.797221474189111,-3.95744503897523,25.9521859471121));
#2441=CARTESIAN_POINT('Ctrl Pts',(4.51207247607276,-6.32037551133895,31.6246141345775));
#2442=CARTESIAN_POINT('Ctrl Pts',(8.2269234779564,-11.0978278412082,35.4893529268174));
#2443=CARTESIAN_POINT('Ctrl Pts',(11.94177447984,-17.1387155422198,36.6152677353403));
#2444=CARTESIAN_POINT('Ctrl Pts',(15.6566254817237,-22.9876505350778,34.7310993915686));
#2445=CARTESIAN_POINT('Ctrl Pts',(19.3714764836073,-27.2354469577448,30.2907942773425));
#2446=CARTESIAN_POINT('Ctrl Pts',(23.0863274854909,-28.8586987774377,24.364146810926));
#2447=CARTESIAN_POINT('Ctrl Pts',(26.8011784873746,-27.4663161039752,18.3790515316775));
#2448=CARTESIAN_POINT('Ctrl Pts',(30.5160294892582,-23.393764519575,13.7774845590647));
#2449=CARTESIAN_POINT('Ctrl Pts',(34.2308804911419,-17.6222340534844,11.6680930021687));
#2450=CARTESIAN_POINT('Ctrl Pts',(37.9457314930255,-11.5422491422739,12.5590853900706));
#2451=CARTESIAN_POINT('Ctrl Pts',(41.6605824949092,-6.61864477847832,16.2358028074368));
#2452=CARTESIAN_POINT('Ctrl Pts',(45.3754334967928,-4.03766095987324,21.8124084865558));
#2453=CARTESIAN_POINT('Ctrl Pts',(49.0902844986764,-4.4211153186165,27.9453702059192));
#2454=CARTESIAN_POINT('Ctrl Pts',(52.8051355005601,-7.67665148788928,33.157026968383));
#2455=CARTESIAN_POINT('Ctrl Pts',(56.5199865024437,-13.0198580814228,36.1918725351079));
#2456=CARTESIAN_POINT('Ctrl Pts',(60.2348375043274,-19.1635354419925,36.3184561059409));
#2457=CARTESIAN_POINT('Ctrl Pts',(63.949688506211,-24.627201524764,33.5068676240621));
#2458=CARTESIAN_POINT('Ctrl Pts',(67.6648807870387,-28.0953426569024,28.4327940117423));
#2459=CARTESIAN_POINT('Ctrl Pts',(70.1417894005719,-28.5181658098984,24.3585734331703));
#2460=CARTESIAN_POINT('Ctrl Pts',(71.3804143468106,-28.2322674199424,22.3925231574487));
#2461=CARTESIAN_POINT('Ctrl Pts',(-18.9423311925947,-23.2458283101397,16.8888062928739));
#2462=CARTESIAN_POINT('Ctrl Pts',(-17.7037030671962,-22.0499013961477,15.747251558763));
#2463=CARTESIAN_POINT('Ctrl Pts',(-15.2267912745034,-19.0822463742836,14.0703747868618));
#2464=CARTESIAN_POINT('Ctrl Pts',(-11.5115958145158,-13.9685204977271,13.9774638354234));
#2465=CARTESIAN_POINT('Ctrl Pts',(-7.7967448126322,-9.42780756966796,16.3287514238547));
#2466=CARTESIAN_POINT('Ctrl Pts',(-4.08189381074856,-6.5525293409987,20.557492855285));
#2467=CARTESIAN_POINT('Ctrl Pts',(-0.367042808864923,-6.03596307207266,
25.6449468094676));
#2468=CARTESIAN_POINT('Ctrl Pts',(3.34780819301873,-8.00231794616862,30.365359426274));
#2469=CARTESIAN_POINT('Ctrl Pts',(7.06265919490236,-11.9779603886659,33.5814709666303));
#2470=CARTESIAN_POINT('Ctrl Pts',(10.7775101967861,-17.0049931827659,34.5184211213004));
#2471=CARTESIAN_POINT('Ctrl Pts',(14.4923611986697,-21.8722890960358,32.950476719328));
#2472=CARTESIAN_POINT('Ctrl Pts',(18.2072122005533,-25.4071688978622,29.255397365132));
#2473=CARTESIAN_POINT('Ctrl Pts',(21.922063202437,-26.757986945566,24.3234316264284));
#2474=CARTESIAN_POINT('Ctrl Pts',(25.6369142043206,-25.5992907889961,19.3428274944303));
#2475=CARTESIAN_POINT('Ctrl Pts',(29.3517652062042,-22.2102441151082,15.51355119921));
#2476=CARTESIAN_POINT('Ctrl Pts',(33.0666162080879,-17.4073617638395,13.7581832703644));
#2477=CARTESIAN_POINT('Ctrl Pts',(36.7814672099715,-12.3477935266797,14.4996385290884));
#2478=CARTESIAN_POINT('Ctrl Pts',(40.4963182118552,-8.25052805395305,17.5592847179495));
#2479=CARTESIAN_POINT('Ctrl Pts',(44.2111692137388,-6.10271618600585,22.1999569198183));
#2480=CARTESIAN_POINT('Ctrl Pts',(47.9260202156225,-6.42181459204311,27.3036107558325));
#2481=CARTESIAN_POINT('Ctrl Pts',(51.6408712175061,-9.13096726882143,31.6405841864279));
#2482=CARTESIAN_POINT('Ctrl Pts',(55.3557222193897,-13.5774122452519,34.1660852293294));
#2483=CARTESIAN_POINT('Ctrl Pts',(59.0705732212735,-18.6899832938383,34.2714240128437));
#2484=CARTESIAN_POINT('Ctrl Pts',(62.785424223157,-23.2366707897016,31.9317103479876));
#2485=CARTESIAN_POINT('Ctrl Pts',(66.5006165039848,-26.1227464906133,27.7092291976531));
#2486=CARTESIAN_POINT('Ctrl Pts',(68.9775251175179,-26.4746063432406,24.3187936404008));
#2487=CARTESIAN_POINT('Ctrl Pts',(70.2161500637565,-26.2366908822649,22.6827097235872));
#2488=CARTESIAN_POINT('Origin',(84.6110251129679,-16.3419528584586,24.1215520810498));
#2489=CARTESIAN_POINT('Origin',(-33.2739748870321,-16.3419528584586,24.1215520810498));
#2490=CARTESIAN_POINT('',(1.59941504485062E-14,-32.6946407141853,-7.00044152276731));
#2491=UNCERTAINTY_MEASURE_WITH_UNIT(LENGTH_MEASURE(0.01),#2497,
'DISTANCE_ACCURACY_VALUE',
'Maximum model space distance between geometric entities at asserted c
onnectivities');
#2492=UNCERTAINTY_MEASURE_WITH_UNIT(LENGTH_MEASURE(0.01),#2497,
'DISTANCE_ACCURACY_VALUE',
'Maximum model space distance between geometric entities at asserted c
onnectivities');
#2493=UNCERTAINTY_MEASURE_WITH_UNIT(LENGTH_MEASURE(0.01),#2497,
'DISTANCE_ACCURACY_VALUE',
'Maximum model space distance between geometric entities at asserted c
onnectivities');
#2494=(
GEOMETRIC_REPRESENTATION_CONTEXT(3)
GLOBAL_UNCERTAINTY_ASSIGNED_CONTEXT((#2491))
GLOBAL_UNIT_ASSIGNED_CONTEXT((#2497,#2499,#2500))
REPRESENTATION_CONTEXT('','3D')
);
#2495=(
GEOMETRIC_REPRESENTATION_CONTEXT(3)
GLOBAL_UNCERTAINTY_ASSIGNED_CONTEXT((#2492))
GLOBAL_UNIT_ASSIGNED_CONTEXT((#2497,#2499,#2500))
REPRESENTATION_CONTEXT('','3D')
);
#2496=(
GEOMETRIC_REPRESENTATION_CONTEXT(3)
GLOBAL_UNCERTAINTY_ASSIGNED_CONTEXT((#2493))
GLOBAL_UNIT_ASSIGNED_CONTEXT((#2497,#2499,#2500))
REPRESENTATION_CONTEXT('','3D')
);
#2497=(
LENGTH_UNIT()
NAMED_UNIT(*)
SI_UNIT(.MILLI.,.METRE.)
);
#2498=(
LENGTH_UNIT()
NAMED_UNIT(*)
SI_UNIT($,.METRE.)
);
#2499=(
NAMED_UNIT(*)
PLANE_ANGLE_UNIT()
SI_UNIT($,.RADIAN.)
);
#2500=(
NAMED_UNIT(*)
SI_UNIT($,.STERADIAN.)
SOLID_ANGLE_UNIT()
);
#2501=SHAPE_DEFINITION_REPRESENTATION(#2503,#2506);
#2502=SHAPE_DEFINITION_REPRESENTATION(#2504,#2507);
#2503=PRODUCT_DEFINITION_SHAPE('',$,#2509);
#2504=PRODUCT_DEFINITION_SHAPE('',$,#2510);
#2505=PRODUCT_DEFINITION_SHAPE($,$,#14);
#2506=SHAPE_REPRESENTATION('',(#412,#437),#2494);
#2507=SHAPE_REPRESENTATION('',(#413),#2495);
#2508=PRODUCT_DEFINITION_CONTEXT('part definition',#2516,'design');
#2509=PRODUCT_DEFINITION('screw wheels ','screw_right v1',#2511,#2508);
#2510=PRODUCT_DEFINITION('Component48','Component48',#2512,#2508);
#2511=PRODUCT_DEFINITION_FORMATION('',$,#2518);
#2512=PRODUCT_DEFINITION_FORMATION('',$,#2519);
#2513=PRODUCT_RELATED_PRODUCT_CATEGORY('screw_right v1',
'screw_right v1',(#2518));
#2514=PRODUCT_RELATED_PRODUCT_CATEGORY('Component48','Component48',(#2519));
#2515=APPLICATION_PROTOCOL_DEFINITION('international standard',
'automotive_design',2009,#2516);
#2516=APPLICATION_CONTEXT(
'Core Data for Automotive Mechanical Design Process');
#2517=PRODUCT_CONTEXT('part definition',#2516,'mechanical');
#2518=PRODUCT('screw wheels ','screw_right v1',$,(#2517));
#2519=PRODUCT('Component48','Component48',$,(#2517));
#2520=PRESENTATION_STYLE_ASSIGNMENT((#2522));
#2521=PRESENTATION_STYLE_ASSIGNMENT((#2523));
#2522=SURFACE_STYLE_USAGE(.BOTH.,#2524);
#2523=SURFACE_STYLE_USAGE(.BOTH.,#2525);
#2524=SURFACE_SIDE_STYLE('',(#2526));
#2525=SURFACE_SIDE_STYLE('',(#2527));
#2526=SURFACE_STYLE_FILL_AREA(#2528);
#2527=SURFACE_STYLE_FILL_AREA(#2529);
#2528=FILL_AREA_STYLE('Steel - Satin',(#2530));
#2529=FILL_AREA_STYLE('Opaque(160,160,160)',(#2531));
#2530=FILL_AREA_STYLE_COLOUR('Steel - Satin',#2532);
#2531=FILL_AREA_STYLE_COLOUR('Opaque(160,160,160)',#2533);
#2532=COLOUR_RGB('Steel - Satin',0.627450980392157,0.627450980392157,0.627450980392157);
#2533=COLOUR_RGB('Opaque(160,160,160)',0.627450980392157,0.627450980392157,
0.627450980392157);
ENDSEC;
END-ISO-10303-21;
